:020000041000EA
:1000000000B5324B212058609868022188439860DF
:10001000D860186158612E4B002199600221596106
:100020000121F02299502B49196001219960352056
:1000300000F044F80222904214D00621196600F024
:1000400034F8196E01211966002018661A6600F04E
:100050002CF8196E196E196E052000F02FF8012189
:100060000842F9D1002199601B49196000215960AB
:100070001A491B48016001219960EB211966A021F2
:10008000196600F012F800219960164914480160C1
:100090000121996001BC002800D000471248134993
:1000A000086003C880F30888084703B5996A0420EC
:1000B0000142FBD001200142F8D103BD02B5186610
:1000C0001866FFF7F2FF186E186E02BD00000240BE
:1000D000000000180000070000035F00212200005C
:1000E000F4000018222000A00001001008ED00E03C
:1000F00000000000000000000000000074B24E7A12
:1001000000200420F7010010C3010010C5010010F9
:10011000C1010010C1010010C1010010C101001097
:10012000C1010010C1010010C1010010C701001081
:10013000C1010010C1010010C9010010CB01001065
:10014000CD010010CD010010CD010010CD01001037
:10015000CD010010CD010010CD010010CD01001027
:10016000CD010010CD010010CD010010CD01001017
:10017000CD010010CD010010CD010010CD01001007
:10018000CD010010CD010010CD010010CD010010F7
:10019000CD010010CD010010CD010010CD010010E7
:1001A000CD010010CD010010CD010010CD010010D7
:1001B000CD010010CD010010CD010010CD010010C7
:1001C00000BE00BE00BE00BE00BE00BEEFF3058054
:1001D000103800BEF2EB88713C2F0510602F05101F
:1001E0003802001090A31AE71E481F49086006C88D
:1001F00081F3088810471D480068002801D019487D
:10020000F3E70DA40ECC002902D000F012F8F9E7B4
:100210001749184A002000E001C19142FCD116495B
:100220008847164988471649884700BEFDE701C937
:1002300001C29A42FBD37047602F0510E0000020F6
:10024000F817002078460510000004200000042064
:100250007846051000100420001004200000000063
:10026000704700000000000008ED00E0000000D032
:10027000F817002004E40020E94A0010B50400103B
:10028000E14A0010F8B5C04606480749091A8B1024
:10029000C90FC91810B5491003D0044B002B00D06A
:1002A000984710BDF8170020F81700200000000044
:1002B000054B10B5002B03D00449054800E000BFF2
:1002C000FFF7E2FF10BDC0460000000034D200205E
:1002D0007C8C011010B504001F2100F0D3FF002218
:1002E0002000002100F0E8FF0021200001F06AF862
:1002F00010BDC046802230B50C4C0500A54400213D
:100300006846D20002F0E8FF002422B200216846CD
:1003100008CD083400F048FD402CF6D16846044969
:1003200000F0F6FC034B9D4430BDC046FCFBFFFFD4
:10033000501100200404000010B50E4C8022A5448A
:10034000040000216846D20002F0C6FF6846236818
:100350000022002100F028FD082268466368002181
:1003600000F022FD6846044900F0D2FC8023DB0047
:100370009D4410BD00FCFFFF50110020802230B5CD
:100380000C4C0500A54400216846D20002F0A4FFF1
:10039000002422B20021684608CD083400F004FD94
:1003A000282CF6D16846044900F0B2FC034B9D446A
:1003B00030BDC046FCFBFFFF5011002004040000CC
:1003C000F0B5CE46474680B5C5B002AB98460600AC
:1003D0000F003248190000F0E3FD404612F072FBB6
:1003E0002F4B0100180004F089FD0AF069FE414618
:1003F0005022050000F044FE802104AC3300294A5D
:1004000000974900200004F013FB2100280000F0B1
:10041000ADFED025062000F0E9FF40232D06012186
:1004200006200022AB6200F047FF01236A681E4EDF
:100430009209934333701D4B994643464F4603CF71
:1004400003C34046FFF778FF194801F0ABFF402394
:100450009846062000F0CAFF4346012106200022EC
:10046000AB6200F029FF01236A689209934333705D
:100470004B462200083383CB83C203CB03C2200048
:10048000FFF77CFF3378002BE3D0C82001F08AFF10
:1004900045B0C0BCB946B046F0BDC046808C011026
:1004A000948C0110A88C0110F5E3002018AF011006
:1004B000983A0000F0B5DE4657464E464546E0B550
:1004C000A5B004F043FCC64CC649200017F0A0FDBF
:1004D00003210E2000F0D6FE03210F2000F0D2FEF3
:1004E000002201210E2000F0E7FE002201210F2052
:1004F00000F0E2FEBC4800F0D3FB3C234022802108
:10050000BA48009400F0D8FB17F09EFC1A20FFF7C1
:10051000E1FE1B20FFF7DEFEB54BB64C9A46B64B0C
:10052000B64F0E93B64BB74D9946FA239B009846AB
:100530001CAE3900280000F001FD002821D15046F2
:1005400004F054FC32000E9B1C3303CB03C230007A
:10055000FFF7F2FE01F0C4FF002900D15CE3FA22AC
:100560000023920002F018FB4B4618602368C31A60
:100570004345DED320603900280000F0DFFC00286E
:10058000DDD0A14B80219B461F68A04BA04C02935D
:10059000A04B09010393A04B9846A04B0D93A04B91
:1005A0000593A04B0693A04B0793A04B0893A04B39
:1005B0000993A04B0A93A04B0B93A04B0C93A04B19
:1005C0001293A04B0F93A04B1493A04B1093A04BEE
:1005D0001593A04B1193A04B1693A04B1393A04BD4
:1005E0001793A04B1893A04B1993A04B99465B46C9
:1005F0000493E0222368D20113409D4A1360042231
:100600004B461A60FC3223681342FCD06568994B54
:10061000ADB29D4200D88FE0994207D8012301373F
:10062000FA0FBF181F40049BBF1A1F60002F53D141
:100630000520D02700F0DAFE20233F06002201210A
:100640000520BB6200F038FE01237A68642052095D
:100650009343029A137001F0A5FE029A1378002BBF
:1006600000D1BAE04346A8461D00062000F0BEFEB9
:10067000402300220121BB62062000F01DFE012163
:100680007B6804229B099943039B19704B461A60AF
:10069000FC3223681342FCD06368764A9BB29A46C8
:1006A0002B68924551D9904507D803330320DA17B8
:1006B000920F9B1803409B1A2B60002B53D0012BE9
:1006C00000D1D9E0022B00D121E1032B00D15FE161
:1006D000002942D1D046C8E7012F01D0290088E780
:1006E000052000F083FED0231B069B4620235A469C
:1006F000012193620520002200F0DEFD5B465B686D
:1007000064205B099F43029B1F7001F04BFE029B1C
:100710001B78002B00D07AE10E9B4433320083CB50
:1007200083C283CB83C203CB03C23000FFF7E2FD59
:10073000049B29001F685CE7FA239B009D4200D3BD
:1007400074E7994200D271E768E7FA229200924575
:10075000B3D29045B1D30133A8E7A8465546049BD0
:1007600029001F6845E70D9B05991A781BA804F01E
:1007700049F9069B300033601BAB7360079BB36085
:10078000089BF360099B33610A9B73610B9BB36108
:100790000C9BF361FFF7AEFDC82001F003FE0520BE
:1007A00000F024FED0231B069B46202398465B4680
:1007B000424601219A620520002200F07DFD5B4641
:1007C00042465B6813405A425A4102990A70002B14
:1007D00000D192E0039B19787AE70E9B24339DE7C2
:1007E00088120020801A06005011002060E30020CB
:1007F000588D0110BCE3002018AF0110708D01105E
:10080000B4E300207C8D011054D20020F4E30020DA
:1008100000C00440F5E3002058D2002064110020FD
:10082000188D01101C8D0110E08F0110248D011016
:10083000308D0110388D0110448D0110148E01107F
:1008400058340020601100205C3400205C1100202E
:1008500060340020581100206434002044E200205D
:1008600048E200204CE2002050E2002000E004407A
:1008700000D00440B80B00000F9B05991A781BA804
:1008800004F0C0F8069B300033601BAB7360079B1D
:10089000B360089BF360099B33610A9B73610B9BF8
:1008A000B3610C9BF361FFF725FDC82001F07AFDD1
:1008B000052000F09BFDD0231B069B462023984675
:1008C0005B46424601219A620520002200F0F4FCBA
:1008D0005B4642465B6813405A425A4102990A708D
:1008E000002B00D076E7149B0320196801311960B2
:1008F000FFF766FD039B1978EAE6129B0120196851
:1009000001311960FFF75CFD039B1978E0E6109B4D
:1009100005991A781BA804F075F8069B300033601F
:100920001BAB7360079BB360089BF360099B33614B
:100930000A9B73610B9BB3610C9BF361FFF7DAFCBD
:10094000C82001F02FFD052000F050FDD0231B062C
:100950009B46202398465B46424601219A62052029
:10096000002200F0A9FC5B4642465B6813405A42F5
:100970005A4102990A70002B00D02BE7159B0520E5
:10098000196801311960FFF71BFD039B19789FE679
:10099000119B05991A781BA804F034F8069B3000C7
:1009A00033601BAB7360079BB360089BF360099BCC
:1009B00033610A9B73610B9BB3610C9BF361FFF77F
:1009C00099FCC82001F0EEFC052000F00FFDD023BB
:1009D0001B069B46202398465B46424601219A62AD
:1009E0000520002200F068FC5B4642465B6813402D
:1009F0005A425A4102990A70002B00D0EAE6169B2F
:100A00000720196801311960FFF7DAFCE2E6C246F7
:100A10004027A846062000F0E9FC5B4600220121A1
:100A20009F62062000F048FC5B4601215B680422BF
:100A30009B099943039B19704B461A60FC3223684B
:100A40001342FCD053466568944AADB21B68954288
:100A500018D9904508D803330320DA17920F9B1852
:100A600003409B1A52461360002B13D0012B4DD02C
:100A7000022B00D191E0032B00D1D2E0002940D11C
:100A8000A846C7E7FA2292009542EDD29045EBD3F3
:100A90000133E1E70D9B05991A781BA803F0B2FF1B
:100AA000069B300033601BAB7360079BB360089BF1
:100AB000F360099B33610A9B73610B9BB3610C9BD1
:100AC000F361FFF717FCC82001F06CFC052000F073
:100AD0008DFC202398465B46424601219A62052000
:100AE000002200F0E9FB5B4642465B6813405A4235
:100AF0005A4102990A70002B45D0039B19780029AE
:100B0000BED0049BD04629001F6872E50F9B059953
:100B10001A781BA803F076FF069B300033601BABEE
:100B20007360079BB360089BF360099B33610A9B6A
:100B300073610B9BB3610C9BF361FFF7DBFBC82078
:100B400001F030FC052000F051FC202398465B4664
:100B5000424601219A620520002200F0ADFB5B466F
:100B600042465B6813405A425A4102990A70002B70
:100B7000C3D1179B0420196801311960FFF720FCCD
:100B8000039B19787AE7139B0220196801311960D9
:100B9000FFF716FC039B197870E7109B05991A78EC
:100BA0001BA803F02FFF069B300033601BAB736064
:100BB000079BB360089BF360099B33610A9B7361D9
:100BC0000B9BB3610C9BF361FFF794FBC82001F012
:100BD000E9FB052000F00AFCD0231B06190098460B
:100BE000202300228B620520012100F065FB414695
:100BF00020224B6813405A425A4102990A70002B36
:100C000000D07AE7189B0620196801311960FFF7B8
:100C1000D7FB039B197831E7FA21890001F07EFFA9
:100C2000A2E4119B05991A781BA803F0EBFE069B22
:100C3000300033601BAB7360079BB360089BF360AD
:100C4000099B33610A9B73610B9BB3610C9BF3613E
:100C5000FFF750FBC82001F0A5FB052000F0C6FB04
:100C6000D0231B0619009846202300228B62052002
:100C7000012100F021FB414620224B6813405A42DB
:100C80005A4102990A70002B00D036E7199B0820C0
:100C9000196801311960FFF793FB2EE7B80B0000CC
:100CA000037842788178D21AC37801325B1A013313
:100CB000534343607047C046F0B54746CE4680B5C3
:100CC0008BB003AC2200104B802723CB23C223CB55
:100CD00023C21B880026138026236B4499460B4BA6
:100CE00002AD984623782F706B702A0002233C21B6
:100CF00040460096013417F0B3F94C45F2D10BB0E1
:100D0000C0BCB946B046F0BDA4B0011088120020A6
:100D1000F0B557464E464546DE462123E0B587B03E
:100D200004AC23700B78834663704B788A46A370BB
:100D30002223E3704B880027A38016236B44994637
:100D400080239846174E03AD424623782A706B7075
:100D50002A0002233C2130000097013417F080F96B
:100D60004C45F1D153465B685D1C2800984602F063
:100D700095FA40230400424659460370013002F0C0
:100D8000B1FA2B0022003C213000009717F068F9DF
:100D9000200002F095FA07B0F0BCBB46B246A94667
:100DA000A046F0BD88120020F0B5DE4657464E46FC
:100DB0004546E0B585B078294DDC382A4BDC1C78F7
:100DC000002C48D00725D6173540AA18D210D201DA
:100DD0000292294A0392294A93462AE0303C092C80
:100DE00040D8FF242240153A5C46D200A45C5A4405
:100DF000A24654781779A14694785679A046D478BB
:100E00009579A446D27901925446029A8A1884545C
:100E10004C4682185470444694706446D470019CC9
:100E2000177156719571D4711C78083109B2002C74
:100E300011D001337829F7DC0326039D22002D5DB4
:100E40003540022D01D1203AD4B22500413D192D63
:100E5000C4D8403AC8E705B0F0BCBB46B246A94684
:100E6000A046F0BD002200250026002794469046AB
:100E7000914692460192C7E7392E05107CAF0110CA
:100E8000002902D00B681360704701235B42136096
:100E9000FAE7C04610B50400044803F0A7FF002C91
:100EA00001D001232370002010BDC046348E0110F4
:100EB00010B50400034804F021F8002C01D00023F1
:100EC000237010BD548E011070B50D000400111E6A
:100ED0000AD1084803F08AFF01232800064923703D
:100EE00009F094FE002070BD044804F007F80023C8
:100EF0002370F7E7648E0110010F0010908E01102F
:100F000070B50D00141E0DD061895268094803F0B8
:100F1000F5FF200008F092FE2800218909F076FAFA
:100F2000002070BD044803F061FF28000AF090FA29
:100F3000F6E7C046AC8E0110D08E011070B50400EB
:100F40000D0011F0E5FF002819D111F07DFF2100FF
:100F50000D4803F0D3FF290020000C4B0C4A11F080
:100F600081FF002804D10B4803F040FF012070BD31
:100F7000094803F03BFF12F005F80020F7E70748A7
:100F800003F034FF0020F2E7148F011030750000E9
:100F900004004000588F01103C8F0110F48E0110A6
:100FA000F8B5002305000C000B602E48290003F063
:100FB000A5FF16F0F1FC2300210028002A4A07F0C3
:100FC00037FF060016F0F2FC731D1AD0002E12D166
:100FD0002368013B033309D8200011F073FD234B34
:100FE00002002900180003F089FFF8BD29002048FD
:100FF00003F084FFF9E7320029001E4803F07EFF6A
:10100000E6E701F06DFA00291DD1FA21890001F00F
:1010100085FD0600184F2368002BDAD1012001F06E
:10102000C1F901F05DFA002914D0FA2200239200E0
:1010300001F0B2FD801BB842EDD929000F4803F042
:101040005DFF2368C5E7FA220023920001F0A4FDAA
:101050000600DFE7FA21890001F060FD801BB8423D
:10106000D9D9EAE7788F0110810E0010E48F0110C2
:1010700004900110BC8F011088130000948F0110A0
:10108000F0B505000E00170083B0002853D00029EA
:1010900051D06B46DC1D00232100237009F0B2FD06
:1010A00028002A4909F0CEFD2949280009F0AEFDA3
:1010B000284803F09BFE16F06FFC31003A00280030
:1010C000254B09F0EFF9060016F070FC002E25D133
:1010D00001F006FA002932D0FA220023920001F032
:1010E0005BFD06001D4F2078002815D1012001F07E
:1010F00059F901F0F5F9002915D0FA2200239200E0
:1011000001F04AFD801BB842EDD9154803F06EFE90
:1011100028000AF09DF9002003B0F0BD310011480D
:1011200003F0ECFEF7E7FA21890001F0F7FC801BE1
:10113000B842D8D9E9E70C4803F058FEEBE7FA21AA
:10114000890001F0EBFC0600CCE7C046B10E0010B0
:10115000010F001060900110C90E001088130000EC
:10116000AC9001108890011024900110F0B505009A
:101170000E0083B0002855D0002953D06B46DC1DEB
:1011800000232100237009F03DFD2800344909F0B7
:101190004BFD3449280009F055FD16F0FDFB3000E9
:1011A00016F068FF310082B2012328000CF0CCF960
:1011B000060016F0FBFB002E2FD116F0EDFB2800E9
:1011C0000CF0E0FF050016F0F1FB002D43D126489E
:1011D00003F00CFE01F084F9002927D1FA218900DF
:1011E00001F09CFC0600214F2578002D2FD1012015
:1011F00001F0D8F801F074F900291ED0FA2200237A
:10120000920001F0C9FC801BB842EDD9184803F0E8
:10121000EDFD0025280003B0F0BD3100154803F0B6
:101220006DFEF6E7144803F0E1FDF2E7FA22002331
:10123000920001F0B1FC0600D5E7FA21890001F027
:101240006DFC801BB842E1D82578002DCFD00B482B
:1012500003F0CCFDDEE72900094803F04FFED8E794
:10126000950E0010B10E0010489101108813000077
:101270007491011008910110D0900110A0910110FB
:1012800028910110094A83009A1810B51468402269
:10129000544080322240064CC000A44663441A6089
:1012A000044B9C466044416010BDC04604C00140F0
:1012B00004D0014000400140074B8000C3181B6868
:1012C000C90092000A435A400C231340034A944633
:1012D000604403607047C04604C0014004D0014030
:1012E0008000002905D0064B9C4602236044036021
:1012F0007047044B9C46022360440360F8E7C046F5
:1013000004E0014004F00140D0231B061B6830B507
:101310000500584243412F205B4283430E48EC08AE
:101320008446072028408000814020000B4D3C303F
:1013300063448000A40041511B19002A05D080227B
:10134000920194466344196030BDC02292019446D4
:1013500063441960F8E7C046304101400040014055
:10136000D023F0B5C6461B0698461B680C4F9B0061
:101370001600FA5804000D0000B5104209D12900EA
:1013800014430D203200FC5000F0B4F980BCB84684
:10139000F0BD01F0B7FA43461B689B00FA58EEE730
:1013A00028E2002010B504000D2000F09DFAD023A3
:1013B0001B061B6802499B005A58A2435A5010BD95
:1013C00028E200208000002905D0064B9C464023DF
:1013D000604403607047044B9C46402360440360B4
:1013E000F8E7C04604E0014004F001400123D022A8
:1013F0008340120693629361094A83009A18116828
:101400004022514080320A400649C0008C46634465
:101410001A60054B9C460523604443607047C046F4
:1014200004C0014004D00140004001408023DB059E
:101430001868000F7047C0460FB400B5084883B065
:1014400003F0D4FC049B002B07D005A918000191E0
:1014500003F012FB034803F0C9FC012003F024FB56
:10146000B8910110608E0110EFF3108072B6034A3C
:101470001368002BFCD0BFF35F8F70472C0100D0A6
:10148000BFF35F8F0022024B1A6080F31088704711
:101490002C0100D070B5EFF3108C72B60D4D2B6897
:1014A000002BFCD0BFF35F8F0724CB08C618C05CAD
:1014B00001230C40A3401C000440034207D1184301
:1014C0003070BFF35F8F2C608CF3108870BD1000FC
:1014D000FFF7B2FF2C0100D0F8B54746CE4688464C
:1014E00080B5EFF3108C72B6214D2C68002CFCD027
:1014F000BFF35F8F9A422CD8D4080727055D0619E1
:1015000001241740BC402C421FD0072101278946E7
:1015100009E0D408055D06194C4639001440A14085
:101520000C00294211D001329342F2D201204042F4
:10153000BFF35F8F00220E4B1A608CF310880028D7
:101540000FDBC0BCB946B046F8BD2543100035706E
:10155000EEE7BFF35F8F00232B608CF31088012030
:1015600040424346002BECD00898FFF765FFC04689
:101570002C0100D030B5EFF3108C72B60A4C236802
:10158000002BFCD0BFF35F8F072301220B409A4052
:10159000CD08435D93434355BFF35F8F0023236022
:1015A0008CF3108830BDC0462C0100D0044A10785E
:1015B000431CDBB2172B00D9102313707047C046B1
:1015C0006811002010B5064B064C82B00100009354
:1015D00018221F232000FFF77FFF02B010BDC04676
:1015E000C8910110842500200021044B044ABFF358
:1015F0005F8F02C39342FAD17047C046000100D00A
:10160000800100D0054B064A1360064A1360536000
:101610009360D360136153619361704780808080D1
:1016200000E400E004E400E01F2318401E3B834078
:10163000002905D0C021044A490053501360704767
:10164000802201498B50FAE700E100E0012282404C
:10165000034B1B6813405A1E9341D8B27047C046D3
:1016600000E100E001238340014A13607047C04657
:1016700000E200E0084B10309B688000C358002B4C
:1016800007D0064A00209B1A2F229A424041C0B23E
:1016900070470020FCE7C04600ED00E06C11002020
:1016A00070B50D00EFF3108672B60F4A1368002B69
:1016B000FCD0BFF35F8F0D4B10309B6884001B592B
:1016C0000B4A934203D09D4201D001F01BF9074B16
:1016D0009B681D51BFF35F8FBFF35F8F0022024BEA
:1016E0001A6086F3108870BD240100D000ED00E080
:1016F000CD010010F0B557464E46DE464546E0B5F2
:1017000085B0060000911700EFF3108B72B66A4A9D
:101710001368002BFCD0BFF35F8F0025674B5D572C
:101720009A46002D00DAA9E06B00654C01935B1925
:101730009B009846A146C1444B4652469B791036C1
:101740001370604BB6009B6899590B1B2F2B33D934
:101750005D4B994200D0ACE0019B42469C465B4BFE
:101760006544AD0063535A4B0232A218043B9B1AE6
:101770001B05584A5B0D651913436B80564B0121BD
:10178000AB80FF23AB71009BEF71AB604B460B430B
:1017900019004C4B9B689951BFF35F8FBFF35F8F6C
:1017A0000022454B1A608BF3108805B0F0BCBB4695
:1017B000B246A946A046F0BD01200A008243D37973
:1017C0008C46BB4231D84546130044491B1B5B4144
:1017D0005943090D3D4B63533D4B02356519043B9D
:1017E0005B1B1B053B4D5B0D2B43AA464D466B8097
:1017F0000425AC465546E044131F44441B1B1B05FF
:101800005B0D1D434B46997100999D809960494637
:10181000DF71334B01431360BBE75800C0188000F1
:101820002018C179B9422FD902000623D356002BC4
:10183000F3DA02932B4B61460393131D9A4604235C
:101840005B429C46E14450464B461B1A1B055B0D10
:101850009C46204B957198466346404603439380CF
:10186000019B5A199200039BA418A380029B1C4A57
:10187000A371009B2260E771A3608AE701F042F840
:10188000002553465D574FE7908802934005131D8E
:101890009A46031561469C464046D444634604304C
:1018A0002018181AE0230005400D1B02184303906E
:1018B000C5E701F027F84FE7240100D0F8E3002046
:1018C0006C11002000ED00E0CD01001000A1FFFF31
:1018D0009C11002000E0FFFF01BDFFFFAAAA00004D
:1018E0000148804701BD0000F0B5DE4657464E4630
:1018F0004546E0B50C0083B0EFF3108872B6634A3A
:101900001368002BFCD0BFF35F8F614B61499A686D
:10191000030010339F00D55900938D4243D0A54258
:1019200054D05D4EAA1B2F2A3DD85C4B9C461B68A9
:101930009A4601231A0099468240534613401F22BB
:1019400001934B46024093409A468022634650469C
:101950009850BFF35F8FEFF305839B46002B37D082
:10196000009B5B4501D000F0CDFF2A004B469A4317
:101970009068844208D177E04B005B189B00F31815
:101980009868844236D01A00062151560029F3DAAD
:10199000844255D0019B002B27D0C02251463F4B9B
:1019A0005200995019603A4B9B68DD51BFF35F8F2D
:1019B000BFF35F8F0022354B1A6088F3108803B0A5
:1019C000F0BCBB46B246A946A046F0BD0D00EAE712
:1019D0002A004B469A4390688442D5D1062010567F
:1019E000130000280ADA0D0032E0802351462B4A0A
:1019F000D150D8E706201856002822DB42001118E3
:101A0000890074188946A1689960E179D971062125
:101A100061569971002925DBA488F11A6405241503
:101A20004C440919E0240905490D240221439980F9
:101A300013181B4A9B001178F31899711070A9E7CD
:101A400013005946002914D1FF3191711549918035
:101A500013490A789A71144A9B1B5B415A43120D31
:101A60000A7097E71149E2E7062010561300002894
:101A7000C4DA0F4A0F49D21A083A5002400D014306
:101A800099800D4952080A43DA8083E7240100D087
:101A900000ED00E0CD0100106C11002000E100E03D
:101AA000F8E3002001BDFFFFAAAA000001BD00006D
:101AB000A611002000F0FFFF00F8FFFF10B583081B
:101AC000040003202040FF24054AC00094468440BF
:101AD00081409B0063441A68A2430A431A6010BD08
:101AE00000E400E070B501240443EFF30581EFF357
:101AF000108C72B6214A1368002BFCD0BFF35F8FA5
:101B00001F4B05001F4AED1A6D416A43120D1E4D11
:101B10008900AE6852B27658A6421CD006215956AA
:101B200091421CD012215956914222D01E21595661
:101B3000914220D02A2159560324914210D0134BB0
:101B400019781A708171BFF35F8F00220B4B1A60F6
:101B50008CF3108870BDAB680D4C5C50EFE700242F
:101B60006100091989005B18FF2199710949998061
:101B7000E5E70124F4E70224F2E7C046240100D09F
:101B80006C110020AAAA000000ED00E0F8E300209C
:101B9000CD01001001BDFFFF1F2110B5091A024839
:101BA000FFF7E8FC10BDC04603E4002010B5084B69
:101BB000084C82B001000093002205232000FFF7AB
:101BC0008BFC002801DB1F23181A02B010BDC04691
:101BD000E491011003E4002070B504000E0015002C
:101BE000FFF7E4FC0100200000F006F8A680E58085
:101BF000BFF35F8F70BDC046024B9C4661448900B5
:101C0000016070474000003470B5114C114DAC427A
:101C10000FD2FF262368002B0CD0FFF7C7FC010072
:101C20002000FFF7E9FFA680BFF35F8F0834AC42C6
:101C3000F0D370BDFFF7BAFC01002000FFF7DCFF16
:101C40002671BFF35F8F0834AC42E3D3F1E7C0469F
:101C5000F0170020F817002010B50400FFF7A6FCCD
:101C600001002000FFF7C8FFFF232371BFF35F8F40
:101C700010BDC04610B50400FFF798FC010020001D
:101C8000FFF7BAFFFF23A380BFF35F8F10BDC046ED
:101C900010B504000120FFF795FC034BC3189B000F
:101CA0002360BFF35F8F10BD40000034034B9C46A0
:101CB000614489000160BFF35F8F704740000034CA
:101CC0000A4B1968EFF3108072B60A68002AFCD03C
:101CD000BFF35F8F1B68BFF35F8F00221A6080F332
:101CE000108840BF002000217047C0465CE3002000
:101CF000F0B5DE4657464E464546E0B583B0EFF3B5
:101D0000058203231340B54A99005258009190462A
:101D100001229A40B24B93461A60B24B01932EE0D7
:101D200043469B881BB2002B00DB99E043469B791E
:101D3000002B00D0DDE0434608241C5F002C00DAB5
:101D400006E143465A6963001B19DB00D3189D68FE
:101D5000DC686B1C00D107E1A34B00999C466144F1
:101D60009A6A0B69A81A9B1A984200D20D619E4884
:101D700000F0AEFB8C4200DDEAE000D126E15B46DC
:101D800099484363434608229B5E9946002BC7DB74
:101D9000424652695B0092464B44DB009A445346EC
:101DA0009E68DF6800F094FB8F42B9DC00D100E14F
:101DB000002F00DAE1E05246534654691B69019A4C
:101DC000934200D1D4E0414652460820085E528832
:101DD000000421001043984704000D0023002B430A
:101DE00000D1CAE0002D00DBE7E030003900001B25
:101DF000A94153469860D96000229A5E002A8FDB81
:101E000043465D6953009C18E4002C19A768E468F8
:101E10008C4200DD84E702D1874200D980E7464644
:101E2000328108360DE08C4200D1D3E01E00002341
:101E3000F25E002A0ADB53009C18E4002C19A76804
:101E4000E4689B18DB00EB188C42ECDD53461A80EB
:101E50004B46338043469B881BB2002B00DA65E774
:101E600043461A69EFF3108172B61368002BFCD059
:101E7000BFF35F8F43469E88012342465B429380B7
:101E800036B21369BFF35F8F00221A6081F31088A6
:101E9000002E00DA4AE743465D69083342469C4615
:101EA0007700BF19FF00EF19BB686046984608230A
:101EB000D15E9246FC68002907DA0EE0A2424FD0BC
:101EC00018000023C15E002906DB4B005B18DB0015
:101ED000EB18DA68A242F1DD524606800023FE5E6E
:101EE0003980002EDCDA904643469B79002B00D1E6
:101EF00021E7002342469371434646460821595E36
:101F000008364B1C24D047468946556902E0060036
:101F10004B1C18D04B005B18DB00E8180A008C46FD
:101F2000E95E43881BB2002BF1DA01235B42DC1728
:101F30008360C4604A4503D031803B8903803A8185
:101F4000E1464B1CE6D14C46B846002C00DBF8E6D7
:101F500040BF03B0F0BCBB46B246A946A046F0BDA8
:101F60009A684245ACD9B7E7631C00D0F4E6FEE6B8
:101F7000200023699847002825D1534642461B88F4
:101F800013811269EFF3108372B611680029FCD037
:101F9000BFF35F8F4246514652880A804246494607
:101FA00051801269BFF35F8F0021116083F31088A5
:101FB000B6E6864200D8FBE6B2E60B4800F088FAA7
:101FC0000019694115E76568246807E7854200D86C
:101FD000D5E6BDE7874200D828E737E75CD2002086
:101FE0003C700540F11C00100040054070B52E4CBF
:101FF0002569002D04D00A212C48FFF7FDFD70BD96
:102000002B4E0321300000F059FAE660FFF7CEFABC
:10201000284B03229C46D02322701B061B680121FB
:102020006370254B6044A3600F2380002061022071
:10203000638063694942A180198002311986473162
:102040001D83585218315A5275325C3999521832E0
:102050000131995218320131995218320131995295
:10206000083518329D520231183299521832013116
:10207000995218320131995218320131995218325D
:10208000013199521832013199520C4B0C49DC60E4
:1020900001303562FFF704FB01210320FFF7C4FA8A
:1020A000084B1D60A7E7C046B41100205CE3002088
:1020B0000040054040000034FFFF10005CD20020CB
:1020C000F11C00103860054000487047B411002032
:1020D000F8B51F0008AB1B7804001600002B08D1D0
:1020E00000F0FEF932003B00121A8B41002B00DA9F
:1020F00053E02269EFF3108072B61368002BFCD016
:10210000BFF35F8F0223E15E63694A005218D20079
:102110009B18002937DB1A8862802269BFF35F8F22
:102120000025156080F31088069A9E60DF601A61B2
:10213000079A5A615A8801325204520C101C002A24
:102140001FD082B25880080410432669EFF310872D
:1021500072B63268002AFCD0BFF35F8FA2881A8063
:10216000A1802369BFF35F8F00221A6087F3108874
:102170000B4923788C4601329A40E36863441A6025
:10218000F8BD0120DDE72369BFF35F8F00221A60ED
:1021900080F3108801204042F2E70020F0E7C046BB
:1021A0003C20000070B501000469EFF3108C72B69A
:1021B00020680028FCD0BFF35F8F02200D5E4C69C1
:1021C00068004019C0002418002D37DB20884880A3
:1021D0000869BFF35F8F002606608CF31088E36008
:1021E00063880498013320615B0405985B0CA2604E
:1021F00060611A1C002B1FD093B228046280184320
:102200000A69EFF3108C72B61368002BFCD0BFF391
:102210005F8F8B8823808D800B69BFF35F8F0022D7
:102220001A608CF310880B7801329A40CB68084909
:102230008C4663441A6070BD0122DDE70B69BFF371
:102240005F8F00221A608CF3108801204042F2E771
:102250003C20000010B543890A1493421ADD530054
:102260009B184269DB00D3180469EFF3108C72B637
:102270002268002AFCD0BFF35F8F5A88090494B209
:10228000090C8A4208D00369BFF35F8F00221A60ED
:102290008CF31088002010BD8022120214435C8051
:1022A000012302698371BFF35F8F002111608CF3FA
:1022B0001088044902788C469340C2680120624429
:1022C0001360E8E73C20000040787047F0B5040058
:1022D0000D0006267642F717C64636196F4100B53F
:1022E00082B08F4214D811D000F0FAF832003B00CF
:1022F000121A8B41002B17DC002B47D0200029003D
:1023000000F0F8F802B080BCB846F0BD8642EBD9C8
:102310000022002316001F0000F0E2F832003B000C
:10232000121A8B41002BE7DD00F0DAF832003B0097
:10233000121A8B41002B0ADB00230193154B32004C
:10234000009315483B00FFF72DFF0028D6DB002344
:102350009C46B046114A124E736A9F4204D8B16A35
:102360008845CBD99F42C9D11168EFF3108072B66E
:102370000B68002BFCD0BFF35F8F1368BFF35F8F38
:102380006146196080F3108820BFE5E7002AB5D0C8
:10239000CAE7C046C11C0010B41100205CE3002055
:1023A0000040054070B5060000F09AF8FA220400DB
:1023B0000D00002330000021920000F021FF802357
:1023C000001969411B06994202D30120024940428B
:1023D000FFF77CFF70BDC046FFFFFF7FF0B5CE4624
:1023E000474680B504000D0083B0EFF305878846AB
:1023F000002F3ED12E4EA1463378F06804339B0067
:10240000816A1B58601A5B1A98420ED320BF294973
:1024100000204B6AAB4203D38A6A0130944231D820
:1024200003B0C0BCB946B046F0BD00F059F8220078
:102430002B00121A8B41002B2FDB1F4B2200009325
:1024400030002B000197FFF7ADFE011E25DD194B73
:102450005A6AAA421BD220BF3000FFF7FBFE154A82
:102460000020536A4345DBD3926A01309145D7D9A6
:1024700008E0104900204B6AAB42D1D38A6A013090
:10248000A242CDD25B1B5A1E9341D8B2C8E79B6AC9
:102490009C42E1D9AA42DFD1DDE7064A0020536A17
:1024A0004345BDD3926A01209145B9D9EAE7C046B8
:1024B000B411002000400540C11C001010B5024AB4
:1024C0000248FEF7E7FF10BD0092011088250020AA
:1024D0000300416A0A00986A596A8A42FAD1704731
:1024E000034B596A0A00986A596A9142FAD17047B7
:1024F00000400540064A536A9942FCD807D1044B74
:1025000002E05A6A914202D19A6A8242F9D3704734
:1025100000400540F8B5DE464E4657464546E0B514
:102520008B4605000A991800160000F0F7FA0A9B7E
:102530006C001F02324B64199C46A400644463681B
:1025400081469F4200D967602B1FDBB29846012B62
:1025500030D9C02380229B01E31812011A60294B55
:10256000AD0059599A4600291BD17301E026226813
:1025700053401E40802342465B01E3181E60012A3F
:1025800030D9802380229B01E31812011A60534640
:102590004A4667605A51F0BCBB46B246A946A046BF
:1025A000F8BD586900F0BAFA013043001B18033B2C
:1025B000FDD2DAE75B46012BCBD1C02303229B017E
:1025C000E3181A60023AA3681A42FCD07301E026AD
:1025D0002268AD0053401E4080230A4A5B019246A8
:1025E000E3181E605A462168514003220A401A60CF
:1025F00001225B469A40A3681A42FCD0C1E7C0465C
:102600000080004090250020F0B546464F46D64653
:10261000C0B51F00344B44009C462418A4006444F9
:10262000636888461600FF2B02D880235B00636036
:10263000031FDBB29A46012B30D9C02380229B01B5
:10264000E31812011A60294B85005959994600294F
:102650001BD17301E026226853401E40802352465E
:102660005B01E3181E60012A30D9802380229B0180
:10267000E31812011A6080235B0063604B465F51D0
:10268000E0BCBA46B146A846F0BD586900F046FA2B
:10269000013043001B18033BFDD2DAE74346012B10
:1026A000CBD1C02303229B01E3181A60023AA3682E
:1026B0001A42FCD07301E0262268850053401E4078
:1026C00080230A4A5B019146E3181E604246216856
:1026D000514003220A401A60012342469340A268F7
:1026E0001342FCD0C1E7C046008000409025002086
:1026F000014B8000C058704790250020F8B50400B9
:1027000021481E0017000D0000F008FA01003800F3
:1027100000F004FA069B36041B031E432368002BBB
:1027200020DB1A4B1A49E3185A1E9341802292016A
:1027300094465B421B0B174A1B0363441360164A03
:1027400013601F000A689743FBD1144B2560E21801
:102750002123A06013602368002BFCDA0823E660C5
:102760001360F8BD3F2322681340AB42D9D1A36860
:102770001B051B0D8342D4D1EE22E368D202134025
:10278000B342CED1EDE7C046001BB7000040FDBF0D
:1027900008C0004000E0004000F0004004300000AD
:1027A00010B580241C4BE4051C6000281AD00123BE
:1027B0001A4C18431A4BDC611A4C44401C62596293
:1027C00098628021144BC9051960174817490860A1
:1027D000E021C9041960002A07D18022144B120697
:1027E0001A6010BD0E4BD861EBE753019B1A9B009A
:1027F0009A18802312015B049A4209D213000D49F2
:102800000B60074B5A608022094BD2051A60E8E73B
:10281000094B1A00F3E7C04600B00540D3C007B02B
:10282000008005402D3FF84FFCFF010008200140CB
:1028300000A00540A4380020FFFFFF008023024ACB
:102840009B000B43D362704700800540142310B5F2
:102850000100188804331B88984710BD162310B553
:102860000100188802331B88984710BDF8B5474609
:10287000CE4680B50F1E19D01423994604330400A8
:102880000025012698464B461888434621681B8838
:10289000984701C4431E9841013540420640AF426B
:1028A000F1D13000C0BCB946B046F8BD0126F8E70A
:1028B000142370B50400188804331B880D000549E3
:1028C000984703000020002C01DB0130A0402900C4
:1028D0009847C04655420000AA23064A1B011360D0
:1028E0002F230549D360054B19605368002BFCDA90
:1028F0007047C0460040024000B0FA00006002404D
:102900007047C04610B50148FEF796FD24920110AD
:1029100070B5074D074EB54209D20024013E761B23
:10292000B60808CD984723000134B342F9D170BDF1
:10293000388C0110748C0110054B064A06491A6048
:10294000064A074B1A6010000B689843FBD170478A
:1029500000E00040BFCDFBFE08C00040FE7F3C0011
:1029600000F00040044BDB6C002B03D18022034BB2
:10297000D2021A607047C046000011504C2011501E
:10298000044A054B1A60054A1368DB018033FBD10A
:102990007047C046FFFFFF0100F0004008C0004044
:1029A0004022034B9A675A671A67DA667047C04637
:1029B00000F0014010B5FEF717FE10BD70B5044DD4
:1029C000044CA968C022200000F08CFCAC6070BDF3
:1029D00000ED00E000000020002310B5294C82B07B
:1029E000A367FFF779FF0122274B1A60636C012B65
:1029F000FCD10322254B1A60224A936B012BFCD198
:102A0000013300930121224A22480433FFF776FE66
:102A1000052301210093204A2048FFF76FFE002282
:102A2000022104201E4BFFF7EFFD002201210520AB
:102A30001C4BFFF7E9FD0022002107201A4BFFF78E
:102A4000E3FD002200210820174BFFF7DDFD802366
:102A5000DB000093002200210920134BFFF75AFDF1
:102A60000022104B00210620FFF7CEFD0420FFF7C7
:102A70003FFE0E4900F052F801000020FFF7DEFE95
:102A800002B010BD008000403CB0004030B00040BB
:102A9000002F685900800240008C864700C0024029
:102AA000001BB70040597307006CDC0240420F0066
:102AB00001480421014B1847D01100206D28001057
:102AC000014B9B6818470000D0110020124A936FF9
:102AD0009B0815D29066D166002905D0FFE7FFE775
:102AE000FFE7516F106F704704B580210906C217C8
:102AF0005140002800D0C84316F03EF8002104BD24
:102B0000F0B5146E556E576F166FFFF7E3FF14663E
:102B1000556657671667F0BD000000D0114A936FE5
:102B20009B0813D210665166002905D0FFE7FFE726
:102B3000FFE7516F106F704704B5002801D00020E7
:102B4000C04316F019F8002104BDC046F0B5146E5C
:102B5000556E576F166FFFF7E5FF1466556657679A
:102B60001667F0BD000000D094464A4A926F920862
:102B7000624601D228E0C046F0B5464E346E756E0E
:102B8000776F366F00F020F89446424A1466556617
:102B9000576716676246F0BD94463E4A926F9208A8
:102BA000624601D254E0C046F0B53A4E346E756EBE
:102BB000776F366F00F04CF89446364A14665566C7
:102BC000576716676246F0BD002B24DB11D0002941
:102BD0003EDA00B5C943404200D1013100F038F877
:102BE000C943404200D10131DB43524200D101339D
:102BF00000BD002AEBD1002801D1002905D000201A
:102C0000C90FC90701D1C043410800B515F0A4FFA1
:102C10000022002300BD00B500290ADBDB4352423D
:102C200000D1013300F014F8C943404200D1013112
:102C300000BDC943404200D10131DB43524200D1C3
:102C4000013300F005F8DB43524200D1013300BDEF
:102C5000002923D1002B18D1002A0CD0BC460D4FDF
:102C600038667A6600210023FFE7FFE7FFE77A6F07
:102C7000386F67467047002801D00748010000B54B
:102C800015F06AFF0022002300BD02000B000020A7
:102C900000217047000000D0FFFFFFFF002B00D095
:102CA000BFE0130C28D1002AE7D080B4114F396659
:102CB0007A66FFE7FFE730B4040C7B6F396F1B04C3
:102CC00023433B667A66FFE7FFE7FFE7C04684B22F
:102CD0007B6F3D6F1B0423433B667A66FFE7FFE78C
:102CE000C04600232C042D0C7A6F386F00196941FF
:102CF000B0BC7047000000D0F0B594460025140E1B
:102D000001D112020835140F01D112010435940FBC
:102D100001D192000235D40F01D152000135D40BFC
:102D20000134254F7C66254C3C660E0C93B2FFE7C0
:102D3000FFE7FFE73C6F6643360C7703BE467343FD
:102D4000DF0B5B04C01AB941130C7343DB18C91ABB
:102D5000CE086643360CB64493B273431F0F1B0173
:102D6000C01AB941130C73431F0B1B05C01AB9419C
:102D7000860D8F023E436643360C092D24DB520A32
:102D80007243801A7703460A6643360C16235B1B90
:102D9000DE40DF40BF1964466643821B704604353F
:102DA00006330100D940A840C01900D30131A24226
:102DB00006D20023F0BD0000000000D0FFFFFFFF9F
:102DC000121B0130F3D3F1E709277F1BFE40644655
:102DD000A2B27243801A00D20139220C7243130C42
:102DE0001204821A99410B00704604351337010012
:102DF000F940A840801900D30131002B02D1A24232
:102E00000AD2F0BD013000D30131121BFAD2013BCE
:102E1000F8D1A24200D2F0BD013000D30131121B23
:102E2000F7E7F0B51C0C00D080E00CB400251C0ABC
:102E300004D11B02160E3343120208351C0B04D1B9
:102E40001B01160F3343120104359C0B04D19B0068
:102E5000960F334392000235DC0B02D192185B418E
:102E600001351C00971864410134464F7C66464C7E
:102E70003C660E0CFFE7FFE7FFE7C0463C6F66438A
:102E8000360C7703BE4697B27743C01B00D2013998
:102E9000C01B00D201399FB27743C91BC91B170C55
:102EA00077437E04FF0B801BB941CE086643360C86
:102EB0000C2D33DBB644120B1F053A431B0B97B2A4
:102EC0007743C01B00D201399FB27743C91B170C4F
:102ED00077433E043F0C801BB941860D8F023E4371
:102EE000664329277F1BFE400C3D7746AF40BF1944
:102EF00030BCA2B2ABB272437343801A9941220C28
:102F00007243130C1204801A994102000B0001371E
:102F1000001BA941F9D2781E0021F0BD0C277F1BB0
:102F2000FE4077467F0BAF40FF19E0E700245D1CB1
:102F300007D0144F7D663966FFE7FFE7FFE7FFE73D
:102F40003C6F95B29EB265436643401BB141150C80
:102F50001E0C6543664336042F0C3E432D04401B74
:102F6000B141994204D202000B0020000021F0BDC3
:102F700001D19042F7D3801A994101349942F2D39A
:102F8000F6E70000000000D0FFFFFFFF484041408F
:102F9000484018B4134B5B68019308BD18B4114B3B
:102FA0001B68019308BD94460F4A926F920805D2A0
:102FB000624618B40B4BDB68019308BD0A4AF0B5B2
:102FC000146E556E576F166F6246FFF7F2FF064A92
:102FD0001466556657671667F0BD18B4014B9B68B9
:102FE000019308BDD0190020000000D0FFB550406B
:102FF0004240504059404B40594000E0FFB5154F0A
:103000004C00640D03D0BC4204D10C0314D8002042
:10301000090D09055C00640D03D0BC4204D11C03FA
:103020000AD800221B0D1B0501264B4009D44B403A
:1030300003D58B4200D18242FFBD9942FCD1904220
:10304000FFBD0B43DB1803431343F5D0C9434918B5
:10305000FFBD0000FF07000000B5FFF7CFFF804174
:1030600000BDC04600B5FFF7C1FF01D9002000BD7B
:10307000012000BD00B5FFF7B9FF804100BD012070
:1030800040054A00121804D85A00121801D800202E
:1030900070470120704700000021002805D17047CB
:1030A000C1174840401AFAD0C90713B5064B1B6830
:1030B00098470CBC441CA2401005120B0349091B85
:1030C00009051943114310BD58E200201F040000F8
:1030D00010B54C00620D8023D218DB00D21A5B05BC
:1030E0007E2A10DD9E3A13DACC17090349081943EA
:1030F0005242D140640001341532202A05DAD04012
:103100000843604310BD002010BD0846604310BD59
:10311000C80FC018013810BD18B4024B5B6A019388
:1031200008BD0000D019002010B50148FEF784F951
:1031300030920110132370B51D78012D19D014DDC4
:103140001D48FFF78BFB06001C48FFF787FB1C4C54
:1031500080223100200000F0C5F8022D06D0194869
:10316000FFF774FB184B186070BD154C174BA36428
:10317000F5E7174B124C23606360A360E3602361A3
:103180006361A361E36123626362A362E362236319
:103190006363A363E36323646364A364E3642365F9
:1031A0006365A365E36523666366A366E3662367D9
:1031B0006367A367E367D9E7534400005346000001
:1031C000D01900204C33000058E20020D531001007
:1031D0002931001007B5604601880A0A0230DF2A4B
:1031E000FAD1C9B2820804D302884088000410438F
:1031F00000E00068014A5050039007BDD01900203C
:1032000051434343C9188C46110C83B24B4310B44D
:10321000040C614392B280B2504362431C041B0C05
:10322000001910BC59411304120CC01851416144DB
:103230007047000010B50148FEF7FEF8E08F01105E
:10324000132310B510481C78FFF708FB0100012C70
:103250000AD003DD80220D4800F044F80C48FFF747
:10326000F5FA0C4B186010BD084C5422200000F0F9
:1032700039F82200084980322368002B00D12160F0
:1032800004349442F8D1E9E7534600005CE20020A0
:103290004C33000058E200203532001010B5040015
:1032A00014F050FF002804D0034B04199C4200D8AE
:1032B00010BD0248FEF7C0F800000420489201103B
:1032C00010B514F049FF10BD01480421014B184707
:1032D000E01100206D280010014B1B68184700000A
:1032E000E0110020014B5B6818470000E01100204E
:1032F0009A4200D2885470477047C046F8B5574686
:10330000DE464E464546E0B599460A9B07009A467A
:103310000D9B884693460B9C9B073BD10C9B9C4284
:103320003DD21E1B0B9415000C005E442A004B4638
:10333000013521002020B847B542F7D1A0460B9CAB
:10334000002C20D0454636195346321B013C185DEF
:1033500029004B46B847002CF6D12B003500984683
:103360000D9B9B070FD55B46EC1A0C9BA3420AD919
:10337000464698462A004B46310020200134B84783
:1033800001354445F6D32800F0BCBB46B246A946F9
:10339000A046F8BD16001500002CD3D1E0E71600BA
:1033A000002CCFD11500EEE7F0B54F464646D64685
:1033B000C0B584B098460EAB1B7894469946129BD4
:1033C0000D9C109F119E9A0725D4002E65D1BC42FA
:1033D00021D201221A409246202C00D1E9E00C9A19
:1033E000551E302202E0202C00D17BE001342A550A
:1033F000A742F8D85246002A0DD0B4420BD20C9AFC
:10340000551E3022202C02D171E0202C2DD0013409
:103410002A55B442F9D1DA063CD55A052ED4002CEF
:1034200028D10F9A102A00D1B6E0022A00D1BCE0C0
:1034300030220C9C227001244A46002A65D15A078A
:1034400000D499E02B220C9D2A55013403930C9B48
:1034500062460093029643460194FFF74FFF04B083
:10346000E0BCBA46B146A846F0BD2024DA06EDD548
:103470005A0503D4A74266D0B44264D00F9A102AEA
:1034800071D0022A57D0202CE0D022000134302500
:103490000C9FBD54202CD9D0CEE7012215001D4031
:1034A000AA461A4236D04A46002A4AD10C321A425B
:1034B00047D1BC42A1D2202C91D1202E17D8202454
:1034C000DA06C3D55A051BD4202F01D0202ED5D122
:1034D0001F220F9D102D6FD0022DD8D162250C9F79
:1034E000BD54D0E75246002A79D0202EBDD92024E1
:1034F000DA06ABD55A0503D4202FE9D0202EE7D029
:103500000F9A102AA2D12024A0E72D220C9D2A5523
:1035100001349BE7BC4200D37DE7202C00D05EE75E
:10352000DA06F0D55A05EED4202F62D0202EEAD14B
:1035300034001F22CDE7202C00D187E72200013480
:10354000CCE7013EB5E7621E012CC2D10F9A102ACA
:1035500000D06AE79A063BD558220C9C2270283A84
:103560006270022468E79A060ED4202CCBD0782211
:103570000C9D2A55013486E71A0700D466E72022FD
:103580000C9D2A55013461E7202CBCD058250C9A9B
:1035900012191570013476E79A0608D558220C9C4A
:1035A000227030226270022446E76032F7E7782208
:1035B000F5E7002A83D1B3E7A21E013C9D0603D4A0
:1035C00078250C9FBD5460E758250C9FBD545CE7DF
:1035D00078220C9C2270483A627002242CE7DA06AA
:1035E00000D433E75A058BD4202F00D044E71F22A4
:1035F0006FE73C001F226CE710B5002800D110BD1A
:1036000001F0A8FBFBE7C0460B0010B5002802D074
:1036100049681B68984710BDF0B557464E46454669
:10362000DE46E0B599B08246894690460893229AD4
:10363000239B10001900FFF722FD002800D0CDE0E9
:10364000229823990122D94B5242FFF713FD0028FB
:1036500000D0C3E0229823990122D54B5242FFF7B4
:10366000FBFC002800D0B9E0229823990022002317
:10367000FFF7F2FC002800D0F1E1229E239F802377
:10368000269ADB001A400D92269A1A4201D106238F
:1036900024938023269A1B011A403B0093460996E7
:1036A000334300D0B3E0002A00D0C2E1002300245D
:1036B0000A930B94002304250993259B0024AB4215
:1036C00000D95C1B0223269A1A400C92269A1342B8
:1036D00003D06B426B415B421C40099B002B07D01F
:1036E0000A9A0B9B30003900FFF75DFC06000F00C3
:1036F0002298239900220023FFF7AEFC002803D074
:10370000802109067B181F00269AAA4B0096019774
:103710001340089E0493249B039402934246330073
:103720004946504600F0AAF90400002D67D0202039
:10373000269A4946024013005A4253415B42621C9A
:1037400018400A92330022004530D047099A6F1E74
:10375000D317D4185C40D30F9B46002501E0202DE1
:1037600013D008AA94461F23200063440A21013580
:103770005E19FFF7D3F93031317020000A21FFF7CD
:10378000CDF926000400092EE9D80523069300236D
:1037900004930A3303935B46089E029310AB0A9A84
:1037A000009349463300504605970195FFF7FCFD0D
:1037B0000C9A0400002A22D04246851A259AAA4271
:1037C0001DD9B046574616002200434649462020E0
:1037D0000135B8470134AE42F6D810E0269B424688
:1037E0000493259B49460393249B50460293229BB6
:1037F000239C00930194089B00F040F904002000F2
:1038000019B0F0BCBB46B246A946A046F0BD6A4B13
:1038100078009C46400D6044FFF742FC674A684BC5
:10382000FFF7DBFB674A684BFFF7B8FB674A3B03D0
:103830001B0B1A4304000D0009981100644B002271
:10384000FFF7A7FB634A644BFFF7C7FB02000B00BF
:1038500020002900FFF7A2FBFFF73AFC0990FFF7D1
:103860001FFC5E4A5E4B04000D00FFF7B6FB002212
:103870005C4BFFF793FBFFF72BFC5B4A5B4B29008C
:103880000C902000FFF7A9FB04000C980D00FFF737
:1038900007FC574A574BFFF7A0FB02000B00200024
:1038A0002900FFF776FB04000D0002000B000A94CC
:1038B0000B95FFF792FB04000D000A980B9902008C
:1038C0000B00FFF76BFB00220E900F914A4B20007C
:1038D0002900FFF768FB0022484BFFF75FFB02005F
:1038E0000B0020002900FFF75EFB0022444BFFF78E
:1038F00055FB02000B0020002900FFF754FB0A9A39
:103900000B9B0D0080210400C9050020FFF741FB3F
:1039100002000B0020002900FFF740FB02000B0013
:103920000E980F99FFF73FFB0022284BFFF736FB5D
:10393000344B0C9C9C46644423050022FFF74DFB4E
:1039400004000D0002000B00300039000A940B95B2
:10395000FFF782FB00285DD123002A00C6250999C4
:1039600063318D42AD4159466D420435002900D185
:10397000A3E6134363D030003900234A234BFFF7FB
:1039800071FB002807D0002230003900204BFFF7E0
:1039900063FB002853D1249B002B00D18DE60D9BA7
:1039A0005A1E9341249AD31A249386E6FFFFEF7F91
:1039B000FFFFEFFFFFF7FFFF01FCFFFFFB799F50C9
:1039C0001344D33FB3C8608B288AC63F0000F03F42
:1039D0000000F83F61436F63A787D23F71A3790965
:1039E0004F930A400000E03F1655B5BBB16B024053
:1039F000EF39FAFE422EE63F00002C400000244042
:103A000000001840FF0300002D431CEBE2361A3F74
:103A100080842E41099B0022013B09932000164B14
:103A20002900FFF7C0FA0A00010003000A910B9277
:103A300094E7002300240A930B9400230993249A0B
:103A4000099B9A4214DDD31A013B24938023269AC2
:103A5000DB001A4300230025269209932DE68022DD
:103A600012069446229B1E00239B63441F0006E619
:103A700000232493EAE7C04600002440F0B5454601
:103A8000DE464E465746E0B595B08B469046994681
:103A90001E9A1F9B0A9019001000209DFFF7EFFA55
:103AA000002800D0B0E11E981F990122C74B524256
:103AB000FFF7D2FA002800D037E11E981F990122A3
:103AC000C34B5242FFF7D6FA002800D0A7E01E9859
:103AD0001F990022BF4BFFF7CDFA002800D088E0E5
:103AE0001E981F990022BC4BFFF7B6FA002800D0A1
:103AF0007FE01E981F9900220023FFF7ADFA0028EF
:103B000000D0FAE000230B938023229C229ADB0052
:103B10001C401A4200D102E1092D00D87CE106A91F
:103B20008C462C00172200233021093C62440133CB
:103B3000D154EF1A202B00D132E1A342F7D1002259
:103B4000A44B069207931E981F99FFF7C1FA050030
:103B5000FFF7A6FA02000B001E981F99FFF719FA4B
:103B6000069A079BFFF739FA08900991FFF7D4FAF4
:103B70000600FFF791FA02000B0008980999FFF779
:103B800008FA0022954B08900991FFF773FA002874
:103B900000D1D2E001363000FFF77EFA069A079B8B
:103BA000FFF760FA002801D000260135AA46002F51
:103BB00000D098E02800FFF773FA02000B001E986F
:103BC0001F99FFF7E6F9854B002206000F00FFF76B
:103BD00043FA0CAB9A46002845D100223000390048
:103BE0007E4BFFF747FA00283DD1EB073BD5013567
:103BF00039E0229B42460493219B594603930A983D
:103C00001E9B1F9C0295009301944B46FFF704FDF9
:103C100015B0F0BCBB46B246A946A046F0BD229BFB
:103C20005B0767D403226E4B22990192039121997D
:103C30000291009342464B4659460A98FFF75EFBB5
:103C4000E6E706AA94461723280063440A210134B4
:103C50001E19FEF73BFF3031280031700A21FEF7B4
:103C600035FF051E76D0202CEBD10323229A13407A
:103C7000012B1DD1219B002B1AD00B9B002B00D0B8
:103C8000BBE0229A0C33134200D0B6E0219BA34242
:103C900000D887E006AB9C4617223023624404E03C
:103CA0002199013413558C4259D0202CF8D120246D
:103CB000229B01940393219B02935346B9E706AAE2
:103CC000944617230A216344300001341D19FEF77E
:103CD00025FF3031297030000A21013FFEF71EFF19
:103CE000092E46D90600202CE9D155460CAB2024DC
:103CF0009A46B8E704223B4B96E71E9A1F9B00208A
:103D00000021FFF746F901230B938023229C229A7E
:103D1000DB001E901F911C401A4200D0FCE60022DE
:103D2000314B0627069207930DE7229B0393219BB5
:103D30000293042301932D4B7BE7002208980999F5
:103D4000264BFFF789F9002800D02FE7002E4FD12E
:103D500001362BE70323229A1340012B66D0202C37
:103D6000A6D00B9B002B1FD02D2352461355013498
:103D70009EE75546202CB9D030233A19002F08D0A1
:103D8000172006A9013409180B55202CAED09442F7
:103D9000F6D10CAB9A462E2352461355013462E7F6
:103DA0002024CCE6202C83D0229B5B0708D4229BC6
:103DB0001B0700D47CE7202352461355013477E7D4
:103DC0002B2352461355013472E7C046FFFFEFFF25
:103DD000FFFFEF7F65CDCD4165CDCDC10000E03F58
:103DE000A09201109892011080842E41A892011097
:103DF000F30700D4DAE60136D8E6219B013B219394
:103E0000A34200D946E7AAE7229B0393219B029392
:103E100003230193074B0CE7074BEA009B185C68F0
:103E20001B682F000693079400248CE6219B002B2F
:103E300095D022E7A4920110C8B20110F0B5574600
:103E4000DE464E464546E0B5A5B01F002E9B914686
:103E50000D93CA4ACA4B82468B461A60002900D18C
:103E600029E2002338789846002800D12BE2C54B80
:103E700044460C93C44B55464E460E930AE0631CD1
:103E80009846220033005946A8474446387800280F
:103E900000D187E001372528F1D108239A46043B59
:103EA0009946023B9846013B00229C460B94387889
:103EB000791C0300203BDBB2102B03D80C9C9B0029
:103EC000E3589F460300303B0B9C0B92092B3AD9D9
:103ED000002398462A2800D1DDE000239A462E28A8
:103EE0004BD00300683BDBB2122B1ED80E9A9B000E
:103EF000D3589F4663460F001A43D8E743460F0046
:103F00001A43D4E74B460F001A43D0E710230F00A3
:103F10001A43CCE753460F001A43C8E780235B00DF
:103F20000B9A78781A430B9201310F0067284FD80B
:103F30002428A4D90300253BDBB2422B9FD8934908
:103F40009B00CB589F46002398460B9B47469C46B8
:103F500000E00131BB00DB195B001F180878303F1F
:103F60000300303B092BF4D963460B930023B8467A
:103F70009A460F0001312E28B3D180200B9AC00041
:103F800002430B9230225242944678780B008444CC
:103F90006246092A00D8AAE12A2800D1B9E10F0017
:103FA00001319EE7A046AA46B146C84503D3012386
:103FB0005B424B4498464B46424659460020D04708
:103FC000200025B0F0BCBB46B246A946A046F0BDD5
:103FD00001006939C9B20F2900D950E701238B408C
:103FE0009C466B4B994663464A4613400F93624684
:103FF0004B461A4200D068E10A2956D0072900D062
:104000003DE70D9B02CB9846002900D092E10B9B27
:1040100010211A008A431000113108438146802084
:104020001A00C0000240110003421CD114AB9C4690
:104030001F220F2362440D959C4615000F9B0B9485
:1040400002E0202B0CD0110064460C4020003730D9
:10405000092C00D807380133E8540A090F29F0D891
:104060000B9C0D9D0F934B460822069353460592D9
:1040700008320392002204930F9B029201931CAB1F
:1040800022000093594633002800FFF78DF943467C
:1040900004000D93FAE60D9B04CB9046002A79DBD1
:1040A00078780D930F00013117E70D9B02CB149325
:1040B0000B789C4618005346002B00D134E10028B1
:1040C00015D05346013B013399460D940B9C89440E
:1040D0004A460B00A14601E0934203D05C780133CD
:1040E000002CF9D14A465B1A0D9C0B920F9380234A
:1040F000DB0099460B9A13400D934B461A4204D0AD
:104100000F9B534501D953460F93022399460B9AAF
:1041100013400B934B46134200D1F5E16346002B4D
:1041200000D1D6E10D9B002B00D182E10B1BD146C3
:1041300031009A463B00A1442E005F464D462200C6
:104140009B46894609E04B463900541CB04753460C
:10415000185D002800D192E122009542F3D14B4630
:104160005A46A946BB46350017001E004C460B9B1D
:10417000002B00D0ADE1149B0D9387E63D3E00106F
:104180009C38002028B101106CB10110B8B10110A9
:10419000419000000B9A283802430B92424652424B
:1041A000787890460F000D93013196E678786C2868
:1041B00000D15DE180230B9A5B001A430B92013121
:1041C000B3E680239B00ABE67878682800D148E10D
:1041D00080230B9A01311A430B92A6E6672800D17F
:1041E000B2E0472800D11AE1452800D11CE10B9A22
:1041F0000721049242460D9B0392073352468B439C
:10420000190002920CC92800009201930D9122001E
:1042100033005946FFF700FA040037E6462800D17C
:104220008DE00B9A0721049242460D9B03920733BF
:1042300052468B43190002920CC928000092019348
:104240000D91220033005946FFF718FC04001DE6CB
:10425000631C98462200330059462520A84744464F
:1042600014E60D9B04330F93631C99460B9B9A072E
:1042700000D40AE10D9B2200187859463300A84764
:1042800043464444012B00D86FE1B0462E00250080
:104290004C46B9465F46220043460134390020208F
:1042A000B047AC42F7D12C00BB4635004F464646DE
:1042B0000F9B0D93EAE5D64B38789A460023984633
:1042C000002800D0D3E500246FE66F2842D000D844
:1042D000FDE11023782800D19BE00B9A9A430B92C2
:1042E0000A239C46002314930A330F9338E0574661
:1042F0000B9AB900C919490001330F181878303FDB
:10430000010030390929F4D9BA460B921F00591C13
:10431000E7E50D9BB87804CB0237D143C9170A40B3
:1043200092460D93791CDCE5002800D1DFE60223DC
:104330005B42C8E621200B9A0243914676E6202391
:104340000B9A1A430B926CE780230B9A1B011A43BA
:104350000B924CE708239C460023149308330F93D9
:104360000B9880230200DB001A4011000200184263
:1043700000D080E00C239A431000802302009B00B1
:104380001A400B92184200D0F1E0802302005B003B
:104390001A4091460D9A04321492184200D0C3E29A
:1043A000430600D5D7E0030600D421E30D9B1B880C
:1043B0000993002B00D02DE110339843002900D140
:1043C00028E10023994643460593534604930F9BE7
:1043D00006900393002302934B4601931CAB2200EB
:1043E0000093594633002800FEF7DEFF0400C2E6C2
:1043F000582809D0622800D0E3E202239C4600231B
:10440000149302330F93ABE720230B9A1A430B92BA
:10441000103B9C460023149310330F93A0E7802396
:104420000B9A1B011A430B9220230B9A1A430B92EF
:10443000DDE60B1B9A460F9B99463B0037005E4614
:104440009B4622003B003100A84753460134185DCB
:104450000028F6D14B460F935B46B3463E001F0043
:1044600085E6C0230B9AB8781A430B92F91C5CE5D9
:10447000C0239B00F6E70D239A4310007DE75B46BF
:104480003500BB464E461F0071E64346012B66D9F8
:10449000631E434432002E001D003B00A2465F46CF
:1044A00091469B4622004B46013439002020B047FC
:1044B000AC42F7D15B463500BB464E46A14654465A
:1044C0001F000D9B4A461878594633004444A847BC
:1044D000EEE60F9BA146984500D84CE64444E41A0A
:1044E000B0462E0025004C46B9465F4622004346A2
:1044F000013439002020B047AC42F7D12C00BB4634
:1045000035004F46464636E60F98804500D873E2A0
:104510004346E218131A32002E001D003B0091465C
:104520005F469B460F9122004B4601343900202004
:10453000B047AC42F7D15B46BB461F0043460F99DC
:1045400001330F930B7835009C464E466046002899
:1045500000D0E7E50FE60D9B1B78099329E70D9B3B
:104560002200187859463300A8474C46A0E60D9A19
:10457000FA3BFF3B07329A430133994691444B463D
:104580000D931368526815921A4306D11032904366
:1045900000220992002900D083E06122810600D523
:1045A0004122D2B20A9214AA91460A9A00210A3AEA
:1045B0000B9242461792524618925A46B2460991B9
:1045C0001E001F31149B4944BB4616941A950024C3
:1045D000674698468946159D19901B920AE030322D
:1045E000D2B24B4601341A55A8454CD0202C4CD0A1
:1045F00006000D003A00002330002900FEF7CCFA37
:10460000D2B2092AEBD90B9B9C466244D2B2E8E7AE
:10461000F93200106123820600D54123DBB20A3B48
:104620000B93434614A91F228C46159353466244AC
:10463000B2460D9417974C468046A9461700099D2F
:104640000F9E169308E03033DBB201343B55B54280
:104650000ED3202C0CD0050031002800FEF75EFAA6
:10466000CBB20929EFD90B9A94466344DBB2ECE74D
:10467000159B40469846169B4D465646A1469A467F
:104680000D9C179F9FE6B742B0D9179B5646984698
:10469000189B5F469A461B9B09949B46169C19984B
:1046A0001A9D43460593534604930F9B069003932C
:1046B00000230293099B01931CAB220000935946EF
:1046C00033002800FEF770FE0400FFF7DFFB102325
:1046D0000B9A9A430F92692800D091E10B9980239D
:1046E0000A00DB001A4010000A00194203D0112111
:1046F00018008A430F920F9A802311009B001940E3
:104700008C461A425BD1802311005B001940894618
:104710000D9904310B911A4200D0B2E013005B06F0
:1047200000D4EDE00D9B1B781A00D90F0D91002BE2
:1047300000D1A3E0100014AA944642461F2315920C
:1047400052466344A846BA464D461494B146040006
:104750001F00169201E0202D0FD020000A21FEF745
:10476000DDF901357E193031317020000A21FEF764
:10477000D5F926000400092EEDD8159B4E46A94612
:1047800045469846169B57469A46149C0F9B06939F
:1047900043460593534604930A2303930D9B0293C8
:1047A0004B4601931CAB220000935946330028006E
:1047B000FEF7FAFD0B9B04000D93FFF767FB072242
:1047C0000D9B07339343013294469C4462460D92FD
:1047D0000CCBD90F0B911100194300D19BE0D917D5
:1047E00013911291514010911399594011911098C1
:1047F0001199129A139B801A99411090119114AA41
:10480000944642460023159252469946169232002B
:104810001F336344A8464E46BA4614941F00109CAA
:10482000119D914601E0202E10D0200029000A227F
:104830000023FEF7B1F9013630322B00BA550D00D6
:1048400022000400002BEED1092AECD8159B10940D
:104850001195454698464B46169AB14657461E0056
:104860009246149C0F9B069343460593534604932C
:104870000A2303930B9B02934B461CE7002885D128
:1048800059E70D9B1B68DA0F1100002B00D1A6E041
:10489000DA179818504014AA91461F2342464B44F9
:1048A000A8460D94169704006546B1461F00149162
:1048B000159201E0202D0FD020000A21FEF72EF9DD
:1048C00001357E193031317020000A21FEF726F9BA
:1048D00026000400092EEDD8159BAC4645469846A7
:1048E000149B4E4619000D9C169F0F9B0291069338
:1048F00043460593534604930A230393634650E7C4
:1049000013001B066ED50D9B00229B5ED9175A180B
:104910004A4092B209E7002399460028A2D100221A
:104920000023109211936AE70D9B1B689946002B98
:1049300003D110339843002938D16123820600D572
:104940004123DBB20A3B0D9343461693534614A909
:104950001F228C4617932B0062444D46B246159495
:1049600018978046170099460B9C0F9E08E030333D
:10497000DBB201343B55B5420ED3202C0CD00500E0
:1049800031002800FEF7CAF8CBB20929EFD90D9AF9
:1049900094466344DBB2ECE7169B40469846179B6F
:1049A00056464D469A460B94189F159C43460593D0
:1049B000534604930F9B06900393002302930B9B93
:1049C0000BE50B9980230A00DB001A4010000A0057
:1049D000194200D08BE610239A430F928BE60028F1
:1049E00083D158E70D9B1B68D9175A184A409CE69B
:1049F0000D9B1B680993DCE4030001330F93A5E5CD
:104A00000B926DE40EB4012230B584B007AC08CC33
:104A1000064D01000094280052420394FFF70EFA5D
:104A200004B030BC08BC03B01847C046F1320010D7
:104A30000CB430B585B008AC08CC064D0A00009423
:104A4000010028000394FFF7F9F905B030BC08BC59
:104A500002B01847F132001000B585B00391012172
:104A600002900093034813004A4202A9FFF7E6F9B7
:104A700005B000BD0936001010B5094A03001468DE
:104A800084B0002C08D0012200910648524203A9AC
:104A9000A047012004B010BD00F0A8F90020F9E7FC
:104AA0009C380020F935001000BEFDE7094A0300DC
:104AB0001068002805D00849C3188B4207D8136036
:104AC000704706480449C31810608B42F7D901208B
:104AD0004042F5E7703400200000042004E4002088
:104AE00010B5FFF7E1FFC04670B5FDF711FF074DA8
:104AF000074EB54209D20024013E761BB60808CD08
:104B0000984723000134B342F9D170BD748C011071
:104B10007C8C0110030010B5080011001B68984739
:104B200010BDC046F0B5C64600B5437D07000D0078
:104B30001600002B38D0002A2EDD00216A1E904678
:104B40006A5C037D4C1C00200A2A0CD0A64216D0B9
:104B500043461B5D21000D3B5A4253416A5CDBB268
:104B60004C1C0A2AF2D1002BF0D1884217DB02211B
:104B700010483B689847A64207D02000E8E78642E5
:104B800003DD311A3B6828189847AD19013D2B7891
:104B90000D3B5A4253413B7580BCB846F0BD091AE3
:104BA0003B6828189847E2E70368110028009847F7
:104BB000F2E7C04618B30110F0B5C6460B68060010
:104BC0000C0000B5802B06D05A1C2260E418267118
:104BD00080BCB846F0BD0F4B1D68002D16D00B1DD4
:104BE00098460D4F02E02D69002D0FD02B68002B49
:104BF000F9D03B68002B01D0AB42F4D128004146EC
:104C00002268FFF78FFF2D69002DEFD101220023CD
:104C1000DBE7C046503400206C340020F0B5DE469F
:104C200057464E464546E0B585B017001C000600C5
:104C30000D00FDF755FC0023314A12184B4180212D
:104C400009068B4202D301222E4B52422E49080004
:104C50008A4613F0B1FF01906B1C03D1300013F0B2
:104C600009FA0500002C26D0284B9846284B1C68D2
:104C7000002C15D0002F21D1264F02E02469002CF2
:104C80000ED02368002BF9D03B68002B01D09C424A
:104C9000F4D120002A003100C0472469002CF0D153
:104CA000019B002B28D1280005B0F0BCBB46B246C2
:104CB000A946A046F0BD184B9846D7E7154B994634
:104CC00002ABDF1D0A239B4602E02469002CE7D0DB
:104CD0002368002BF9D04B461B68002B01D0A34260
:104CE000F3D12A0031002000C0475B460122390081
:104CF00020003B70C047E8E7504613F025FFD2E79D
:104D000040420F00FFFFFF7FF0170020254B0010EF
:104D1000503400206C340020154B00100A4A1368F0
:104D2000002B05D10CE01A001B691032002B07D0B4
:104D30009842F8D1002902D10369136001617047DC
:104D40000029FCD01060FAE75034002010B500F0C4
:104D500003FB10BDF0B5CE46474680B583B06B4629
:104D60000600DD1D2870FDF7BBFB00231A4A121850
:104D70004B41802109068B4202D30122174B52423C
:104D800017490800884613F017FF164B81461C6828
:104D9000002C14D0144F02E02469002C0FD023689B
:104DA000002BF9D03B68002B01D09C42F4D12000AD
:104DB00001222900FFF7B6FE2469002CEFD14B46F3
:104DC000002B05D1300003B0C0BCB946B046F0BDE1
:104DD000404613F0B9FEF5E740420F00FFFFFF7FAA
:104DE000F0170020503400206C34002070B504000F
:104DF00013F040F901230100050001222000FFF714
:104E00000DFF084B1C68002C06D06368002B05D0F2
:104E100098472469002CF8D1280070BD2469002C23
:104E2000F3D1F9E750340020F0B5CE46474680B5BF
:104E3000A3B004000D00FDF753FB0023294A12180C
:104E40004B41802109068B4202D30122264B52425C
:104E5000264F380013F0B0FE002306000193220015
:104E60002B00234801A9FFF7F7FD019B8046002B8B
:104E700014D1204B1C68002C06D06368002B0BD08B
:104E800098472469002CF8D1002E25D1404623B044
:104E9000C0BCB946B046F0BD2469ECE7154B1D68AF
:104EA0009946002D1CD0144C02E02D69002D0FD026
:104EB0002B68002BF9D02368002B01D0AB42F4D132
:104EC0002800019A02A9FFF72DFE2D69002DEFD1D0
:104ED0004B4601951C68CEE7380013F035FED5E748
:104EE0000195D1E740420F00FFFFFF7FF017002040
:104EF000B94B0010503400206C3400200FB400B5C2
:104F000083B004A901C90191FFF78EFF03B008BC6B
:104F100004B018477047C0460022014B1A70704712
:104F2000F9E300204B790020FF2B0BD18B79002B6C
:104F300008D1CB79012B05D1082A03D9024B8A78F5
:104F400009301A707047C046F9E30020012070470D
:104F500010B5012901D0012010BD134953791079F2
:104F600009781B02034300209942F5D15378012BA5
:104F700008D0022BF0D1002064220021FDF710FCA4
:104F80000120E9E7D37891781B021943DB0507D5A7
:104F90004A0A100001231A407E331940FDF788FCAD
:104FA00001204A0A4042F5E7F9E300200048704733
:104FB000E4B3011070B5050014000120012909D1E6
:104FC00053780020012B05D1637912791B0213431A
:104FD000072B00D070BD21002800024A9F3301F04A
:104FE00051FAF7E73CB30110012303700048704702
:104FF0001CB301104B780A781B0213438A7810B552
:1050000012041A43CB781B0613439622D200934214
:1050100000D010BD0022012011004042FDF748FCE5
:10502000024B1860024B19607047C0467C25002077
:105030008025002010B5024B1878FCF713FB10BD3B
:10504000FAE30020154B70B51A68002A22D0EFF35E
:10505000108172B610680028FCD0BFF35F8F00206B
:105060000F4A596010701B68BFF35F8F186081F39F
:105070001088002400250B4E3078FCF7E7FA002852
:1050800004D1002400252900200070BD3078FCF7F1
:10509000E9FAF8E7FA240025A400ECE74CD2002056
:1050A000FCE30020FAE3002070B5040000200E00AD
:1050B00001F000FB002836D0002001F013FB00288F
:1050C00031D0FDF70DFA0023184A12184B41802108
:1050D00009068B4216D2164D280013F06DFD0028EC
:1050E00021D0002001F0E6FA00280FD10120002194
:1050F000404200F0FBFC03246442280013F024FD2E
:10510000200070BD01220B4B5242E4E7002001F069
:10511000E9FA0028EAD021003200002001F0EEFA7E
:10512000041EEAD1E7E703246442E9E740420F00A6
:1051300078E30020FFFFFF7F10B5FDF7D1F90023D2
:105140000E4A12184B41802109068B4202D30122DC
:105150000B4B52420B4C200013F02EFD00280CD0BC
:1051600001200021404200F0C1FC002001F012FBB0
:105170000028F5D1200013F0E7FC10BD40420F00DD
:10518000FFFFFF7F78E30020F8B5DE46574680B585
:1051900005000C00FDF7A4F90023374A12184B4113
:1051A000802109068B4202D30122344B52423449FA
:1051B00008008A4613F000FD002803D1C0BCBB469E
:1051C000B246F8BD002001F075FA00284AD000264A
:1051D000002C43DD2B4B9B4614E0A919002001F065
:1051E00015FB070001200021404200F07FFC002059
:1051F00001F0D0FAFDF774F9224BF61918605960E6
:10520000B4422BDD002001F021FBA71B0200B842B5
:1052100000DD3A00002AE0D101200021404200F0E8
:1052200065FC002001F0B6FA002001F043FA0028E6
:1052300014D0002001F00AFB0028E1D1FDF750F95D
:105240005B460F001A685B68002184460E481218FE
:105250004B419F4202D8D3D19445D1D9504613F047
:1052600073FCABE700200021064B186059605046E4
:1052700013F06AFCA2E7C04640420F00FFFFFF7F29
:1052800078E30020C019002020A1070030B52B4C86
:1052900085B00021200013F07FFC00281CD1284B92
:1052A0001A68002A16D0EFF3108172B61068002831
:1052B000FCD0BFF35F8F01242248596002781B683D
:1052C000D2B20470BFF35F8F0020186081F31088A2
:1052D000002A17D005B030BD01200021404200F067
:1052E00005FC002001F0FEF90500200013F02CFC65
:1052F000002DEFD0144B1B68002BEBD0134A106825
:105300009847E7E7FCF7E0FE0400FDF7E9F8FA222A
:105310000023920012184B41802109068B4202D3D0
:1053200001220B4B524201210291002101910949B6
:1053300020000091FCF7CCFECCE7C04678E30020CB
:105340004CD20020FCE300207C250020802500209A
:10535000FFFFFF7F45500010D02310B51B0684B01F
:105360001C68FCF7B1FEFCF7AFFFA04202D00020A2
:1053700004B010BD294B1B7801F072FD284803686A
:10538000002B47D00120FCF711FCFF23254C2649B8
:1053900020701840FCF784F920780121FCF744F9CB
:1053A0000520FCF767F9002826D1082200211F48B4
:1053B000FDF792FFFCF788FE0400FDF791F8FA2252
:1053C0000023920012184B41802109068B4202D320
:1053D0000122174B524201210291002101911549EE
:1053E00020000091FCF774FE0028C0DB1248012168
:1053F000FFF794FC0120BBE70120FCF7E3F80B4B1F
:1054000001001800FCF752FC002205200B49FCF7B4
:1054100071F9EBE7FCF720FCB4E7C0465C2F051000
:1054200078E30020FAE300208D5200104CD20020D7
:10543000FFFFFF7F45500010F01100203550001095
:105440000048704780B40110004870472CB4011028
:1054500010B5040017480378002B20D0002C06D18B
:10546000154B16484380063BFF3B038010BD052CBF
:1054700019D8134BA400E05812490123013804E065
:1054800001330A800231142B0FD0C25C002AF7D1FD
:10549000C022DBB25B00920008481343E5E711210C
:1054A00000F022F8DAE70020E0E7CA2303489B0077
:1054B000DBE7C046C0E3002009040000682F00209D
:1054C00014B401106A2F002010B5024800F0E0F873
:1054D00010BDC0463CE2002010B508220149FDF78E
:1054E00001FF10BD3CE2002030B54B1E012900D168
:1054F000A7E0664A11780D092C0030349F2900D9A5
:10550000A2E00470012B00D1BEE00F2114782140ED
:105510000C003034092900D998E04470022B00D1E6
:10552000B2E054782509290030319F2C00D990E051
:105530008170032B00D1A7E00F2121400C003034F3
:10554000092900D987E0C470042B00D19CE094782D
:105550002509290030319F2C00D97FE00171052BEE
:1055600000D191E00F2121400C003034092900D9ED
:1055700076E04471062B00D186E0D4782509290015
:1055800030319F2C00D96EE08171072B00D17BE078
:105590000F2121400C003034092966D8C471082B32
:1055A00000D171E014792509290030319F2C5FD892
:1055B0000172092B68D00F2121400C0030340929D9
:1055C00058D844720A2B5FD054792509290030310C
:1055D0009F2C52D881720B2B56D00F2121400C00EA
:1055E000303409294BD8C4720C2B4DD0947925093D
:1055F000290030319F2C00D9073101730D2B43D086
:105600000F2121400C003034092901D937310C0019
:1056100044730E2B38D0D1790C09220030329F29E7
:1056200000D9073282730F2B2ED00F220A401100AF
:105630003731092A01D830321100C173102B23D021
:1056400010300023037030BD07345AE737310C00A7
:1056500063E707316CE737310C0074E707317DE70A
:1056600037310C0085E707318EE737310C0095E7BD
:1056700007319DE737310C00A3E70731AAE737313F
:105680000C00C4720C2BB1D1C018DAE73CE2002048
:1056900010B588B004000D2200216846FDF71CFEFD
:1056A0000D22002104A8FDF717FE4B236A46684629
:1056B000137004A90D2213F03FFA152108222000CF
:1056C0006944FDF70FFE08B010BDC046F8B500F004
:1056D0003BF90C23184DFF22AB6705201749FCF757
:1056E00009F8174C402200212000FDF7F5FD402766
:1056F000002301262121134A66702783A2601360CC
:1057000063545F316184453963540F4A0F496360C4
:10571000E2602787A1620B606362E26213F074FAB1
:1057200080239B052E64EB649023094AEA50802273
:10573000084B5202DA64F8BD0000115059060020EF
:10574000743400208400105000011050800010506C
:1057500010D001000020115010B501210520FBF7E9
:1057600063FF10BD10B500220021024800F00CF9C3
:1057700010BDC04694340020044B1970002904D099
:1057800080219023024A8902D1507047EBE3002028
:10579000002011500B785B0602D14B78052B00D00E
:1057A00070478A78014B1A60FAE7C0460000115032
:1057B000F0B5C64600B5CC7888780A794B797F2158
:1057C000A40701401B02C50913434F00A20F140098
:1057D000324E7A195201B218907001206840507010
:1057E00000205B055B0DD0701383D4768046CA0021
:1057F000012D33D02A488446880162448446B4444B
:105800006046826040461060002933D0254AC900B6
:1058100090466246414451603F223F339343022CFD
:1058200000D15B0020487A1901685201B218D1609A
:105830001E4ACB18036051405A40802388465B01C2
:105840009A4228D84346A4061C4380237F197F012F
:10585000F61972681B062343136011E0144884464E
:10586000880162448446B4446046826240461060C7
:10587000002909D100236D0175196B600D4BEB6098
:10588000012080BCB846F0BD084AC9009046624677
:1058900041445162C0E7FDF735F8D3E77434002086
:1058A00084001050040010502CD200200000105032
:1058B000800010500001105010B513F0A5F910BD74
:1058C00010B57F200C0020404000E40911000019B1
:1058D0001A00034B4001C01800F056F8012010BD1B
:1058E000743400207F23180010B50840CA090B4209
:1058F00003D107497D3B9B1A8B66400080188022AC
:10590000044B40010021C018120113F085F910BDAD
:1059100000201150743400207F22130010B50B407A
:105920000A4200D110BDC9095B005B1804485B0145
:10593000C018002300220349C37013F06DF9F1E78A
:1059400074340020FFF7FFFF80220A4B520410B589
:105950001A60094B09491A6010000B689843FBD183
:105960008022002152010648FDF7B6FC0922054BB2
:105970005A6710BD00E0004000F0004008C0004041
:105980000000105000001150002310B5C3820133F5
:10599000828283760161040013F01EF9002804D08E
:1059A00080219023074A8902D150200013F024F966
:1059B000002802D00123237710BD200013F004F942
:1059C000FAE7C046002011507047C0467047C046F5
:1059D00000207047002070477047C0467047C0469F
:1059E0007047C0467047C046024B5878431E9841E6
:1059F000C0B270476C1F0020024B18784007C00FE0
:105A00007047C0466C1F0020F8B54746CE4680B5AB
:105A10002B4F06003B78FF2B04D00120C0BCB946B9
:105A2000B046F8BD002154222648FDF755FC00225F
:105A3000254C264B20001A70FCF70EF9244B1C60F5
:105A4000244C2000143CFCF723F9200001F0F2FD67
:105A5000214B224D1C60224B002B27D02800FFF742
:105A6000C3FA204B2A7818601F49002489461D4933
:105A70000023884610E043461B6862019B18002BF8
:105A800012D05B68002B0FD098472A780134E4B21B
:105A9000511C2300A1420BDBA242ECD89B1A5B01F4
:105AA0004B445B68002BEFD10020B7E72A78DBE797
:105AB00030003E70FFF70AFE3000FFF74DFEACE706
:105AC000241200206C1F0020241F0020ECE3002083
:105AD000C01F00201C120020C41F0020EAE3002089
:105AE000E94F0010401C00203CB50110F0B5DE4627
:105AF00057464E464546E0B5C84B91B002931B78D9
:105B0000FF2B00D13EE1C64BC64E9B465F46C64BBF
:105B10000DAC0193C54B009335686A69EFF31081B2
:105B200072B61368002BFCD0BFF35F8FA961280009
:105B3000210001F0ADFB6A69AB69BFF35F8F002103
:105B4000116083F31088002800D11BE16378082BD3
:105B5000E2D89B00FB589F466368002BDCD0A0680E
:105B60009847D9E77F222179AF4D0A405300EB18BF
:105B70009846C809804440460123303005799D434A
:105B80000571057903339D430571002A00D100E1B9
:105B90004346A74A1B7D1278934200D3EFE0A54A03
:105BA0005B011568ED18002D00D1EBE0A368627968
:105BB0002078AD69A847AFE79F4A1378002B00D142
:105BC000E0E01378013BDBB213701378002BA3D114
:105BD0000122954D01212B78042013432B7034238F
:105BE000EA5C8A43EA54EA5C8243EA540133EA5CA1
:105BF0008A43EA54EA5C8243EA54237800209B46B5
:105C000000F0A0FC602223791A40602A00D1EFE066
:105C1000402A00D1F5E0DB06DB0E012B00D113E1B9
:105C2000022B00D1C7E0002B00D0E1E0202A00D1F8
:105C30001CE2002A00D0DBE06379092B00D9D7E011
:105C40007E4A9B00D3589F46774D2B78DB0700D4C4
:105C500062E7FFF7C7FE5FE7019BDB78DB0700D455
:105C60005AE76068FFF7B2FE56E76F4D2B78DB0707
:105C700000D451E728780007C00FFFF7B1FE4BE7CB
:105C800023786A4999468B46694B6A4998468A4601
:105C900039001A7847460023B04600254E4689460B
:105CA00010E053461B686A019B18002B00D176E078
:105CB000DB68300098473A780135EDB2511C2B0073
:105CC0008D4244DC9542ECD39B1A5B015B44EFE7C9
:105CD000237858499946564B8A4698463100BB4628
:105CE0004E461A7800250023474689460FE0534662
:105CF0001B686A019B18002B55D0DB683000984761
:105D00003A780135EDB2511C2B008D4207DC9542EB
:105D1000EDD39B1A009A5B0194466344EDE7019D25
:105D2000542200212800FDF7D7FA1022FF21444811
:105D3000FDF7D2FA28002022FF2114304E465F469C
:105D4000FDF7CAFA00F0F4FBFFF748FEE4E6364D33
:105D5000542200212800FDF7BFFA1022FF21281D40
:105D6000FDF7BAFA28002022FF21143046464F469C
:105D7000FDF7B2FA00F0DCFB2379AB70CCE6501CE7
:105D8000984213DA11B0F0BCBB46B246A946A04611
:105D9000F0BDA3686279207800F0E8FBBCE64646D7
:105DA0004F46214DE6E74E465F46CBE71F4D9B1A17
:105DB0005B015D19FAE67023217A0B4218D1C809FC
:105DC00082460F330B405B0098461948EB1853444A
:105DD0001B7D00789946834266D216485B010068B5
:105DE00081469944002A00D15FE14B46002B68D1DF
:105DF00020780021FFF776FD80212078FFF772FDE3
:105E00008AE6104800F09EFB012158460EAAFFF7D3
:105E1000D1F8002800D07FE6EAE7C046241200202F
:105E200094B40110C41F00206C1F00203CB5011069
:105E3000EAE30020401C0020ECE30020B8B401108D
:105E4000701F0020B54F0010237A0F2BD0D8CF4AF7
:105E5000EB181B791578AB423ED3691C9942C7DB1E
:105E60005D1BCB4B6D01ED18686900F06BFB0121E8
:105E700058466B690EAA9847002800D04CE660226D
:105E8000150023791D401A42B2D163790A3B012BD8
:105E9000AED800F057FB63790A2B00D199E1584640
:105EA0000EA900F0D9FA37E6431C4B4500DAF7E0BB
:105EB0004B461B1A5B019946B5488144002A00D124
:105EC000F3E04B46586900F03DFB4B460121584634
:105ED0005B690EAA98479CE7AE4A5B011568ED180E
:105EE000002DC1D184E7A37999466B789945D6D026
:105EF0006B78002B00D033E14B466B70002B00D148
:105F00002BE148460138C0B2FFF79EFA002800D1C5
:105F10007EE143780793022B00D079E10122C17919
:105F2000B1468B11491113400A40302112015B0127
:105F300013432A78A8468A4313432B7009239A46B1
:105F400082445646BA46C37882781B021343C3186C
:105F500005938E4B04938E4B08938E4B09938E4B77
:105F60000A93059BB34200D855E1737801220B2BAD
:105F700003D13378F278F6187378042B00D044E11B
:105F8000059B00279B1B9BB20693049B0B921D78DD
:105F9000002303931BE0099A7B011568ED18002D7F
:105FA00000D132E1310058462B69069A9847844661
:105FB000082803D9069A824200D313E1049B0137D3
:105FC0001D78FFB26B1C03979F4200DD1DE1BD42AF
:105FD000E1D8039B5D1B089B6D019C466544E1E78E
:105FE0006B780CAA02321370584601230EA900F0F8
:105FF00049FA91E5E3881A0AD8B20F2A00D9F7E6E0
:1060000066499300CB589F460EA800F0A1FA584667
:10601000A179FFF7A7FB02222B7813432B707BE5B6
:10602000E388012B00D0E3E608222B7858469343FF
:106030000EA92B7000F010FA6EE5022029780CAB47
:106040009A1C8B068908DB0F01400B4313805846CE
:1060500002230EA900F016FA5EE5E388012B00D0BA
:10606000C6E608222B7813432B7018E7237A0F2BF0
:1060700000D9BDE6EB181D79444B1B789D4228D210
:10608000444B6D011B685D19002D00D1B0E66869B5
:1060900000F058FA012158466B690EAA9847B8E6F5
:1060A000002A00D0A4E6002399466279022013005A
:1060B00003928343012B15D0002A00D098E62B00D1
:1060C0004344534430331B790CAA9B07DB0F023245
:1060D000BCE75A1CAA4200DA8AE6ED1A2C4B6D0185
:1060E000ED18D4E7E388002B12D1029B1878039BAC
:1060F000012B23D0FFF7F6FB43460221EB18534454
:1061000030331A790A4301211A711A790A431A7134
:106110004B46002B00D1FFE4586900F013FA4B46C0
:1061200001215B690EAA58469847002000F00AFA40
:106130003523EB5CDB0700D5EEE4B0E6FFF7ECFBC4
:1061400043460221EB18534430331A798A431A71BB
:106150001A7903998A431A71DAE7FFF73FFC9EE642
:1061600000215846FFF708FB5846FFF7A5FBAB7820
:10617000074903930491054B064998461A780591FF
:10618000002329001D008A461BE0C046EAE30020E8
:106190003CB50110401C0020801F0020E0B401101D
:1061A000059B6A011B689B18002B4DD0DB68584685
:1061B000984743461A780135EDB2511C2B008D42A9
:1061C0002EDC9542ECD39B1A049A5B0194466344FF
:1061D000ECE70CAB9A1C584601230EA9157000F091
:1061E00051F999E40B9A012A4FD0002A3CD00023A0
:1061F000B07804E00133DBB20F71934234D2C1189E
:10620000C9B241440D79FF2DF4D04E46454657465C
:1062100000236B70ECE54E465746FFF7DDFB3EE68C
:106220005546542200212800FDF756F81022FF2180
:10623000281DFDF751F828002022FF211430FDF71A
:106240004BF8039BAB7057E65546FAE7FEF7AEFEF8
:10625000021E00D1CCE5D37891781B020B4358463F
:106260000EA900F00FF9D4E565463B002A00310085
:106270000A9800F07DFEAC46049B039A1B786644A6
:106280000133934200DB6CE6BFE7174B2969994263
:10629000ADD1079AABE7FFF79BFB021E00D1A7E544
:1062A000584613780EA900F0EDF8B2E52189FFF702
:1062B000CFF8021EF4D19BE5022A0FD0FFF78AFB2C
:1062C000021EC8D194E5FFF7BBF8021E00D18FE58E
:1062D000122358460EA900F0D5F89AE5FFF7B4F856
:1062E000021EB8D184E5C04661690010F8B5574672
:1062F0004E46DE4645460C00E0B516001F00002A5B
:106300003CD01F4B00259A46702399461D4B9B4657
:1063100017E05B462000997800F0ECFD00281FD0C4
:1063200021004046FFF744FA002819D0A378DA0983
:10633000012A1CD00A9A013513702378E418B5425B
:106340001CDA6378052B0BD1E3789B079B0FBB42CC
:1063500006D153464A461B789846A3781A42D8D0AD
:106360000020F0BCBB46B246A946A046F8BD0B9A39
:10637000013513702378E418B542E2DB0120F0E721
:10638000241200206C1F0020702270B5094B0C00F5
:106390001D788B781A4201D0002070BD064B20007A
:1063A000997800F0A7FD0028F6D021002800FFF71B
:1063B000FFF9F2E7241200206C1F00200B007F2061
:1063C00010B51840DB0934334000044AC018044BB0
:1063D0001168C01800F04AFD10BDC046C01F002063
:1063E0006C1F00200B007F2010B51840DB093433F0
:1063F0004000044AC018044B1168C01800F05EFD4C
:1064000010BDC046C01F00206C1F002070B57F2447
:106410000F480C4064000419CD0964193034207908
:10642000C00701D5002070BD0126257909483543F4
:1064300000782571FFF744FA0028F4D1012223796E
:10644000934323712379033293432371EAE7C046D0
:106450006C1F00202412002070B5094C0600082291
:1064600020000D00FCF73EFF00238021E360A360C5
:106470002B783000994300220023FFF7C7FF70BD3F
:10648000101F0020F8B5CE4647469046264E80B5F0
:106490008146082230000D001F00FCF723FF434611
:1064A000B3600023F381EC79AB7924021C43231CF5
:1064B000BC4200D93B1C9FB2B381002C0ED0002FF0
:1064C00018D04346002B2CD03B1C402F1BD89FB22A
:1064D00033787F2B1CD80021144A0FE080212B78C1
:1064E0000022994348460023FFF790FFC0BCB946FD
:1064F000B046F8BD7F230022317899433B004846DF
:10650000FFF784FFF2E740239FB233787F2BE2D975
:10651000064C3A0041462000FCF7E4FE80212200B0
:10652000ECE70020E2E7C046101F00202C1F0020EF
:1065300010B5142200210248FCF7CEFE10BDC04663
:10654000101F0020014B18617047C046101F00202B
:1065500010B5054C010008222000FCF7C3FE002303
:10656000A360E36010BDC046101F002070B5384C1A
:106570001D0023780600DA09C9098A4210D00020DC
:10658000002D00D070BD21003000FFF703F9236912
:10659000002B03D022000321300098470120F1E7AF
:1065A000A0687F2B05D8002834D02A002949FCF7A1
:1065B00099FEE289A1685219E38892B24919E281F1
:1065C000A160934214D03F2D12D9A389981A051CBB
:1065D00080B240282AD82078ADB27F2828D8002160
:1065E0009A4232D01B4A2B003000FFF70FFFC9E759
:1065F0002369002B05D02200022130009847002893
:106600000AD0802123780022994330000023FFF72D
:10661000FDFEB7E70020B5E700213000FFF762F983
:1066200030008021FFF75EF90120ABE74025D2E77B
:106630009A4207D0074C2A002000FCF753FE802125
:106640002200D0E780210022CDE70022CBE7C04620
:10665000101F00202C1F002070B50400FFF7C4F9A4
:10666000002800D170BDFFF7C7F90028FAD1E37800
:10667000002BF7D025001035280000F0F3FD3F284F
:10668000F0D90020E178FFF799FE0028EAD0280031
:1066900000F0E8FD3F2808D992239B00E218E1783A
:1066A00040230020FFF7B2FEDCE7E1780020FFF78F
:1066B00099FED7E710B50400FFF796F9002801D13D
:1066C000002010BDFFF798F90028F9D1B2229200FE
:1066D0006243034B01309B181B791840F1E7C04619
:1066E000481C0020B2239B00434310B502481818F1
:1066F00000F09AFD10BDC046581C0020F0B5B2262F
:10670000B60046433500C6468023204F10350400AE
:1067100000B57D195B029A4200D31D4A280092B24F
:1067200000F004FE8046FFF75FF9002803D14046E1
:1067300080BCB846F0BDFFF75FF90028F7D1B2235F
:106740009B005C433C19E378002BF0D0280000F05C
:1067500089FD3F28EBD90020E178FFF72FFE0028C4
:10676000E5D0280000F07EFD3F280AD992239B0047
:106770009C4666444023E178BA190020FFF746FEA4
:10678000D5E7E1780020FFF72DFED0E7481C002078
:10679000FFFF0000F8B50400FFF726F9002801D13B
:1067A0000020F8BDFFF728F90028F9D1B2239B009B
:1067B0005C432500144E2435AD19280000F034FD4B
:1067C0000028EDD037190020B978FFF7F7FD002831
:1067D000E6D0A2239B009C466444A4192100280013
:1067E000402200F0A3FDB978051E08D00300220066
:1067F0000020FFF70BFE0028D2D02800D1E70020B0
:10680000FFF7F0FDCCE7C046481C002070B5B2246D
:10681000A40044430B4B0500E41880235B029A421A
:1068200000D3094A200092B200F048FE0600200082
:1068300000F0FAFC3F2801D8300070BD2800FFF7B7
:10684000A9FFF9E76C1C0020FFFF0000B2239B00AA
:10685000434310B50248181800F004FD10BDC046AF
:106860006C1C0020B222F0B500251B4C83B0002127
:1068700020009200FCF730FD184B80261D70FF238E
:106880006371E1235B02A3602100082320007600EE
:10689000A373320038310095073B103000F08EFCB6
:1068A00021000123200039313200FF3100932430D0
:1068B00000F084FC8E239B00E7183800FBF7CCF92E
:1068C00090239B00E6183000FBF7C6F9E5612762CC
:1068D0002663656303B0F0BD481C0020441C002003
:1068E0000B4B196B00290AD01A6A002A0DD000221E
:1068F0001A621A63DA6100225A63012070471A6A29
:10690000002AFAD0D9611962F7E71A63F3E7C046A3
:10691000481C002070B50F4C052200212000FCF718
:10692000DBFC0D4D2B78DA0707D50C4C9B070CD5FB
:106930000121200000F09EFE70BD2000103000F00C
:1069400079FE2B78054C9B07F2D4200000F072FEF4
:10695000EEE7C046481C0020441C00206C1C0020B0
:10696000F0B5C64600B54B79060082B0022B02D1C5
:106970008B79022B05D00025280002B080BCB846D8
:10698000F0BD214FBB78002BF5D18B7809253B70EA
:106990000C780C196378242B0BD1082A02D821E03B
:1069A000AA421FD32378E4185D196378ADB2242B73
:1069B000F6D0052B1AD0042B14D163790A2B11D1F0
:1069C000237821009846114B022201930133009352
:1069D000300002234144FFF789FC0028CBD00E355C
:1069E0004544ADB23800FFF737FEC5E7210030005F
:1069F000FFF7CAFC0028BED0A3787B7023785D190E
:106A0000E4186378ADB2D6E7481C00204A1C002089
:106A1000F8B5602314001278050013400020202BE5
:106A200012D12F4A6379277916781B023B439E4285
:106A30000AD16378222B1AD007D8202B3CD0212BE7
:106A400002D1012930D00120F8BD232BFCD101292E
:106A500040D00329F7D1234B002BF4D0E178A37861
:106A600009020020194300E000BF0120ECE70129E2
:106A700030D00329E7D101252E00A378E47802392C
:106A800024021C431471264024321000714000F08F
:106A9000F1FD154B002BD6D06208002031002A40B2
:106AA00000E000BF0120CFE70723210028000F4AA4
:106AB000FFF7E8FC0120C7E70129F5D00329C2D17F
:106AC0000B4B002BBFD0083200201100FEF792FACA
:106AD0000120B9E721002800FFF7BEFC0120B3E741
:106AE000481C00200000000000000000501C002096
:106AF000F54F0010F0B54F464646D646374DC0B567
:106B0000EA781F0080460C00AB788A423BD08B426B
:106B100010D00020E0BCBA46B146A846F0BD304BCC
:106B2000002B04D02F4800F095FB002853D02800FC
:106B3000FFF792FDAB78A34201D00120EAE72A4B90
:106B4000002B02D0002000E000BF0020FFF722FE53
:106B50000028F2D1254C200000F066FB0028ECD183
:106B6000002FEAD0BF06E8D1243C4046A178FFF7C9
:106B700025FC0028E1D0002300224046A178FFF741
:106B800045FC0120C6E792239B00EE1810239A468D
:106B9000AA4431005046BAB200F090FC144B002BCE
:106BA000BDD06B79FF2BBAD0002FB8D0F219914627
:106BB00003E00136B145B2D06B7932789A42F8D110
:106BC000504600F047FB0028F3D15346103B59795B
:106BD00000E000BFEDE700E000BFA8E7481C002090
:106BE00000000000581C0020000000006C1C002069
:106BF00000000000B32270B5144C84B000212000C6
:106C00009200FCF769FB231D0293230020008025DE
:106C10004026CD336D00FF33A930009300220023BE
:106C2000002103960195FF3000F0BCF923002000FD
:106C30004433A834029301220023002103960195D6
:106C40000094843000F0AEF904B070BD90200020B4
:106C500010B5054C200000F0DBF920002538FF3886
:106C600000F0D6F9012010BD3822002010B5064CE6
:106C700000232000B130FF30237000F0DBFC200047
:106C80008C3000F0D7FC10BD90200020F0B55746A6
:106C90004546DE464E46E0B54B7980460F0083B050
:106CA000FF2B28D1454B0C789946AA234946FF3340
:106CB000CB5C002B1FD18533CE5C002E1BD1BB7863
:106CC0003C190B703B79002B12D0D8235B004B444E
:106CD0009A468C234B449B46A5186378052B05D117
:106CE00011E02378E4186378052B0CD0A542F8D87E
:106CF000E01B80B200E0002003B0F0BCBB46B2460F
:106D0000A946A046F0BDA542F2D921004046FFF7B2
:106D10003BFB0028EFD0A3780136F6B2DB09012B4C
:106D200029D0504600F086FCAA234946A278FF33BA
:106D3000CA54637922791B021343214A5B059446A6
:106D40005B0DD42163445A4253414A460220490014
:106D5000525C5B00824313434A46535451464046BB
:106D6000083900F0BDF90028C5D02378E4183B7934
:106D7000B342B2D8BCE7584600F05CFC5A468523C3
:106D8000A1788C3AD154637921791B020B430C49C9
:106D90005B058C465B0D634459424B4184215B008B
:106DA00001930223505C9843019B0343535459467B
:106DB0000020083900F062F9D7E7C0469020002093
:106DC00000FEFFFFF8B5AA2506001F48FF35455D08
:106DD0001F008D4215D08523C35C00208B420FD14C
:106DE0001A4B002B04D039040020090C00E000BF2E
:106DF000174C3000210000F041F9002814D0012088
:106E0000F8BDDA235B00C35A002B14D1114B002BC1
:106E100004D000201049BAB200E000BF30000F4992
:106E200000F05EF90120EBE73A002100300000F0AD
:106E3000F1F80120E4E7D6235B00C158B130BAB2C3
:106E4000FF3000F03BFBE1E7902000200000000055
:106E5000142100200000000094200020382200208F
:106E600010B50020FEF7D0FD10BDC046037870B508
:106E7000DB0704000E00DD0F002B17D103785B0742
:106E800001D5280070BD01213000494211F08CFE6F
:106E90002378DB07DD0F002B0AD123785B0708D4AA
:106EA0000422237801251343237002E00025E8E73C
:106EB0000025300011F048FEE3E7C04670B50C0035
:106EC000012106004942200011F06EFE33785B0775
:106ED000DD0F002B04DB200011F036FE280070BD12
:106EE0003378DB0704D40422337893433370F2E71A
:106EF0000025F0E7437902791B021343C2785B0552
:106F000092075B0D920F022A1DD0032A0CD000209D
:106F1000012A08D102394A425141124A9446614439
:106F200099424041C0B2704702394A1E91410E4A0F
:106F3000494211408022D200944600206144994287
:106F40004041C0B2EFE7022905D0002040229A421A
:106F50004041C0B2E7E7054A981843425841C0B2E1
:106F6000E1E7C046FF03000040FCFFFF00FEFFFF1B
:106F70008A1870B5914207D27F264C78052C04D030
:106F80000C7809198A42F8D870BD34008D782C40ED
:106F900064000419ED0963550C7809198A42ECD88C
:106FA000F2E7C046F0B5C64600B582B0150008AAA3
:106FB00040CA040017880BAA1288012090460A00D4
:106FC0002178024081432000114321703A00009350
:106FD00031000123083000F0F1F8002E01D0002F1D
:106FE00008D10A9B012063604346638002B080BCE5
:106FF000B846F0BD26001C363000FAF72DFE0023FF
:10700000002D01D0330000266361A661E9E7C04688
:1070100001207047F8B502240B7807001C4063423A
:107020005C41144B64421C40134B08009C460830E2
:107030000D001600644400F0F7F8002807D1002E78
:1070400005D0344203D101242B781C4201D000200A
:10705000F8BD38006978FFF7B1F90028F7D02B7830
:107060001C42F4D10023002238006978FFF7CEF9E2
:10707000EEE7C04640FEFFFFFF010000F8B50D003F
:107080000835060028000C0000F0CEF8002803D0D8
:10709000012723781F4201D00020F8BD300061781D
:1070A000FFF78CF90028F7D028006288616800F0AB
:1070B0003DF92378051E0BD01F42EDD10300626815
:1070C00030006178FFF7A2F90028E5D02800E4E756
:1070D0001F42E1D130006178FFF784F9DCE7C04658
:1070E000F8B5CE46474680B58A8905000C000B7876
:1070F000002A07D101261E423FD00020C0BCB9465D
:10710000B046F8BD9B0734D5FE2380261B02994666
:10711000B60027000837380000F0A4F88642ECD803
:107120000122237890461A42E7D128006178FFF7C0
:1071300045F90028E1D0380000F094F8864231D8B3
:107140004146237862881942D7D14B461840061C25
:10715000904200D9161CB6B200226178002E00D0F1
:10716000626833002800FFF751F90028C5D03000CD
:10717000C4E7114B40269946CBE74978FFF71EF943
:107180000028BAD0227863881642B6D100226178EE
:10719000002B00D062682800FFF738F90028ACD037
:1071A0006088ABE7424623781A42A6D1280061786E
:1071B000FFF718F9A1E7C046C0FF0000F0B5C646CA
:1071C00000B5040006A805788020884617001E0038
:1071D0000002824226D8E068002803D001214942FB
:1071E00011F0E2FC2069002803D00121494211F08E
:1071F000DBFC4346236073045B0CED031D4300235B
:10720000E0686381A780E5802381002801D011F028
:107210009BFC2069002801D011F096FC012080BC65
:10722000B846F0BD0020FAE710B50489418982888C
:10723000A3B288B28C4207D31B1A9BB2101C9A428D
:1072400000D9181C80B210BD5100091A5B189BB2FE
:10725000F4E7C04603894089181A43425841C0B236
:107260007047C04610B5048941898288A3B288B2AC
:107270008C4207D31B1A9BB200209A4201D9D21A22
:1072800090B210BD5100091A5B189BB2F4E7C046DA
:1072900070B5040000690E00002803D001214942A6
:1072A00011F082FC25896089A288A9B283B2854247
:1072B0002CD3CD1AADB2002D2ED0AA4208D29142C5
:1072C00030D3891A8BB263819A4203D89B1A9BB23E
:1072D0009A42FBD9E28821685204520C5343300091
:1072E000C918FBF7FFFF63890125591C89B2A288E1
:1072F0008B4213D900215200891A89B22069618119
:10730000002801D011F020FC280070BD5500ED1AB6
:107310004D19ADB2002DD0D1618989B25200914290
:10732000ECDBE9E789188BB26381CDE7F0B546461F
:107330004F46D646C0B506000069894690460028EB
:1073400003D00121494211F02FFC31897289B5889F
:107350008BB294B2914254D31F1BBFB2002F4AD0BC
:10736000BD4205D2AB4251D25B199CB22F00748151
:107370004346B8453DD89FB2A54203D8641BA4B28A
:10738000A542FBD9F28831685204520C9046624300
:107390002B1B9BB2891842469F4225D953439BB26F
:1073A0001A0048469A46FBF79DFF434648467D1B18
:1073B00064195C4331685044A2B2FBF793FF7189B2
:1073C000B588CB199BB26A00994216D99B1A9BB219
:1073D00030697381002801D011F0B6FB3800E0BCA1
:1073E000BA46B146A846F0BD48467A43FBF77AFF55
:1073F000E5E73B1CBFE773899BB26A009342E7DB7A
:10740000E4E76F003F1BDF19BFB2A7E75B1B9CB22D
:10741000ACE7C046F8B50400C0680E00002803D0F1
:107420000121494211F0C0FB258920896189A28888
:10743000ADB283B28FB2884229D3DB1B9BB29A4292
:1074400009D8E779FF0906D1E068002801D011F0DA
:107450007BFB3800F8BD95421ED32B009B1A9BB2D4
:107460009342FBD2E28820685204520C534331000D
:10747000C018FBF737FF6B1C9BB2A2889D4218D93E
:10748000002352009B1A9BB201272381DCE75100A5
:10749000C91B5B189BB2D2E72B00E288206852041C
:1074A000520C53433100C018FBF71CFF0135A28872
:1074B000ABB252009342E7DBE4E7C046F0B5574673
:1074C0004546DE464E46E0B5140005000F0083B089
:1074D000002A75D0C068002803D00121494211F06C
:1074E00063FB2E89E9796A89AB88B6B292B2C90981
:1074F00045D1964200D36DE059008A1AB21892B273
:10750000002189469A4234D29A1A111C92B2A242A0
:1075100000D9211C8AB29146EA885204520C904646
:107520004A46B21892B292464A46D21A92B293464C
:1075300034009E4203D3E41AA4B29C42FBD24246DA
:10754000624328681B1B9BB2801842464B4554D3AC
:107550004B4639005A43FBF7C5FEAB885B005645E6
:1075600001D89A4503DB5246D31A9BB29A4653463A
:107570002B81E868002825D011F0E6FA22E0E9889E
:107580004904490C88469C4227D2964247D3B11AF7
:1075900089B28C465800E11A89B28B4661460919B6
:1075A000814208DBD11889B20E1BB6B28A46B242BC
:1075B0003BD9361AB6B2A21992B29246A146B7E7A3
:1075C00000239946484603B0F0BCBB46B246A946E4
:1075D000A046F0BDB21A92B292E700218946002B74
:1075E000C7D04146E41A4C431600D118002289B294
:1075F0008A46994693463F199AE753439BB21A002D
:1076000039005C440193FBF76DFE414622004A437A
:10761000019B286892B2F918FBF764FE9DE75800B9
:10762000811A711889B28C46B5E7A146B04200DDD7
:107630007EE7BEE710B50400C068002803D0012132
:10764000494211F0B1FA2069002803D001214942D2
:1076500011F0AAFA0023E06863812381002801D099
:1076600011F072FA2069002801D011F06DFA0120A2
:1076700010BDC04670B50400C0680D00002803D0DE
:107680000121494211F090FA2069002803D001211C
:10769000494211F089FA7F21E379ED011940E06850
:1076A0002943E171002801D011F04EFA2069002829
:1076B00001D011F049FA012070BDC04610B507F0A5
:1076C000F1F910BDF8B501230B72040007F01EFAA2
:1076D0000500431C0BD1104B186859680F4B2268EA
:1076E0009860D9601900200052699047F8BDFAF7F8
:1076F000F7FEFA2206000F00002328000021920066
:10770000FBF77EFD8023801979411B069942E5D362
:10771000012003494042E1E7C0B0011028120020D7
:10772000FFFFFF7F70B5094D04002B78002B08D0B8
:107730000123074920000B722368DB699847012069
:1077400070BD00F0C5FB01232B70F1E7F3E30020CF
:107750004012002010B50400036804499B69984753
:107760002368200002491B6A984710BD2812002098
:1077700040120020002070477047C04610B5FAF74D
:10778000AFFE002905D0FA2200239200FBF704FA8D
:1077900010BDFA218900FBF7C1F9F9E783680830C9
:1077A000002B04D107E018001B68002B03D099427E
:1077B000F9D1002003E00023016001200B60704735
:1077C0008368002B08D08B4202D107E0994206D093
:1077D00018001B68002BF9D10020704708300B6897
:1077E00003600120F9E7C04643680430002B04D150
:1077F00007E018001B68002B03D09942F9D1002044
:1078000003E00023016001200B6070474368002BF8
:1078100008D08B4202D107E0994206D018001B68BD
:10782000002BF9D10020704704300B680360012061
:10783000F9E7C046F0B55746DE464646C0B53E4B72
:1078400082B05C681B680093019483688246002BB9
:107850002CD0082353449B46FAF742FE53469B68BC
:1078600004000D005F46002B20D000221E0094462D
:107870009846B268F36820002900801A99410029CF
:1078800002DB14001D00BC4637003668002EF0D124
:1078900062464346002A48D0116850460B68136080
:1078A0004B68984753469B68002BD5D153465C687C
:1078B000002C29D000255646237A002B31D02100F8
:1078C00063682572300098472468002CF4D1B168B1
:1078D000B246002918D0009C019D0E0003E0040070
:1078E0000D00002E0ED0330022009868D9682B00BE
:1078F000121A8B413668002BF1DCF2D1002AEED14E
:10790000002EF0D100940195009B019C5246180076
:1079100021001361546102B0E0BCBB46B246A846E8
:10792000F0BD2468002CC7D1D1E7190053465C682C
:10793000002CBFD1CFE7C046C0B0011070B50F4CCE
:107940000F4D104A24184D41A900A00F0843A90F5C
:1079500069400D4B6040FBF753FC4A01C30E1343D3
:10796000CA0E58405140094B094AFBF749FC4A00EE
:10797000C30F1343CA0F5840514070BD157C4A7F56
:10798000B979379EB9E5E41C6D4758BFBB49D0941F
:10799000EB113113F0B504684568060023002A0096
:1079A000C6468068F16803430A4300B5134304D117
:1079B000FAF796FD03000B43FAD02A06230A60402B
:1079C000270613432A0A3A43070CBC4669404B403A
:1079D000984663460F041F43424003045A404346FF
:1079E0007B4032607360C20E4B011343C90E4001ED
:1079F0000843B360A10FAB000B43A20012196B4107
:107A0000F060D901500E0843D201590E11430C0009
:107A100005004B0FC1001943E0000019694180BC0B
:107A2000B846F0BDF0B5DE4657464E464546E0B591
:107A3000BC4991B008910978002900D1E5E00CAB70
:107A40009846B94BB94C0293B94BBA4E05931022E4
:107A500005994046FBF746FCB74B06931B78DBB213
:107A60000793FAF73DFDFFF769FF0C9B434008932E
:107A700043465B684B400993B04B9B69DB0433D5AD
:107A8000AF4BDA6BE0231340402B2DD0EFF305838F
:107A90009A46AC4B2768994600239B4633005646CE
:107AA00065689A4638002900002E1AD0FAF722FDA0
:107AB000EFF3108272B64B461B68002BFBD0BFF36E
:107AC0005F8F2368BB4212D0BFF35F8F4B4659468E
:107AD000196082F310882768656838002900002E35
:107AE000E4D1FAF7F3FBE3E7FAF70CFFCEE76368BC
:107AF000AB42E9D1914B1500DF69FAF7F1FC0A229C
:107B00000023801859410B008021564602000906C7
:107B10008B4202D301228C4B524201200CC43268AA
:107B2000736892185B41384010430024009201931F
:107B300030607360BFF35F8F824A146085F31088F2
:107B40000199FFF7FBFE43469B6842465840434677
:107B5000DB6890604B40D3607C4A029B94461B7864
:107B60007B4ADB006344986890424CD00021FFF7C9
:107B7000E5FE089B43400C93099B4B40190043468C
:107B80005960EFF3108572B66E4A1368002BFCD073
:107B9000BFF35F8F069B079A1B78934214D005981A
:107BA0000C9A036841685A4043465B680C9242460F
:107BB0004B40536092688368C1685A404346DB6813
:107BC0004B4041468A60CB604046FFF7E3FE1022FF
:107BD00006000C0005984146FBF784FB069A1378D3
:107BE0000133DBB21370BFF35F8F0022554B1A6075
:107BF00085F310883000210011B0F0BCBB46B246BE
:107C0000A946A046F0BD9C60B0E7524D524CAC4630
:107C100020686168514DA246A84600920193850DE7
:107C20008F0286022F4334003D0024184D41A30EDD
:107C30009946AB0101934B46019A1A43A301009365
:107C40000192009C019D241A8D412000644608CCBD
:107C5000290002930023A4460393029C039D00196C
:107C60006941C445DBD1544620606160FFF766FE80
:107C70000CAB98460C9B4340029343465B680AA8B2
:107C80004B400593FDF728FC0A980B99FFF756FE29
:107C900043469B68434006934346DB684B4007934B
:107CA000264B9B69DB0400D4F4E0254BDA6BE02320
:107CB0001340402B00D1EDE0EFF3058300249A46FA
:107CC00000234025009301941E4B2E0099465546F3
:107CD000C346164C0023B04627682E0065689A46B6
:107CE00038002900002E1AD0FAF704FCEFF31082B6
:107CF00072B64B461B68002BFBD0BFF35F8F236827
:107D0000BB422DD0BFF35F8F4B465146196082F3C3
:107D100010882768656838002900002EE4D1FAF73A
:107D2000D5FAE3E7FFE30020EEE30020C8190020C6
:107D3000D0000020C0000020EFE30020000006403B
:107D400000800040300100D0FFFFFF7F00000340B3
:107D5000FFFFFF00001C0420C800002000200420BA
:107D60006368AB42CED1350046469046009A019BEF
:107D700010001900801859414B4BDA690123134058
:107D8000034300930191FAF7ABFB0A22002380180A
:107D900059410B008021020009068B4202D30122C7
:107DA000424B524222606360012E5ED100980199DD
:107DB00035003F4E474630607160D846BFF35F8F55
:107DC0003C4B994600234A46136087F31088FFF71F
:107DD000B5FD029B43400C93059B4B4019005B464D
:107DE0005960FAF77DFBFFF7A9FD069B4340180099
:107DF0005B469860079B4B4019005B46D960EFF3E8
:107E0000108772B64B461B68002BFBD0BFF35F8F09
:107E1000089B1B78002B31D1274BDA681F2A3CD0F6
:107E20005A691F2A3AD0DA691F2A39D05B6A0325BA
:107E30001F2B33D0FAF766FDFF25FF231F4AED0005
:107E400013701F4B02929C46052365446B604046AD
:107E5000FFF7A0FD1B4B1022180041460593FBF7CE
:107E600041FA0123089A13700CE0BFF35F8F0023DF
:107E70004A46136088F31088013E2BE70F4B0293AC
:107E8000104B0593BFF35F8F00220A4B1A6087F3F4
:107E90001088DCE5FAF736FD0EE70025EBB2CDE7FA
:107EA0000225EBB2CAE7C04600000640FFFFFF7F95
:107EB000C0000020300100D000000340EEE30020AD
:107EC00008000340D000002010B5FFF7ABFD10BD47
:107ED00010B502F0C3F901F0C9F801F091FA01F010
:107EE00035FB06F027FE02F047FA00F0FDFB06F036
:107EF00093FD10BD40BA80B27047C04600BA7047CB
:107F0000F0B58446002408002027013A02E001343D
:107F1000002D11D063461D5D035D9D420AD02E00E9
:107F20003E43F6B231006139192907D83B43DBB231
:107F30009E4203D1A242EAD10020F0BD0120FCE71D
:107F4000F0B5C646584D04002B68884600B5002B96
:107F500003D02A7A824200D17CE0544E2701EB689C
:107F6000002B02D02A7DA2426AD0AB69002B03D03D
:107F70002022AA5CA24259D06B6A002B03D02C228B
:107F8000AA5CA2422CD03B191B01F318DB7B002C0E
:107F900035D0B27A022A68D0012C35D08D22520019
:107FA000B25C022A00D172E0022C31D0404AB25CAD
:107FB000022A00D172E0032C2AD1032B0DD83D4DAB
:107FC0009B00585907F010F900223F193F01F7199B
:107FD000FB7B9B005A510423FB7380BCB846F0BD69
:107FE0003819000110304146AA6A3018984700231A
:107FF0006B623B191B01F318DB7B002CC9D18D226E
:108000005200B25C022A3BD0294AB25C022A32D02A
:10801000294AB25C022AD0D1284AB25C9A42CCD119
:1080200004223B191B01F318DA73D6E73819000153
:1080300010304146EA69301898470023AB619BE74E
:1080400038190001103041462A693018984700233A
:10805000EB608AE707013818144E000110306A6897
:108060003018984700232B6079E7F27B9A42D7D0EB
:10807000012C93D1C8E7124AB25C9A42C8D1CFE72B
:108080002022FF32B25C9A4200D08FE7C8E720225C
:10809000FF32B25C9A4200D086E7C1E7084AB25C80
:1080A0009A4200D087E7BBE7D82F0020103000208D
:1080B0002A020000C82F00203A0300003F030000FE
:1080C0002F020000564BF0B54546DE4657464E4659
:1080D00098460301E0B59B461D1843462D015E19E5
:1080E000F37A070089B0012B00D996E04D4A9B0036
:1080F000D4580192002C00D185E010354544280069
:108100000FF0B8FFA022123081B29200362001F0A9
:108110003FFC8146002869D005AC0C2200212000DC
:10812000FBF7DAF83089FFF7E5FE01232080A37022
:108130000C22FF3321004846A38001F0E1FE3A4BB8
:108140000C269A464346013D029703936A786F1CBA
:108150003B0000242E2A07D15AE05A780134E4B2B9
:10816000591C2E2A49D00B00002AF6D1DA1B92B2F4
:1081700090461D002200B218524534DC2200310026
:10818000484601F08BFF731C9BB2A419424639008C
:10819000484601F0F1FEA4B22B78661CB6B2002B63
:1081A000D4D1039B0022310048469846029F01F03B
:1081B00075FF1E4B02340422049304A9A3B248465F
:1081C00001F0DAFE3B0001995B448C461B014344FD
:1081D000DA7ADB7B16499B009200585862443523BB
:1081E000494606F08FFF484601F028FD09B0F0BC73
:1081F000BB46B246A946A046F0BD5B1B9BB2984663
:1082000022000D00B7E70021FFF79AFEB472EDE7F8
:1082100000233D0000229846ADE70648F9F70CF927
:108220001030002008300020FEFF00000001000197
:10823000C82F00204C930110F8B5CE4647460400E5
:1082400080B5042800D17FE00501414E2B181B01A9
:10825000F1188A7A022A33D027D8002A21D03D4B40
:108260008D2798463C4B7F009946FFF72DFEB37A49
:1082700080B2022B3AD0F35D022B3BD04346F35C35
:10828000022B3DD04B46F35C022B3FD002232D192D
:108290002D0175196B81013B2881AB812000FFF70F
:1082A00011FFC0BCB946B046F8BD032A49D1F25807
:1082B000002A16D100232D192D017519AB72F0E794
:1082C0000B7B013BDBB20B73002BEAD14B7B013301
:1082D000DBB24B73042B1FD00B732000FFF7F2FEB1
:1082E000DFE7013AF250002AE4D0DAE7338983422B
:1082F000C1D1BAE71733FF33F35A8342BED1B4E793
:108300008A239B00F35A8342BCD1AEE7CE239B0065
:10831000F35A8342BAD1A8E7CB7A002B07D10F4B8F
:108320005B68002B03D00123CB728B81D5E7002142
:108330002000FFF705FE00222B191B01F3189A728B
:10834000AFE70748F9F778F80648F9F775F8C04637
:10835000103000202A0200003A03000008300020FC
:108360008093011064930110F0B55746DE464E46E7
:108370004546E0B51F00138914008FB00F2B09D8B4
:10838000200001F05BFC0FB0F0BCBB46B246A94632
:10839000A046F0BD00230C22200008A901F07CFDBE
:1083A00005000C28ECD106AB1889FFF7A3FDC34EDE
:1083B000B37A022B78D08D235B00F35C022B7BD049
:1083C000BF4BF35C9846022B00D17FE0BD4BF35CC2
:1083D000022BD5D1CE239B00F35A8342D0D1032365
:1083E00098469A4606AB9889FFF784FD06AB81460E
:1083F000D889FFF77FFD06AB01909B7A7F2BBFD911
:108400004B46012BBCD153461B0153441B01F318AF
:10841000DB7AAD499B003A68CB5802919A42AFD1C2
:10842000882352465B005A43A84B03929B46032382
:108430009946434604935346A046B2461032B718B5
:1084400005932900404601F015FE00282ADB5D4512
:1084500028D0C0230135ADB20340C02B22D0002864
:108460003DD09B4C3E1817E049463A78A35C0B4040
:10847000012B00D12032FF2349461840235C0B40DA
:10848000012B00D1203082420CD15D450AD001354C
:108490000137ADB2BE4222D02900404601F0EAFDCC
:1084A0000028E1DA44466BE73389834200D082E753
:1084B000002398469A4695E71733FF33F35A8342D1
:1084C00000D07DE7012398469A468BE78A239B00DC
:1084D000F35A834200D079E702239A4682E72900C3
:1084E0004046013701F0C6FD0028DBDBA9D1049B23
:1084F00044469846059B56469A46744B9D4200D189
:108500003EE76F1CBFB29F4200D139E73B00042217
:10851000200006A901F0C0FC042800D030E7802329
:1085200006AA52885B009A4200D029E706AB1B8856
:10853000934200D024E7674A974200D920E706AA71
:10854000D27A12075CD199460535ADB2019B002B5A
:1085500000D1A4E02389AB420ED8A0E023893818CB
:10856000984200DB0CE785B22900200001F082FD73
:10857000002800DA04E710D06F1C29002000BFB2E9
:1085800001F078FD002800DAFAE6002F00D1F7E6C6
:10859000C0230340C02BE1D13D004C4B9D4200D194
:1085A000EEE66A1C92B293469A4200D1E8E60BAF1F
:1085B000130039000A22200001F06EFC0A2800D0C6
:1085C000DEE6454B9B4500D9DAE67B880B353889DA
:1085D000ADB24B4502D13B884B4527D0FFF78AFC13
:1085E000802328185B02984200DBC9E63889FFF730
:1085F00081FC019B4519013B9BB2ADB20193A5E7FC
:10860000882352465B005343F318DB7A002B46D194
:10861000029B5B68002B42D088235B0053432F49A9
:108620002F4A4046D152FFF707FEA9E68023DB0020
:108630009842D3D12B000422200007A901F02CFC82
:10864000042800D09CE6882553466D005D437319CD
:1086500099464A46079B2000536001F0EFFA78687C
:10866000FFF74CFC03234A4693721E4B984200D9F5
:10867000180003997051043140467118FFF760FCEF
:10868000882352465B005343F258002A00D07AE612
:10869000F318997A032900D075E69A7273E62000E0
:1086A00001F0CCFA00214046FFF74AFC88235246ED
:1086B0005B0053430022F3189A7264E610300020E6
:1086C0002A0200003A03000008300020FFFF0000EB
:1086D000392E0510FBFF0000F5FF0000010300002C
:1086E0001C300020803A09007047C046012800D99C
:1086F0007047054B8000002902D00A68C250F7E796
:10870000024A1268C250F3E70830002084B8011012
:10871000F8B5DE4657464E4645460223E0B5474E7D
:10872000002534009B460027A37A022B39D030D88D
:10873000002B22D08D235B009846414B9946414B3C
:108740009A46FFF7C1FBB37A80B2022B41D0434671
:10875000F35C022B44D04B46F35C022B49D05346CA
:10876000F35C022B4ED05B46A37201232081E7729B
:10877000280023736773FFF7A5FC01351134EDB2B0
:10878000FF34042DD0D1F0BCBB46B246A946A0466A
:10879000F8BD032B4FD12368002B13D10023A37204
:1087A000EBE7237B013BDBB22373002BE5D1637B3B
:1087B0000133DBB26373042B2AD023732800FFF745
:1087C00081FCDAE7013B2360002BD6D10023A372A2
:1087D000D3E733898342B4D04346F35C022BBAD14A
:1087E0001733FF33F35A8342ABD04B46F35C022B73
:1087F000B5D18A239B00F35A8342A2D05346F35C3F
:10880000022BB0D1CE239B00F35A8342ABD198E721
:10881000E37A002B08D10C4A5268002A04D00122C6
:108820006373E2722273C9E700212800FFF788FB17
:108830000023A372A1E70548F8F7FEFD10300020E1
:108840002A0200003A030000083000208093011043
:10885000F0B557464E464546DE46E0B504008A462A
:108860009146984687B0002900D134E2002800D113
:1088700031E20378002B00D12DE20FF0FBFB461E06
:10888000A35D2E2B00D00600FF2E00D923E2514617
:1088900020000AF043F8071E07D0002007B0F0BC04
:1088A000BB46B246A946A046F0BDC14DAB7A032BEC
:1088B00061D08D235B00EB5C032B70D0BD4BEB5C78
:1088C000032B7ED0BC4BEB5C032B00D18EE0BB4B6B
:1088D0001B68002B00D117E2AB7A022B00D19AE083
:1088E0008D235B00EB5C022B00D1BAE0B14BEB5C5B
:1088F0009A46022B00D1DEE0AF4BEB5C022B00D19D
:1089000002E1AF4B01931A78AB7A9A46002B00D163
:10891000E4E1032B28D0042100238D204000285CB3
:10892000002800D1E0E1032800D126E1A148285C1D
:108930008246002800D1DFE1032800D128E19E48CB
:10894000285C002800D1E2E1032800D140E104299D
:1089500007D00B015B181B01EB189B7A032B00D18E
:10896000B7E10120404299E7AB7BD31ADBB2594211
:1089700059418900D1E72900320020001031FFF76A
:10898000BFFA002895D1AB191B7C002B91D1524620
:1089900003011B181B01EB185B6813607DE72900BE
:1089A000213132002000FF31FFF7AAFA002885D1DB
:1089B000AB192133FF331B78002B00D07EE7012059
:1089C000E5E78C239B0032002000E918FFF798FAB6
:1089D000002800D076E78C2292009446AB196344BD
:1089E0001B78002B00D06DE70220D0E7D0239B003E
:1089F00032002000E918FFF783FA002800D066E76C
:108A0000D02292009446AB1963441B780330002BAC
:108A100000D05CE7BBE72900320020001031FFF7EF
:108A20006FFA002800D05BE7AB191B7C9A46002B3D
:108A300000D055E7634B9B461B68002B00D18EE0AE
:108A40005B46DB68002B00D1B1E15B469B69002BE4
:108A500000D1B0E15B465B6A002B00D040E7032009
:108A60007DE02900213132002000FF31FFF748FA74
:108A7000002800D03AE7AB192133FF331B78002BD5
:108A800000D033E74F4B9B461B68002B00D1A0E181
:108A90005B46DB68002B00D197E15B469B69002BAE
:108AA00000D19CE15B465B6A002B00D01EE70123EE
:108AB00003209A4653E08C239B0032002000E918E3
:108AC000FFF71EFA002800D016E78C229200944689
:108AD000AB1963441B78002B00D00DE7394B9B4644
:108AE0001B68002B3BD05B46DB68002B00D15EE1AE
:108AF0005B469B69002B00D15DE15B465B6A002B06
:108B000000D0F9E603202AE0D0239B0032002000A9
:108B1000E918FFF7F5F9002800D0F2E6D02292001C
:108B20009446AB1963441B78002B00D0E9E6254B33
:108B30009B461B68002B00D14EE15B46DB68002B97
:108B400000D132E15B469B69002B00D131E15B46ED
:108B50005B6A002B00D0D4E603339A4618005A46CD
:108B6000494643001B189B00D15042465B445A6063
:108B700052461A720520404290E61C30FF30285CB5
:108B8000101AC0B2834200D3D0E603000121CDE623
:108B90000D48285C101AC0B2834200D3CFE6064BC2
:108BA000EB5C002B1DD0032B10D00221D1E6C04678
:108BB000103000202A0200003A0300000830002094
:108BC000F2E30020D82F00202E0200000300022133
:108BD0009148285C101AC0B2834200D3B7E6032341
:108BE0009A4603210B015B181B01ED188B4B9B462A
:108BF0001B68002B74D05B46DB68002B78D05B468B
:108C00009B69002B7CD05B465B6A002B00D0A8E6FA
:108C10000333190002938C464B0059465046049387
:108C200063449B00C91808720120AA73A8725A46AF
:108C30004846D050434628004B6032002100103097
:108C4000FAF750FB0023764CAE1933742368002BDF
:108C500061D06368002B00D1A3E0A368002B00D192
:108C60009BE0E368002B00D1A7E06E4A1378013344
:108C7000DBB2032B00D9A6E099006158002900D08F
:108C80009FE05E1CF6B2042E00D0ACE02368002BFF
:108C900000D098E06368002B0AD001261670019A74
:108CA00050461378EE7301331370FFF7C5FA61E78E
:108CB00002263700BF00E359002BEFD104220299AE
:108CC000EA738C465946049AAB72624492008B5008
:108CD00047E68A4686E710204042DFE5002181E72B
:108CE00000231900029396E7012301219A4679E7B0
:108CF0000123190002938EE7022302219A4671E7AD
:108D000002231900029386E706204042C6E50323AA
:108D100003219A4666E70023002605932E2006F0DD
:108D20008FFA8146002820D03F4B03938023DB003D
:108D30009846FFF7C9F882B24245FAD348460399EC
:108D400006F098F803000833F3D000280AD1002277
:108D50004846364906F042FA4A46059B9B00E250D7
:108D6000304A9BE7484606F03FFA0022059B9B00ED
:108D7000E2502C4A13780133DBB2032B00D87BE797
:108D80002368002B1FD16368002B86D1A368002BBA
:108D900001D103268DE7022680E7022302260593F0
:108DA000BCE7012301260593B8E703239A46012077
:108DB000D5E603239A460220D1E603230326059332
:108DC000ACE71E006AE7002668E701239A46180010
:108DD000C5E601239A46C2E603239A46BFE601236D
:108DE00002209A46BBE6B1006158002900D055E741
:108DF0009E1CF6B2042E04D12368002BE3D1033E5F
:108E000057E7B1006158002900D047E70E00012B59
:108E100000D14FE703264CE73E030000D82F002087
:108E2000C82F0020F1E3002084B8011069830010EE
:108E300010B5002482B00094FFF70AFD02B010BD07
:108E40000123F0B51E0000250640184205D0002978
:108E500053DD057801392D02013003221300034050
:108E6000104251D1072957DD072208390F009143DD
:108E70000A00010004000831891822689A189A42F1
:108E80009B415B42D21863680834D31893429241E5
:108E900052429B18A142F0D1F9084A1CD200801816
:108EA000C9001A04791A120C1B0C9B18012910DD39
:108EB00002889B188A1E012A05DD44881B19052992
:108EC00001DD81885B1851084C1C640049000019C1
:108ED000511A012904D10278FE318D431543ADB2F8
:108EE000ED182B0C2D042D0C5B19180C1B041B0CFE
:108EF000C018002E02D180B2F0BD0020030600048D
:108F00001B0C000E1843F6E7012903DD0388023924
:108F10000230A7E70023DCE71A00C5E7F8B557469B
:108F20004E46DE464546E0B591460A9A8A461168A5
:108F30001B680A04120C090C52181904090C521867
:108F40001B0C9B181A0C1B041B0CD3181F0C1B04A6
:108F50001B0C0400FF18002825D000239B46FF337C
:108F600001269846658960682900FFF769FFC019E6
:108F7000070C0004000C3F182E4209D05B46414606
:108F800073403A069B463B0A120C0B401A431700EB
:108F90002468002CE6D15B46002B04D03A063F043F
:108FA000120C3F0E17435046FEF7A4FF040048463C
:108FB000FEF7A0FF2318DB191A0C1B041B0CD31897
:108FC000180C1B041B0CC018C04380B2F0BCBB467D
:108FD000B246A946A046F8BD10B582B0049C0094E4
:108FE000FFF79CFF02B010BD10B5FFF729FFC0438B
:108FF00080B210BDF8B5CE464746040080B50028C3
:109000002FD000239946FF33002701269846658913
:1090100060682900FFF714FFC019070C0004000C5A
:109020003F182E4209D04B46414673403A069946B6
:109030003B0A120C0B401A4317002468002CE6D19F
:109040004B46002B0AD038063B04000C1B0E18437D
:10905000C04380B2C0BCB946B046F8BDF84380B248
:10906000F8E70148F6E7C046FFFF00000322094B7E
:10907000FA219343084A0901136000221A71074A32
:1090800058181060012219600271054A5A50054AA9
:109090001360704777D200206CD2002070D200207D
:1090A000A00FA00FA0380020F0B5D6464F46464688
:1090B000C0B500285DD0830700D079E003003E4AA8
:1090C000083B12689A4200D96CE03C490C300C68AD
:1090D000844267D31979002967D0FA2019885E88FD
:1090E000000181420BD8864209D8981A80B2804686
:1090F00090198246B04505D00088404502D03048DE
:10910000F8F79AF95018844238D045884545F6D189
:1091100000251D712B4DAC462D689D4202D9654638
:109120002B601D009C4232D9834212D00779002F58
:109130000FD184420DD0A84230D00188FA20198086
:109140000001814205D04446501844805E88901941
:10915000824653450DD050460079002809D1AB42D4
:1091600018D053461980FA231B01994201D0521896
:109170005680E0BCBA46B146A846F0BD00251D7138
:10918000104DAC462D68AB42C9D39C42CED80E4898
:10919000F8F752F9634650461860E2E761461D0051
:1091A0000B60CAE70948F8F747F90948F8F744F9A6
:1091B0000848F8F741F9C0466CD2002070D2002070
:1091C00008940110A03800203C940110C4930110B1
:1091D000E0930110A0930110F8B5CE464746384AF7
:1091E000CB1C80B513400B2B3FD9FA2212019342BE
:1091F0003ED899423CD8334A1668864256D8324AFD
:109200001268824252D90400083C2588A11B2A001A
:1092100089B2083A521A92B29A424AD321D07719A7
:10922000BC463F79002F25D1FA221201954243D046
:1092300062461288254D91460A0008329B182F6815
:109240009BB2F21867452FD0002515714D4651800D
:109250001580FA212380128809018A4201D0B218B0
:109260005380C0BCB946B046F8BD0C239942C2D960
:109270000020F6E71F001437BFB2BA42F1D30A004C
:1092800008329B18FA229BB298461201954213D0DD
:109290000E4FF2183B68934200D93A6000274346CC
:1092A000177115805180D4E72A60CDE70848F8F798
:1092B000C3F80848F8F7C0F80748F8F7BDF8C04603
:1092C000FCFF00006CD2002070D20020A0380020EB
:1092D000589401107094011090940110F8B5DE4676
:1092E00057464E464546E0B500282ED03D4BC61C9D
:1092F0001E40B3460B2E2FD9FA231B019E4224D8C1
:10930000584522D8384BFA279A461B685946994641
:10931000364B3F0118684B461B1A9AB21B041B0CB4
:109320007F1ABB4211D2082149428846C41894468C
:109330002579C25A19001300002D04D14646711A2E
:10934000891859450BD29742F0D80020F0BCBB4693
:10935000B246A946A046F8BD0C239B46D0E75B4623
:109360001433994211D201235E4623710836204BF3
:109370001968A14520D0A619B1422CD3200008308D
:10938000A407E3D01B48F8F757F85E466346FA2770
:1093900008369B199BB23F01BB421FD0C1180A80FF
:1093A00062464A8001220D71238022710A88BA42E6
:1093B000DDD082185380DAE7230004E01B88C3184D
:1093C0001A79002A04D08B42F8D153461960D2E7AB
:1093D00052461360CFE70848F8F72EF80748F8F729
:1093E0002BF8C046FCFF0000A03800206CD2002003
:1093F00070D20020D4940110A49401109094011014
:1094000024230022F0B54746CE46904699460332C3
:1094100004249446124E80B5124B134FB14441467A
:1094200032683960614603338B43002C0BD01588BA
:109430000021002200E003000132196058191900D0
:10944000A242F8DB3B600436B14504D0326897682D
:1094500053685488E3E7C0BCB946B046F0BDC04687
:109460007CB50110E0C9002008D2002010B5082802
:1094700012D80C4B8000C458FEF77CF9A3681C6816
:10948000002C07D022681A60A30707D1FEF774F9F1
:10949000200010BDFEF770F90024F9E70248F7F745
:1094A000CBFFC0467CB501101895011070B50C00BB
:1094B00008280ED800290CD0084B8000C5588B070F
:1094C00008D1FEF757F9AB681A6822601C60FEF7F6
:1094D00053F970BD0248F7F7AFFFC0467CB50110E5
:1094E0003C9501100C2040427047C04670B543685F
:1094F00016000A6804000D0082B09A4201D102B041
:1095000070BD3360300001A9019202F087F830008D
:1095100001A905F0A3FE01A9300000F07FFE392368
:1095200029686160E25C343B1340052B05D0E36998
:10953000002BE4D020009847E1E70029F7D012077C
:10954000F5D52000211D07F0BFFFF0E77047C046AA
:10955000F0B54746CE4680B504000F0091469846C8
:1095600083B0002800D180E00B9B002B7DD0002928
:1095700000D18FE04B46002B00D188E04346002B02
:1095800000D181E0474B0025636100223923200090
:109590006560A560E56025860021E254283004223C
:1095A000F9F79AFE0A9B404E63623C233278E561EC
:1095B0002562E2540C9B23613B68002B5BD00021A9
:1095C000002000224B461B68984200D0A36043460F
:1095D0001B6899423CD1002A3DD020000B9B984744
:1095E000002842D1314B9C461F683C23E55CFF2D8F
:1095F00018D03C20002F1AD0BC424FD03B00FF2295
:1096000007E01B68002B12D09C4247D0013A002A89
:1096100017D0195CA942F4D10135EDB2FF2D13D05A
:109620002554E9E7E05400253C20002FE4D1FE2D2D
:1096300032D00135EDB263462760200035701C60E2
:1096400014E01B48F7F7F8FE002300252354D3E766
:10965000E360002AC1D12000390001AAFFF746FFCC
:1096600020000B9B98470028BCD0002003B0C0BC52
:10967000B946B046F0BD3900200001AAFFF736FF19
:109680000122A068E1689DE70A4B98467AE7094BFA
:10969000994673E7074F6DE70025CCE70648F7F7D3
:1096A000CBFEC046E5940010FBE3002028D200204A
:1096B0007095011084B801105C950110F0B504009C
:1096C0000D0017001E0083B0002922D0002F23D0E8
:1096D000002E24D02B680022002B15D03B68A168F7
:1096E0008B4200D0A3603368E1688B4203D1002A2B
:1096F00004D003B0F0BDE360002AFAD16A46290025
:109700002000FFF7F3FEF4E76268002A09D1012286
:10971000E4E7164D002FDBD1144F002EDAD1134EA3
:10972000D8E7684601A90193009201F077FF6846E7
:1097300001A905F093FD01A9684600F06FFD3923EA
:109740002A686260E15C343B0B40052B07D1002A9C
:1097500005D0090703D52000211D07F0B5FEE369F8
:10976000002BD4D0200098470122B7E784B801101D
:1097700070B5041E16D04368002B17D13922012181
:10978000A35C194224D11D4B1A68A2422ED01C4A58
:109790001368A34204D126E01A68A24203D0130042
:1097A000002BF9D170BD22681A60FBE7051D00216E
:1097B000280001F033FF0021280005F04FFD0021B3
:1097C000280000F02BFD39220121A35C1942DAD0D8
:1097D00018008843A0541B070BD4E369002BD2D098
:1097E00020009847CFE723681360DBE700221A6068
:1097F000CDE7200007F0C6FAEFE7C04624D20020EC
:1098000028D20020014B18607047C04624D20020A7
:1098100070B5041E15D03925435DDA0711D4012235
:109820001343DBB24355C269002A01D09047635D00
:1098300005221A40052A04D16268002A01D01B07BC
:1098400000D470BD2000211D07F03EFEF9E7C046A0
:1098500070B5041E03D03925435D5A0700D570BD8D
:1098600004221343435506F0F1FB0523625D1340C8
:10987000052B05D0236A002BF1D020009847EEE796
:109880006368002BF6D01207F4D52000211D07F0E5
:109890001BFEEFE710B500280AD039220421835CB3
:1098A000194205D08B438354036A002B00D098479C
:1098B00010BDC046021E0ED0084B1868002809D003
:1098C0003C2102E00068002804D0435C0133DBB295
:1098D0009342F7D170470020FCE7C04628D2002011
:1098E000F8B505000026002826D00F270BE0012B35
:1098F00024D0002B2AD12800FFF7D6FB0136F6B280
:10990000002C19D02500FDF735FFAC7B002C1AD0B8
:10991000013CE4B2AC73FDF72FFF002C0CD12B7B84
:109920002C683B40022BE2D1290008200136FFF7CA
:10993000BDFDF6B2002CE5D13000F8BD29000720AE
:10994000FFF7B4FDDAE70348F7F776FD0248F7F7CB
:1099500073FDC046A0950110B895011010B5FDF734
:1099600009FF0022084B1A70FDF706FF074B186825
:10997000002803D107E0C068002804D0436F002B03
:10998000F9D001F095FE10BDFDE3002090E300202A
:10999000F0B5C1234F464646D6468046C0B50D00B9
:1099A000170004005B009A4250D000220C0491463C
:1099B0000C439F4208D83D00433BFF3B9D43012D94
:1099C00024D03B48F7F738FDA0239B009F42F8D1F5
:1099D0000300032703330335BB43BD435B199BB22D
:1099E0001800103080B2AB422ED385422CD8FFF73E
:1099F00075FC061E16D04B4603604346C31813334E
:109A0000BB4343602B4B8460C3600BE00720FFF730
:109A10002DFD061E06D04B4684600360436007732D
:109A20004373C5813000E0BCBA46B146A846F0BDDC
:109A3000FDF7A0FE0122204B1A70FDF79DFE002EBF
:109A400002D03000FFF74CFF0026EBE700239846DA
:109A50001A4B00269A4600230327994607E0424600
:109A6000ED1AADB21060002DDCD080460024082035
:109A7000FFF7FCFC0028DBD05246E31CBB43D31AA3
:109A80001A1C9BB2AB4200D92A1C4946041993B256
:109A9000133442810A4ABC43016044600581C260BC
:109AA000002EDCD1ED1AADB20600002DDDD1B9E7F4
:109AB000CC95011080000100FDE30020EC050000C2
:109AC0008200010070B5041E33D002898A421BD97E
:109AD0008A1A07E0C91A238989B29B18238124684E
:109AE000002C20D063898B42F4D3227B0D040D43DC
:109AF000120701D18B4208D12068A560002801D04F
:109B0000FFF7EEFE0023236070BD636820001B1B7F
:109B1000C91889B2FFF760FB002807D08442EBD058
:109B20000548F7F789FC0548F7F786FC0448F7F77E
:109B300083FC0448F7F780FC34960110009601106E
:109B400018960110E8950110030070B500281ED08A
:109B500080225202914218D2002914D002898CB27C
:109B6000A21892B2944210D8057B01207F2D0BD908
:109B70005D68691A1D001035A94205D359605989DD
:109B80001A8164185C81002070BD0120FCE7014847
:109B9000F7F752FC5096011010B5002815D080231D
:109BA0005B0299420FD200290BD043898AB29A42B4
:109BB00009D89B1A44684381038961189B1A416044
:109BC0000381002010BD0120FCE70148F7F734FCB9
:109BD0005096011010B5002915DB002829D0002966
:109BE0000FD003898AB2D3189BB29A421FD8446817
:109BF000611A047B7F2C16D8416041890381521879
:109C00004281002010BD002813D0494243898CB204
:109C10009C420CD81B1B42684381038952181B1BB2
:109C200042600381EDE704001034A142E4D2012038
:109C3000E8E70148F7F700FC5096011010B500283E
:109C400002D0FFF74DFE10BD0148F7F7F5FBC04607
:109C50005096011003000020002B04D01B68013037
:109C600080B2002BFAD1704710B5041E09D0FDF761
:109C700081FDA37B0133A373FDF77EFDA37B002B46
:109C800000D010BD0148F7F7D7FBC0465C96011025
:109C900010B5002816D0002914D00268002A01D17E
:109CA00011E01A0003890C891B1903811368100045
:109CB000002BF6D110895389834206D1088911609F
:109CC0001B18138110BD0200F4E70148F7F7B4FB3D
:109CD0007096011010B50C0000281FD000291CD070
:109CE0000368002B07D002892189521802811800CD
:109CF0001B68002BF7D102894389934211D1228935
:109D000004609B180381FDF735FDA37B0133A3732A
:109D1000FDF732FDA37B002B06D010BD0029FCD03F
:109D2000F1E70348F7F788FB0248F7F785FBC046E1
:109D3000709601105C960110F8B54746CE460600B5
:109D400080B5884691461F00002900D18AE00B8922
:109D5000934200D286E0002800D183E04B4602897E
:109D6000FB189A4200DA7DE000250EE0BA4242D0AC
:109D7000424612899A4236D0002E03D07289338926
:109D80009A4245D04B46002B5FD0434674895B898D
:109D9000E41B5B1B9C4200D91C004C4500D94C467F
:109DA0004346706859682200C0194919F9F79AFAB0
:109DB0004B463F192D1972891C1BA3B29946BA4212
:109DC00053D343465B89AB4252D3CFD143461B6842
:109DD0009846002B28D0BA420CD042465B891289A3
:109DE00000259A42C8D143461B68002BC4D00620E8
:109DF00040422BE000253668002E1ED043465A898B
:109E00001B899A420AD00027728933899A42B9D1B4
:109E10003368002BB6D00620404217E043461B684B
:109E2000002BE4D10027EFE74B46002B1AD1002589
:109E3000BA42A1D1002736689EE74B46002B11D1CC
:109E400043465A891B899A4204D00020C0BCB946B7
:109E5000B046F8BD43461868431E9841052340426A
:109E60009843F3E710204042F0E70348F7F7E4FA9D
:109E70000248F7F7E1FAC046A0960110B896011023
:109E800010B5002904D000230A89FFF755FF10BD43
:109E900010204042FBE7C046F0B5C64605008846A4
:109EA0001700002600B5002826D0002924D0002F56
:109EB00005D121E02D681B1B9BB2002D1CD06C89A5
:109EC000002B01D0A342F5D2E41A221CA4B2BC425A
:109ED00000D93A1C94B2424669683F1B9019C918D0
:109EE00022003619BFB2F9F7FDF9B6B22D68002F7E
:109EF00002D00023002DE2D1300080BCB846F0BD76
:109F0000F8B5CE46474605008846914680B50028FC
:109F100024D0002922D0038993421CD316000027A5
:109F2000002A02D112E0002D1BD06C89B44200D966
:109F3000340043466868D9192200F9F7D3F9361B73
:109F40002D683F19002EEED1B9450DD10020C0BCBF
:109F5000B946B046F8BD01204042F8E71020404223
:109F6000F5E70348F7F768FA0248F7F765FAC046DD
:109F7000D4960110EC960110F0B5D6464F464646F1
:109F800005008A46C0B5002805D146E02D68DB1BD8
:109F90009BB2002D41D06F89BB42F7D22989981816
:109FA0008146814239DB9F4240D96868C018FB1A5C
:109FB0009A422EDD9BB21A0051469846F9F792F963
:109FC0004B46DF1BBBB29946002B1CD02F68002FDD
:109FD00029D03B894B4520D34E46002401E0002F79
:109FE0001ED07D89B54200D93500434619197868DD
:109FF0002A005144F9F776F9761B3F686419002E60
:10A00000EDD1A14515D10020E0BCBA46B146A84625
:10A01000F0BD5146F9F766F9F5E701204042F3E754
:10A020000548F7F709FA10204042EDE70348F7F733
:10A0300003FA0348F7F700FAD496011004970110C9
:10A04000EC9601100B0070B5150011891A00FFF78E
:10A050009FFC041E06D0002329002A89FFF76CFE0E
:10A06000002801D1200070BD0148F7F7E5F9C0468E
:10A070001C970110002805D10DE00068C91A89B2AB
:10A08000002805D043898B42F7D94368585C704754
:10A0900001204042FBE70138F9E7C04605E043896B
:10A0A0008B4205D8C91A006889B20028F7D17047D9
:10A0B00043685A54FBE7C046F0B5DE46454657466E
:10A0C0004E468046E0B5514F83B03968786908F054
:10A0D00007FC43465A684E4B557A1C689B46002C39
:10A0E00000D18EE0002843D13C23002699468446C7
:10A0F00004E0E3682600002B32D01C00237CAB4236
:10A10000F7D1217A002906D048467B681B5C0133D1
:10A11000DBB29942EDD12368002B02D079698B42E2
:10A12000E7D10121637C194203D061683B69994200
:10A13000DFD163699A46002BDBD0019221004246B1
:10A14000A069344BD047002850D143465A68019B40
:10A15000934258D102239C46E3682600002BCCD1C1
:10A16000604603B0F0BCBB46B246A946A046F0BD6F
:10A170000020012300269A46019004E0E3682600AF
:10A18000002B31D01C00237CAB42F7D1217A00296F
:10A1900008D07B689C463C236046C35C0133DBB23D
:10A1A0009942EBD12368002BE8D15146637C1942D8
:10A1B00003D061683B699942E0D163699946002BFD
:10A1C000DCD0019221004246A069124BC84700280A
:10A1D0000CD143465A68019B9A4214D10223019341
:10A1E000E3682600002BCDD10198BAE7002E06D0F7
:10A1F000E368F3605B461B68E3605B461C6001201C
:10A20000AFE70020ADE70448F7F716F984380020DF
:10A2100030E20020943800203097011010B500285B
:10A2200011D00268002A0ED000290CD00B68002B38
:10A2300009D0094B1B68002B05D01C68944203D041
:10A24000DB68002BF9D110BD0A681A60DB68002BAF
:10A25000F9D00268F1E7C04630E200207047C046FE
:10A2600010B5041E20D0037D042B03D0072B0AD089
:10A27000032B11D1200003F075FC0523002807D023
:10A28000431C0BD010BD03F06DFC0028F8D109234E
:10A290002000237503F076FF0020F3E70822638B8C
:10A2A000002013436383EDE70148F7F7C5F8C04684
:10A2B0007C97011070B50600806F002803D0FFF76F
:10A2C000BDFC0023B367746F002C18D0606825684C
:10A2D00000280CD0FFF7B2FC21000420FFF7E6F8BD
:10A2E000002D0AD02C00606825680028F2D12100DA
:10A2F0000420FFF7DBF8002DF4D10023736701235E
:10A30000F46E5B423386002C16D060682568002806
:10A310000CD0FFF793FC21000420FFF7C7F8002DB5
:10A320000AD02C00606825680028F2D121000420A2
:10A33000FFF7BCF8002DF4D1346F002C16D0606804
:10A34000256800280CD0FFF779FC21000420FFF7D6
:10A35000ADF8002D0AD02C00606825680028F2D1E5
:10A3600021000420FFF7A2F8002DF4D10023682279
:10A37000F3663367B35270BD10B5FDF7A5FD044A0F
:10A3800080049446034B800C6044188010BDC04686
:10A3900000C0FFFF5412002010B5037D0100012B07
:10A3A00003D00220FFF782F810BD0148F7F744F808
:10A3B00088970110F8B5031E1BD0048DC16A466A48
:10A3C0005D8E0F4F601A80192A1CBD420CD892B2C4
:10A3D000821A07D5891B09D48022520291420BD2DE
:10A3E00000208CB25C85F8BD3A1CF0E70024002008
:10A3F000F8E70448F7F720F80348F7F71DF8C046D8
:10A40000D01600009C970110C0970110F8B50028E5
:10A410001DD0037D012B34D0048D1D4A61188BB2F1
:10A4200093421BD91300466A458E1A4FC46A0385AE
:10A43000B218291CBD420BD889B20919511A11D57D
:10A44000A41B1BD480235B029C421DD24485F8BD13
:10A45000391C89B20919511AF2D403E09C42E1D89F
:10A460001A00E0E743850C4B121B9A42EFD90222F7
:10A47000438B1343438303F085FEE8E700234385C2
:10A48000E5E70648F6F7D8FF0548F6F7D5FFC046DA
:10A49000A02D0000D0160000670B0000DC97011013
:10A4A000C0970110F8B54E46DE46574645460400B3
:10A4B000E0B51E00002800D1B7E0002900D1B4E0CB
:10A4C000037D002B00D0ADE00B6802834360007A6F
:10A4D000002837D1201D07F0BBFE002800D1A7E0DF
:10A4E0002368002B01D143682360E78A002F37D10E
:10A4F000514B9A461D888023DB019C464F4B984662
:10A500004F4B9946102343449B460135ADB24D4510
:10A510001BD043461A681268002A03D118E0D2689B
:10A52000002A15D0D18AA942F9D16346013B9BB2DA
:10A530009C46002BE9D153461D806346E3820225E9
:10A540006D4250E0FFF7B6F9C7E7C0252D02E0E7FE
:10A5500004335B45DED15346E5821D80002DEED0ED
:10A56000384B39491A68096852181A600023226565
:10A57000013A6264A265E265344A6362A262344AC7
:10A58000E3626033E252028E002A3AD0131C282A7A
:10A590003CD38621283B1A1C9BB289008B4233D8BE
:10A5A00092B2628648230122E25240330221200007
:10A5B000E65003F063FB051E15D102232375002F1F
:10A5C00005D0244A1368A34218D1E3681360224BD4
:10A5D0001A681C60E26004F0E1F901221F4B2000C0
:10A5E0001A7003F0CFFD2800F0BCBB46B246A94666
:10A5F000A046F8BDDA68A24211D01300002BF9D1B1
:10A60000E5E786229200CCE70A1CC9E728238621C9
:10A61000283B1A1C9BB289008B42C1D9F4E7E2683F
:10A62000DA60D4E70A256D42DDE710256D42DAE7EE
:10A6300004256D42D7E7C046541200200CB6011025
:10A64000FFFF000050120020A0E30020A02DA02D4D
:10A65000A02D000094E3002090E3002000E40020FF
:10A66000C14BF0B54E469946DE46574645464A46EA
:10A67000E0B51B6889B001331360BC4A13780592BA
:10A6800001331370BA4B0793BA4B0693079B1C68B0
:10A69000002C00D1C7E000239B4649E001229046F0
:10A6A0000B2B00D8E8E0062D00D10FE1637A1B07E1
:10A6B00058D5042D00D0EEE14B461F68236AFA21DD
:10A6C000FF1A9423E35849009A469823E658043326
:10A6D000E05870435044F8F721FA874200D8C3E1AC
:10A6E00043460133DBB298460123666F9A46002E3B
:10A6F00000D1AAE14023E25E53009B185B00BB42FD
:10A7000041D9257D032D5AD0092D00D1FDE04346C6
:10A71000002B00D099E1237F627F0133DBB2E56833
:10A7200023779A4200D804E1A3462C00002C7AD06B
:10A73000257D002D00D1EDE1012D00D1E7E10A2DAD
:10A7400000D1E1E1059BA27F1B789A4200D107E18D
:10A75000A3774223E35C022DA0D1052B00D88BE028
:10A7600001239846666F002E00D17AE14B461F68A0
:10A77000236AFF1A00239A464023E25E53009B1887
:10A780005B00BB42BDD87068356800280CD0FFF76D
:10A7900055FA31000420FEF789FE002D0AD02E0064
:10A7A000706835680028F2D131000420FEF77EFE83
:10A7B000002DF4D10023257D6367032DA4D14B46E2
:10A7C000226A1B689B1A282B00D8A5E09023E65824
:10A7D0002000FFF76FFD5A46079B1B68002A00D137
:10A7E0006DE19C4200D19EE1E368D3605346002BAB
:10A7F00000D054E1237D2569E768012B00D18FE16A
:10A8000021000220FEF752FE0023069C2370002E3A
:10A8100007D00D2128004942B0472378002B00D0F3
:10A8200034E73C1E84D1544E002431684D46002943
:10A8300004D11AE00C00C968002916D00B7D0A2B40
:10A8400000D06AE12B680A6A9B1AF02BF2D93368B0
:10A85000002C00D140E1994200D167E1CF68E76068
:10A860000220FEF723FE391EE8D109B0F0BCBB463A
:10A87000B246A946A046F0BDA123E35C9846002B52
:10A8800000D17DE0236F002B00D058E1E36E002B58
:10A8900000D157E1A223E35C0B2B00D90CE1424627
:10A8A000A021364BD25C635C934200D20DE1602361
:10A8B000E15A002919D1200003F060FF00281AD0C6
:10A8C000257D00239846062D00D0EFE6638BDB063E
:10A8D00000D5A9E0637A1B0700D543E7666F002E19
:10A8E00000D043E700239A4611E7200003F060F808
:10A8F000002800D101E1A0230022E254A132A35C90
:10A90000062BDDD80133A354DAE74B46226A1B68D5
:10A910009B1AF02B00D959E74346002B00D055E78E
:10A92000237F627F0133DBB2E56823779A4200D947
:10A93000FAE60023069A237713708C33E358002B32
:10A940000AD0210020699847069B1B78002B00D075
:10A950009CE6002800D0E7E6200003F013FCE3E6C5
:10A96000A346E468E2E6C046A0E3002002E400203B
:10A9700090E3002000E40020A4E300201BB60110B7
:10A980003023E25E7149238E8B4202D801331AB222
:10A9900022864023E35E934200DD84E6200003F03C
:10A9A000F1F9257D002807D0236F002B00D07AE62F
:10A9B000E36E002B00D176E6022D16D03C22A35E7A
:10A9C0003E21625EDB109B184222A15C60480A1C9B
:10A9D0000C2900D987E0D2B2825C93408022120217
:10A9E000934200DB7DE04022A352002348202386CF
:10A9F0006033E15A255A628E0B1CA94200D92B1CE8
:10AA00009BB250005B0885B2191CAB4200D2011CFE
:10AA10004A23E152023BE252002222332000E2525A
:10AA200003F0DAFD257D3EE64B461F68236AFF1AD8
:10AA3000282F00D852E743460133DBB29846002363
:10AA4000666F9A46002E00D054E69023E658002DFB
:10AA500000D1C0E60A2D00D1BDE6012D00D0B7E639
:10AA6000B9E600239A464CE6A323E35CFA215E4351
:10AA7000300049005044F8F751F8874200D82DE7DC
:10AA8000200003F00DFE002800D06BE6A322A35C9B
:10AA90000133A35466E6072D00D10DE662E6238B51
:10AAA000626A216D0293E38A20000193231D0093C3
:10AAB000230003F035FA9DE601239846F3E59C4216
:10AAC00037D1E368079A136090E60133DBB2635431
:10AAD000934200D2F5E6EAE699422DD1CF6837607D
:10AAE000BEE61C4B7FE70C22D2B2825C93408022F0
:10AAF0001202934200DA76E7F3E7200003F042FB0C
:10AB0000002800D0F7E6DBE61348F6F795FC13487B
:10AB1000F6F792FC1248F6F78FFC1248F6F78CFC19
:10AB20001148F6F789FC1148F6F786FC1048F6F74D
:10AB300083FC1048F6F780FC0F48F6F77DFC0F48C1
:10AB4000F6F77AFC0E48F6F777FCC046FE7F000069
:10AB500024B60110FF7F00005C98011030980110AE
:10AB6000049801104C99011088970110F498011075
:10AB70007C99011020990110A49901108898011066
:10AB8000BC98011070B5041E16D0606825680028B6
:10AB90000CD0FFF753F821000420FEF787FC002DAE
:10ABA0000AD02C00606825680028F2D1210004201A
:10ABB000FEF77CFC002DF4D170BDC04610B5041E1C
:10ABC00008D04068002801D0FFF738F821000420A1
:10ABD000FEF76CFC10BDC04670B5051E0DD00420FC
:10ABE000FEF744FC041E06D010222900F8F77AFB79
:10ABF0006068FFF739F8200070BD0148F6F71CFCCB
:10AC0000CC990110002800D00161704710B50028D0
:10AC100004D0037D012B02D08423C15010BD014814
:10AC2000F6F70AFCE899011010B5002804D0037D5E
:10AC3000012B02D08023C15010BD0148F6F7FCFB68
:10AC4000109A011010B5002804D0037D012B02D00A
:10AC50009023C15010BD0148F6F7EEFB389A011061
:10AC600010B5002806D0037D012B03D90A2B01D093
:10AC7000FFF720FB10BDC04610B50C1E47D00028C2
:10AC800048D003688B4204D12FE0DA68A24224D076
:10AC90001300002BF9D10023E360237D002B0FD19B
:10ACA000638BDA0729D4E36E002B36D1236F002B98
:10ACB00036D1636F002B36D100232375E38210BD9C
:10ACC0000A2BF0D0012BF7D02000FFF7F3FA237DF9
:10ACD0000A2BE8D0012BEFD0E2E7E268DA6000232C
:10ACE000E360237D002BEBD1DAE7CB680360002320
:10ACF000E360237D002BE3D1D2E702221343638379
:10AD0000200003F03FFA237D012BD5D0CBE7074885
:10AD1000F6F792FB0648F6F78FFB0648F6F78CFB32
:10AD20000548F6F789FB0548F6F786FB609A01109F
:10AD30007C9A01109C9A0110B49A0110D09A0110CB
:10AD4000F0B54E464546DE465746E0B505000E00D6
:10AD500087B0002876D0037D012B00D1B0E00A2B0C
:10AD600000D19BE0026D9246426A05929022825881
:10AD7000934602699146C28A9046002B69D1002A07
:10AD80006FD10023002698462C6F002C16D06068E7
:10AD9000276800280CD0FEF751FF21000420FEF7A1
:10ADA00085FB002F0AD03C00606827680028F2D19C
:10ADB00021000420FEF77AFB002FF4D1EC6E002C6A
:10ADC00016D06068276800280CD0FEF737FF2100F6
:10ADD0000420FEF76BFB002F0AD03C006068276858
:10ADE0000028F2D121000420FEF760FB002FF4D1EF
:10ADF0006C6F002C16D06068276800280CD0FEF716
:10AE00001DFF21000420FEF751FB002F0AD03C005B
:10AE1000606827680028F2D121000420FEF746FB75
:10AE2000002FF4D1002E2CD12B7D012B45D02900F1
:10AE30000220FEF73BFB5B46002B03D00D2148466A
:10AE40004942D84707B0F0BCBB46B246A946A04627
:10AE5000F0BD29001C48FFF70FFF01221B4B1A70A1
:10AE600092E71B4A1368834208D1C368136000232A
:10AE7000EB6086E7DA68AA421CD01300002BF9D1F8
:10AE8000F5E72B8B51460293434601932B1D00930C
:10AE900028002B00059A03F043F8C5E729000D4868
:10AEA000FFF7EAFE2B7D012B07D029000220FEF7D9
:10AEB000FDFAC7E7EA68DA60D9E70748F6F7BCFAAF
:10AEC0000648F6F7B9FAC04690E3002000E40020F7
:10AED00094E30020A4E3002088970110E89A011071
:10AEE00010B50121FFF72CFF10BDC046F0B5C646D6
:10AEF000060000B50220FEF7B9FA041E2AD0A422EB
:10AF000000212000F8F7E8F96423624A6675E252EE
:10AF1000614B4022A362FF23E372F93BA352E38714
:10AF20005E4B443223635E4B1B6823625D4B1B7890
:10AF3000A3775D4BA3645D4BA35094235C4AE2501E
:10AF40005C4A0433E25009220433E250200080BC02
:10AF5000B846F0BD584B082798461D68002D0AD00A
:10AF60002800438BED681F42F8D0BB434383FFF7B3
:10AF700077F9002DF4D1514B1B68002B11D0002123
:10AF8000474A10681A6A821A914201D811001C00BF
:10AF9000DB68002BF6D1002C03D001212000FFF745
:10AFA000CFFE0220FEF762FA041EA8D143461B68BA
:10AFB000002B16D03A4A0021106802E0DB68002B13
:10AFC00009D01A7D092AF9D11A6A821A9142F5D854
:10AFD00011001C00F2E7002C03D000212000FFF735
:10AFE000AFFE0220FEF742FA041E00D087E7434678
:10AFF0001B68002B16D02A4A0021106802E0DB688B
:10B00000002B09D01A7D082AF9D11A6A821A9142B6
:10B01000F5D811001C00F2E7002C03D0002120001D
:10B02000FFF78EFE0220FEF721FA041E00D066E72D
:10B0300073B2002B2BDB002E22D0320043461B685C
:10B04000013AD2B2002B1BD015490F680021884667
:10B0500007E0186A3A1A90461C000A00DB68002BC9
:10B0600008D0597D8A42F4D8F8D1186A3D1AA8450B
:10B07000F4D8EFE7002C03D001212000FFF760FE99
:10B080000220FEF7F3F9041E00D038E75EE77F22C6
:10B09000D4E7C046A02D0000A02DA02DFFFF180270
:10B0A000A0E3002002E400200100A02D55B2001012
:10B0B00000DD6D00F824010090E30020A4E30020EF
:10B0C00010B54020FFF712FF10BDC04630B5040098
:10B0D00085B0002800D19DE0037D002903D0042B1A
:10B0E0001AD0072B18D0012B00D168E0022B4AD0D0
:10B0F000002B5DD1E38A002B4FD04B4A1368A3424B
:10B1000005D184E0DA68A24200D17DE01300002B73
:10B11000F8D10023E36040E0A36F002B44D0638BA1
:10B12000DB0600D479E0238B626A216D0293E38A07
:10B1300020000193231D0093230002F0F1FE237DE4
:10B14000012B04D90A2B02D02000FFF7B3F8374AAD
:10B150001368A34214D1E368136000230122E36063
:10B16000334B1A70334B1B68A34225D0237D012B30
:10B1700013D13148F6F760F9DA68A24241D01300E2
:10B18000002BF9D1E9E721002848FFF775FD0122DE
:10B19000274B1A70237D012BEBD021000220FEF7F4
:10B1A00085F9002005B030BD244B228D9A42B6D1DE
:10B1B0002000FFF755F8F5E702F07EF8F1E72049A7
:10B1C00000200D000C354B681B68002B05D0DA6F92
:10B1D000944211D0DB68002BF9D104318D42F2D1B9
:10B1E00021001848FFF748FD237D012B18D02100CE
:10B1F0000320FEF75BF9D4E7D867DB68002BE6D1C4
:10B20000EBE7E268DA60A8E7E268DA6081E7E36822
:10B2100013607EE70C48F6F70FF90C48F6F70CF9C7
:10B220000B48F6F709F9C04694E3002090E30020AC
:10B2300000E4002098E3002088970110A02D000072
:10B240000CB601109CE300201C9B01103C9B0110DC
:10B25000589B0110F0B5C6460800140000B500293F
:10B260004AD0002A2CD013890A7D012A47D0098DA3
:10B27000264A5B189BB293421ED913009046476A38
:10B28000468E234AC56A0385B844311C964200D9CC
:10B29000111C424689B24919511A21D5ED1B1CD403
:10B2A00080235B029D422DD245852000FEF7C6FC1F
:10B2B000002080BCB846F0BD9942DED81A00DDE718
:10B2C000002BF5D10B7D012B03D010224B8B1343A8
:10B2D0004B830121FFF7FAFEEBE700234385E4E708
:10B2E00043850C4B521B9A42DFD90222438B1343F6
:10B2F000438302F047FFD8E710204042D9E70648D1
:10B30000F6F79AF80548F6F797F8C046A02D000022
:10B31000D0160000670B0000DC970110C0970110E9
:10B32000F8B5041E32D00023866F777B83678433A1
:10B33000C558002D0CD00023320021000069A84719
:10B3400000280BD00D301ED00520A6674042F8BD66
:10B350003189FFF75BF83000FEF770FCBF0610D5AF
:10B36000238D0C4A934201D0013323858423E55871
:10B37000002D06D00023002221002069A8470D30AF
:10B3800001D00020E3E70D204042E0E710204042DA
:10B39000DDE7C046A02D0000F0B54F464646D64634
:10B3A000C0B5204D204F2B7801332B701F4B994691
:10B3B000012398464B461C68002C1BD008262B788E
:10B3C000A27F9A421BD04246A377638B1A421ED1BA
:10B3D0001E4216D1E3689A46A36F002B07D00023C4
:10B3E00020003B70FFF79CFF3B78002BE2D15446D6
:10B3F000002CE4D1E0BCBA46B146A846F0BDE468F2
:10B40000F6E7B34320006383FEF72AFFE2E7022258
:10B4100013436383200002F0B5FE0322638B934342
:10B420006383D5E702E4002000E4002090E30020DD
:10B4300010B5FFF7B1FF054A13780133DBB2137083
:10B44000DB0700D410BDFFF70BF9FBE701E4002098
:10B4500030B5040085B0002800D198E0037D012BB1
:10B4600000D16FE01021428B0A434283042B36D176
:10B47000A36F002B4BD0238B626A216D0293E38A6A
:10B4800020000193231D0093230002F049FD237D3A
:10B49000012B04D90A2B02D02000FEF70BFF3F4AF4
:10B4A00013689C4218D1E368136000230122E36013
:10B4B0003B4B1A703B4B1B689C4230D0237D012BC9
:10B4C0003AD021000220FDF7F1FF002005B030BD89
:10B4D000DA68944233D01300002BF9D1E5E7072B4B
:10B4E000C6D0022B1ED016D8C38A002BE9D02E4A14
:10B4F0001368984208D1C36813600023E360E0E753
:10B50000DA68944240D01300002BF9D1F5E7274BBD
:10B51000228D9A42AFD12000FEF7A2FED6E701F0BD
:10B52000CBFED2E721001D48FFF7A6FB01221C4BF2
:10B530001A70237D012BC4D11D48F5F77DFFE26809
:10B54000DA60B2E71B4900200D000C354B681B6820
:10B55000002B05D0DA6F944211D0DB68002BF9D1B3
:10B560000431A942F2D121001348FFF785FB237D66
:10B57000012B0FD021000320FDF798FFA5E7D86726
:10B58000DB68002BE6D1EBE7E268DA60B5E7102074
:10B5900040429BE70948F5F74FFFC04690E3002083
:10B5A00000E4002098E3002094E30020A02D000098
:10B5B000889701100CB601109CE30020589B0110E5
:10B5C00010B5002806D0054B054A18681268801887
:10B5D000186010BD0348F5F72FFFC0465012002039
:10B5E000A0E30020749B011010B5002A10D00029A0
:10B5F0000DD00A8E002A0AD0131C282A00D2282334
:10B60000283B1A1C9BB2834200D9021C90B210BD89
:10B610000148F5F711FFC046909B011070B5050079
:10B620000E00002802D00368002B00D170BD1D4A17
:10B630001068002804D10CE0002C0AD020002B68F0
:10B640000268C4689342F7D10121FFF779FB002C0F
:10B65000F4D1154B1C68002C0AD022682B682000FE
:10B66000E4689A42F7D10121FFF76AFB002CF4D17C
:10B67000002EDBD03368002BD8D00C4B1A68002A80
:10B68000D4D02B681168994205D0D268002ACDD059
:10B6900011689942F9D133681360D268002AF0D159
:10B6A000C4E7C04690E3002094E300209CE3002020
:10B6B00070B5446F0600002C18D06068256800281B
:10B6C0000CD0FEF7BBFA21000420FDF7EFFE002DA1
:10B6D0000AD02C00606825680028F2D121000420DF
:10B6E000FDF7E4FE002DF4D10023736770BDC04662
:10B6F000F0B5C64600B5002800D1C4E0634B1D88F4
:10B70000002D31D0624B9C46002362461380614B72
:10B710001F68614B1C88002F00D16FE05F49002338
:10B72000002288461600954200D8A2E0531CB1B210
:10B730009BB28C421BD8191B0139C9B2795C012913
:10B740001BD002291DD000290CD09C424DD9534951
:10B750000968CB181B7D012B00D890E09A1892B293
:10B760000123DFE76246138080BCB846F0BD414646
:10B7700009688919097D0129E3D11A0001360123DD
:10B78000D1E7911C89B29C4221D9444E3668F31806
:10B790001B7D042B20D14B1CAB421DDAD31C043281
:10B7A0009BB292B28C421AD8091BC9B27E5C360297
:10B7B0009C421ED81B1BDBB2FB5C3343591E384E28
:10B7C00089B2B14200D9374B43860123AAE71B1B3C
:10B7D000DBB2FB5C042BDED063461980C4E72F4E3E
:10B7E000366871180E7D3602E2E71B1BDBB2FB5C8C
:10B7F000B1E72A490968CB181B7DDEE7274B0022F9
:10B800001E68002314001434954232D9315D531C54
:10B810009BB2012926D0022909D00029A2D0F31811
:10B820001B7D012B2BD99A1892B20123EAE7F3185A
:10B830001B7D911C89B2042BCED14B1CAB42CBDAC1
:10B84000D41C7118A4B20B7D3419217D1B020B434B
:10B85000591E134C043289B292B2A14206D84386D3
:10B860000123CFE71A0001340123CDE70D4B4386B6
:10B87000F6E7002B00D177E763461A8074E763464A
:10B8800002321A8070E70848F5F7D6FDE6E300209B
:10B89000E2E30020ACE30020E4E30020A8E3002082
:10B8A000B3050000B4050000B89B0110F0B5D64602
:10B8B0004F46464605000C00C0B500285CD0C36862
:10B8C000587B1A7B00021043FCF714FBC0074FD4CF
:10B8D00001239A46FE339846294E3268E36894461F
:10B8E0005A79197912020A4399792889090411436E
:10B8F000DA792789120660440A43811AC91B2DD4BC
:10B90000587B1A7B00021043FCF7F4FA53460342BB
:10B9100007D127682000FFF751F9002F17D03C000E
:10B92000DBE7EB68587B1F7B000207430120FCF735
:10B93000E1FA41463843EA6883B2276808401B0AA7
:10B94000107353732000FFF739F9002FE7D100245B
:10B950002C60E0BCBA46B146A846F0BD101AF7D537
:10B960006346D21A91B268682981FEF7ABF8EFE717
:10B970002000FFF707F9EAE70248F5F75DFDC0464A
:10B9800054E20020D49B0110F0B55746DE464E46E7
:10B990004546E0B583B007000C1E019246D02D4B02
:10B9A0009B46662398462C4B9A465B46E1681D6889
:10B9B0004A790B7912021A438B79C8791B04134315
:10B9C00000061843FCF79AFA238906009946E368B3
:10B9D000AD1B587B1A7B00021043FCF78BFA4B46D9
:10B9E000ED1A03231840431E98412D1A2AD460688B
:10B9F0002568FEF72FF94346FB5A984227D842465E
:10BA00001B1ABB5252462389128820009B185246AB
:10BA10001380FFF7D3F84346FB5A002B0ED0002DBE
:10BA200001D02C00C1E7019B002B0DD0002003B0FA
:10BA3000F0BCBB46B246A946A046F0BD002DF5D0ED
:10BA40002C00B2E72000F2E70448F5F7F5FC0448C3
:10BA5000F5F7F2FC5C230020E0E30020249C0110B9
:10BA6000FC9B0110F0B5DE4657464E464546E0B514
:10BA7000017D040083B0032901D800F0B0FCA64B7F
:10BA80001A680193A54B1B78DB064ED4A44B98464D
:10BA900043461F88019B1A68002F00D18DE0217D4D
:10BAA000636A062900D989E0991AD01A4D1E00D57B
:10BAB00046E1461EFE4200D542E19A4D68680028E4
:10BAC00001D100F0B9FC984B994201D900F0B1FCCA
:10BAD000028989B28A4201D200F0A8FC2B89521A4D
:10BAE0005B1A2B81438992B2994208D9002747817A
:10BAF00002810068C91A438989B28B42F7D3FEF7E5
:10BB00004BF8636A019A190A1360EA6851711902C5
:10BB10001371090E1B0E9171D371238D002B00D070
:10BB200058E2200002F008FB4FE06023C35A7F4D2B
:10BB30009946836D9A46436D28689F1A54D4934260
:10BB40004FD04B46D346824500D1A9E1666CB4463E
:10BB5000371A5DD4724E3788B046002F00D1CFE03F
:10BB6000636B002B9CD0A26B121A91D598B2704ACD
:10BB70003C23E15E1788CA1092B2BB1A1B1A9BB213
:10BB800059180DB219B2A587002902DAD21B831801
:10BB90009BB23E22A15EED108A10891A40225B18EA
:10BBA0009BB2E3875B19A3520023636343461F885C
:10BBB000019B1A68002F00D071E7636AD11A0BD479
:10BBC000218D013BCB189B1A06D403B0F0BCBB46B9
:10BBD000B246A946A046F0BD0222638B134363839D
:10BBE000F3E753461B1AACD5524B1B689F7BDB7B9C
:10BBF0001B023B436027E3530237E65B9E4200D2C1
:10BC0000E353666C8346B4466265A065371AA1D5D6
:10BC1000F343C34200D54EE1236D1B1A00D54AE120
:10BC20004A23E75A463B1900628B1140884613426B
:10BC300000D069E1E68F4433B1464026E35A9A4684
:10BC40003C21635E4146DB104B44A35363460236FE
:10BC5000C31AA1539BB26064BA4501D300F0DEFB66
:10BC600080200001024050424241608E0132504328
:10BC7000021C80B2984200D91A1C130053449BB294
:10BC8000534500D27DE14822A352E26E216F20008D
:10BC9000FFF77AFEE16E020020672000FFF774FED6
:10BCA000276FE0667B427B415B422386002323773C
:10BCB000002800D16AE164211F4A635A12889B1848
:10BCC0006352638B1A0500D4F8E0002F00D1BCE268
:10BCD000F9684A790B7912021A438B79C8791B04E7
:10BCE000134300061843FCF709F9E36CC01A00D5AA
:10BCF000E4E0638B114A13406383094B9846DFE00D
:10BD000049465B4451448B4200D1E4E0636B002B15
:10BD100000D028E7636A51E754E20020F7E30020EF
:10BD2000E8E3002074380020FEFF00005C230020C0
:10BD3000A0E30020A8E30020E0E30020FFF7FFFFDE
:10BD4000002800DAC2E0218DE94200D5E9E69A42F6
:10BD500000D168E3676F002F00D17BE2F868437978
:10BD600001791B020B43817909041943C3791B062E
:10BD70000B43934200D10CE1551EAC46D11A00D5BD
:10BD8000ABE23D68002D29D0E868437901791B02B8
:10BD90000B43817909041943C3791B060B43934272
:10BDA00000D1F8E0F9688A460979894651464E463D
:10BDB000497909020E435146897909040E435146D7
:10BDC000C979090631436646711A03D4991A0129C3
:10BDD00000D4B6E02F003D68002DD5D19B1A00D4C9
:10BDE0009FE6037B407B00021843FCF783F8C00703
:10BDF00000D596E6D248FEF7EFFE3860002800D165
:10BE00008FE6F868019B41791A68037909021943A2
:10BE100083791B040B43C179090619433B895B18DD
:10BE2000D31A00D5D2E243461988636A5B1A218D82
:10BE30005B189B1A00D474E63B68DB68587B1A7B5E
:10BE400000021043FCF756F83B68C00700D5CCE26F
:10BE5000019E228D31685868521A616A891889B228
:10BE60001981FDF72FFE3B681D89DB68587B1A7B23
:10BE700000021043FCF73EF80322030013405A1E51
:10BE800093414246EB189BB213803268616A9B185B
:10BE9000228D5218934200D143E6AA48F5F7CCFA16
:10BEA000A94B1B689F7BDB7B1B023B43994500D260
:10BEB000A0E64B464AE6200002F03EF9A34B984626
:10BEC000636B002B00D1E3E528684CE60222638B0C
:10BED0001343638325E63021635E002B00DA15E708
:10BEE000844500D012E74321635CFF2B00D101E2BF
:10BEF0000133DBB26354032B00D9FBE100D005E72B
:10BF0000200001F0DBFFDBE79A4348236283002235
:10BF1000E7522233E2523C21635EE18FDB105B1873
:10BF200040216352831B023162529BB260646A21DA
:10BF3000625AD3189BB29A4240D8BB423FD2635256
:10BF4000A3E67F48FEF748FE8046002800D1E8E5DA
:10BF5000F868019B0279196843791B0213438279BF
:10BF600012041A43C3791B0613433A89D2188A1A5A
:10BF700000D5EAE14346290040463B60FFF796FCC6
:10BF8000CFE5012248235242E2527EE66833E05276
:10BF900091E63D0000276A482B8902899A4200D821
:10BFA000BFE5FEF719FE002800D1BAE5002F00D149
:10BFB000D2E138602900FFF779FCB2E5644B6A22D0
:10BFC000DB1BA352638EFB189BB2BB42D9D3223A30
:10BFD000A3525AE61300587B1A7B000210432F89A4
:10BFE000FBF788FF032303405A1E93414246FB1888
:10BFF0009BB21380228D934200D939E1616F0029F1
:10C0000000D130E1EB68587B1A7B00021043FBF74C
:10C0100071FFC00760D401214346019A676F8946CA
:10C0200001318A461B881268002F0AD1DAE13B6889
:10C0300038009B46FEF7C2FD5B46002B00D169E14C
:10C040005F464346019A1B8812689C469346DC442F
:10C050006646FA6851791079090201439079000423
:10C060000843D1790906014338894018301A00D5B0
:10C070004BE1507B137B00021843FBF73BFF4B4621
:10C080000342D4D0EB68587B1A7B00021043FBF7C5
:10C0900031FF53460342CAD1EB6801201A7B5B7B18
:10C0A0001B0213439B46FBF725FF5B46EA680343ED
:10C0B00098B21373030A53732B899B46FBF71AFF3D
:10C0C000032303405A1E934142465B441380AEE76C
:10C0D00003686367FEF772FD606F0028F8D1019A6C
:10C0E000434612681B889446228D9C4461466162D7
:10C0F000934200D994E1D21A22852000FEF75AF922
:10C100006B681A89002A03D0124A136000236B60FF
:10C11000EB68587B1A7B00021043FBF7EBFEC0076D
:10C1200004D520210C4A13780B431370656F002D42
:10C1300000D181E0074B03279946074B98462DE035
:10C1400074380020909C0110A8E30020E8E3002050
:10C15000FFFF000038E20020FEE30020FDF798FD1D
:10C1600000236B60EB68587B1A7B00021043FBF7DF
:10C17000C1FEC0070AD5434620221B78134342461E
:10C180001370237D042B01D1033323752B68280002
:10C190006367FEF713FD656F002D4DD0EA68537994
:10C1A00011791B020B43917909041943D3791B06BA
:10C1B0000B43616A8B423FD101990B602B89507B05
:10C1C0009A46137B00021843FBF794FE3840431E47
:10C1D0009841636A5344C018238D60629A462B8944
:10C1E0009B46EB68587B1A7B00021043FBF782FEEC
:10C1F0003840431E98415844824500D20BE12B89B8
:10C200009A46EB68587B1A7B00021043FBF772FEDC
:10C210003840431E9841238D50441B1A238520002B
:10C22000FEF7C8F869680B89002B9BD04B4618684D
:10C23000002893D1196093E70122638B1A420ED034
:10C240009343022213436383BFE4002800D151E5E6
:10C25000C1683EE57A48FEF7BFFC606761E40122F1
:10C2600013436383B1E4019909688C469C443DE71C
:10C27000EB68587B1A7B00021043FBF73BFEEB6830
:10C280001A7BC0074ED4587B00021043238D2B81AC
:10C29000FBF730FE2989800702D5013989B229814F
:10C2A0006868FDF70FFCEB682F89587B1A7B00024A
:10C2B0001043FBF71FFE032303405A1E93414246DF
:10C2C000FB1801999BB213800868228D616A1818C7
:10C2D0005118884200D191E6DFE55948FEF77CFC11
:10C2E000002801D1FFF71DFC39006067FFF7DEFA77
:10C2F000FFF717FC4822638EA15ACB189BB29942D4
:10C3000001D901235B42A352FAE58A1B26D4228D70
:10C310006767EBE6019A434612681B88944600273C
:10C320009C44F4E75F7B3F0217433800FBF7E2FDD4
:10C330003E231840FBF7DEFD424B1F400743EB68EE
:10C34000B8B2020A1F735A73A0E7C91A89B2786893
:10C350003981FDF7B7FB0DE660672BE65B46C91A2E
:10C36000EB682981587B1A7B00021043FBF7C2FD62
:10C37000800702D52B89013B2B8129896868FDF74D
:10C38000A1FB2B899946EB68587B1A7B000210436E
:10C39000FBF7B0FD032303405A1E934142464B4432
:10C3A000F8689BB2138041790279090211438279BE
:10C3B00012040A43C17909061143019A8C46126896
:10C3C0009A188A42A3D02048F5F736F8511A89B254
:10C3D00078683981FDF776FB019B1A6823E51B48D5
:10C3E000F5F72AF894469C4491E7DB685D7B1A7B5D
:10C3F0002D0215432800FBF77DFD3E231840FBF777
:10C4000079FD104A3B6815402843D96882B2120A68
:10C4100008734A731CE50E48F5F70EF8574686E593
:10C420000C48F5F709F8064DEB68D4E50A48F5F72E
:10C4300003F80A48F5F700F80948F4F7FDFFC0468D
:10C4400074380020FFC0FFFFC89C0110449C0110FD
:10C45000249D0110049D0110809C0110709C01100E
:10C46000609C0110F0B5DE4657464E464546E0B5A5
:10C47000040091B0002801D100F0C4FD7A22954D4E
:10C48000954FAB5A0133AB5243683B604389132B42
:10C4900011D88222AB5A0133AB527E22AB5A013300
:10C4A000AB522000FDF7CAFB11B0F0BCBB46B24650
:10C4B000A946A046F0BD894E3168706906F010FAB1
:10C4C000002816D1F02273691340E02B11D03100FF
:10C4D0003300143122892000009110330621FCF72B
:10C4E0007BFD8046002809D08022AB5A0133AB5235
:10C4F000D3E78822AB5A0133AB52CEE73B68587B77
:10C500001A7B00021043FBF7F5FC010B8900C9B24E
:10C510001329BED923898B42BBD30B004046704AF6
:10C52000143B9BB2138091466E4A1060924662891A
:10C530008A4200D302E32368002B01D100F037FECA
:10C5400014212000FDF728FB63892000984642460D
:10C55000654B41461A804B461B8899469B1A9BB2F5
:10C560009B46FDF719FB206843895B4500D290E7A5
:10C570005246436859461360FDF70EFB4A4623892D
:10C5800043449B1A62899BB22381002A01D000F0A8
:10C5900014FE226812899A4201D000F00BFE3B681B
:10C5A0009846424650781B7800021843FBF7A2FCDD
:10C5B00043461870000A58703B6898464246D07847
:10C5C0009B7800021843FBF795FC43469870000ADD
:10C5D000D8703B689846424652791B7912021A433A
:10C5E00043469B791B0413434246D0790006184307
:10C5F000FBF784FC434642461871030A5371030C4F
:10C600009371030ED371394B099318603B689846B8
:10C610004246527A1B7A12021A4343469B7A1B0403
:10C6200013434246D07A00061843FBF767FC4346A3
:10C6300042461872030A5372030C9372030ED372AC
:10C640002B4B089318603B6898464246D07B9B7BF7
:10C6500000021843FBF74EFC43469873000AD87358
:10C660003B68587B1A7B00021043FBF743FCC3B2C4
:10C6700005933F231F4A034007930A9213702389AF
:10C680009B46800700D15FE21B4A01339BB20D93AA
:10C690000C9213809B4500D9FBE6184B19680B934D
:10C6A0003B68002900D131E172680020914632696F
:10C6B000A046924672694C4606923C2294465A46DF
:10C6C000A9460E9255460A00B246BB4606000F9197
:10C6D0001CE0C046A8380020A8E3002084380020D1
:10C6E000E6E30020ACE30020E4E3002054E2002075
:10C6F0005C230020F7E30020E8E3002090E3002023
:10C70000D1681600002900D1FCE00A00117D002943
:10C7100001D100F074FC0A2901D100F06DFC01295F
:10C7200001D100F066FC107A002805D06146615CFA
:10C730000131C9B28842E3D159781F78108B0902C0
:10C7400039438842DCD1D9789F78D08A09023943AD
:10C750008842D5D15168A942D2D111680698814248
:10C76000CED1444690460E9A5F4693464246D268E2
:10C770004D460F99424501D100F02BFD002E01D10D
:10C7800000F07CFCF26042464046D1600B9A10609B
:10C79000414501D100F014FD00225946924EF3604C
:10C7A000924B32601A609A46914B31811A709946C9
:10C7B000904B74609B461A80059B1B0703D5012292
:10C7C000637B1343637343469B6F002B11D040463A
:10C7D000FEF7A6FD0D3000D144E243469B6F002BCF
:10C7E00004D00C9B1B88002B00D03BE20A9B1B78DB
:10C7F00007934346804C079A236011000423194095
:10C80000134200D1D9E143461B7D022B00D157E3EF
:10C8100042460999526A09688A4200D12DE24B4684
:10C82000881A1B7800280ADB4046008D521AD04235
:10C8300005D44246518B02220A4341464A830822CC
:10C840001340002B00D027E25B461A88002A0BD049
:10C8500080234146CB58002B03D0086998470D3000
:10C8600044D000235A4613804B4610211B781942AE
:10C8700000D091E353461A68002A1FD043469B6FAD
:10C88000002B01D000F09FFC4346588B03000B4067
:10C89000084200D0C9E3842140464558002D01D10B
:10C8A00000F0F2FB41460069A84703000D331DD09C
:10C8B000002803D0534642461B6893674B461A78BC
:10C8C00020231A4207D04246926F002A00D1BEE3CD
:10C8D000517B0B435373002323604B461A7810237C
:10C8E0001A4200D091E3404601F04CFC002553462B
:10C8F000706825601D60002800D1D5E5FDF79EF920
:10C900007560D1E544464D465F4656463B4A106841
:10C91000002851D0726829009446326965469146D4
:10C92000A2463C22B8468C4602E0C068002840D0AF
:10C93000017D0A2900D087E3047A002C04D0A95C89
:10C940000131C9B28C42F0D159781C78078B0902A9
:10C9500021438F42E9D1D9789C7809022143C48AC6
:10C960008C42E2D141684945DFD101688B4671694B
:10C970008B45DAD1059AA0465446530700D590E579
:10C98000930700D458E3099B1A68436AD51A05D463
:10C99000058D9B1AEB4201D400F0FAFB0D9B002B96
:10C9A00000D17EE50223428B1343438301F0EAFB6F
:10C9B00077E5544665464746114A116807920029B3
:10C9C00000D1CBE07268A8469446726906919346FE
:10C9D000002291463C3292464D460A00B9465F46D7
:10C9E000B3466646A44613E07438002038E20020BF
:10C9F000FEE30020E0E3002098E30020A4E3002011
:10CA00009CE30020D1681500002900D1A2E00A00B3
:10CA1000107A002805D05146715C0131C9B28842B4
:10CA2000F0D1D9789C78D08A090221438842E9D193
:10CA30001168B94201D00029E4D14F46A9464546C4
:10CA400090464A4664460699B4465E46002A00D19E
:10CA5000AEE042464846D268C2604246D16007997D
:10CA60000A6005994A0700D51BE5CA0600D5DFE034
:10CA70000B009B0700D414E54346587DFEF736FAB9
:10CA80008146002800D196E205007269336904C529
:10CA900043604346DB8A099EC3823B681A785B7811
:10CAA0001B0213430383032303753368013343627B
:10CAB000C362FEF785FD4B464A4698651865586483
:10CAC000D86533684946013B536543461B6913618A
:10CAD0004B464246DA670C23527A13404A46537259
:10CAE00043461B7A13720B9A13681160CB6001F0F6
:10CAF00055FF0122C54B48461A70FEF7F9FD3B6809
:10CB000028009A7BDB7B1B0213431A0413434A461B
:10CB10001366568E05F09CFB2A0001003000FEF7DC
:10CB200063FD4B4612215886484601F0A7F80028BD
:10CB300000D051E2484601F025FBB2E4B44A20009F
:10CB40001380FDF729F82AE55A46B24B0D920C9353
:10CB50001A80A2E5644645464F465E46587B1A7BDE
:10CB600000021043FBF7C6F9400700D599E488227C
:10CB7000AB5A09990133AB520A3AAB5A38680133C0
:10CB8000AB520C9A09681288057852184178A24B6A
:10CB9000090229430291C17885780902294301914C
:10CBA0009E49009108997068096801F02DFA78E4AF
:10CBB0008E216A5A01326A5253E715004346280013
:10CBC0005A8B022318402B4277D04046007D023812
:10CBD000012800D9DCE11023100018401A4200D0CF
:10CBE00000E242468E4B1B681362A223D05240469D
:10CBF000FEF77EFD43461B7D9A1E012A13D8032BA8
:10CC000000D161E21223079A1340122B07D1089B2F
:10CC10001A6843465B6C0133934200D163E1079B82
:10CC2000DB0600D561E24B4608221B78134008E67C
:10CC30000D99587888461E78099A08990002304361
:10CC4000126809680290D8789E78734D00023043CC
:10CC50000190281F00902B006046424401F0D4F957
:10CC6000FFF71FFC43465B8D002B00D137E17E228E
:10CC7000AB5A6C4C0133AB5238E6002B00D104E3C5
:10CC80004B4608221B7813434A4613704346012241
:10CC90005B8B93434246538390234246D358002BE9
:10CCA00003D00E211069494298470B984146FDF781
:10CCB000E3FF4046FDF770FB18E610231900114012
:10CCC000134200D004E14246554B40461B681362B4
:10CCD000A223D152FEF70CFD43461B7D092BA2D89F
:10CCE000514A9B00D3589F464046FEF7BBFE4B4639
:10CCF0001B789A0600D4A2E54246518B02220A43D1
:10CD000041464A8307220A750132134099E540469D
:10CD1000FEF7A8FE10220A9B1B78134200D182E77F
:10CD200041464B46086D08991B780968884200D037
:10CD300085E54146C96E002900D080E549461A4381
:10CD40000A707CE54046FEF78DFE0A9B1B78DB06E9
:10CD500000D468E743461A6D089B1B689A4200D0CE
:10CD600061E74346DB6E002B00D05CE74046FDF7F1
:10CD700077FF0B9B41461B68434505D179E2DA6892
:10CD80008A4200D164E21300002BF8D1884662E2A7
:10CD90004046FEF767FE4B461B789A0600D44EE5E8
:10CDA00043465A8B02231343424640465383FDF7C2
:10CDB00057FF0B9B41461B68434505D159E2DA6892
:10CDC0008A4200D144E21300002BF8D1884642E2A7
:10CDD0004046FEF747FE4B461B789A0600D45AE1C0
:10CDE0004246518B02220A430A990978C90606D5A0
:10CDF0004146086D08990968884200D19EE1414684
:10CE00004A8308220A7513401BE5C04600E400204F
:10CE1000E4E30020E8E30020983800209438002064
:10CE2000A0E3002098E3002034B60110079BDB0646
:10CE300000D4F8E6089B196843465B6CDB43CB42A1
:10CE400000D5C9E143461B6D5B1A00D5C4E104233C
:10CE500042461375D36F002B00D1E9E09B69002B8C
:10CE600000D1B3E14146002208699847002800D06C
:10CE70007CE14046FEF7F6FD5B461B88002B02D0A6
:10CE80005A46013B138043465B8EDF485A0011002F
:10CE90009B00824200D201008B4200D3EEE19BB2A4
:10CEA000482241468B524B461B789A0600D4C6E472
:10CEB0000222498B0A4341464A8307220A75BEE48F
:10CEC00043461A6D089B1B689A4200D1D8E6AAE631
:10CED00042469233D0524046FEF70AFCFCE64046FA
:10CEE00001F02AF9C3E64046099A436412683B6898
:10CEF000511C4162C162997BDB7B013A1B020B43EF
:10CF000019040B4303660423051D0375478E426510
:10CF1000280005F09DF92A0001003800FEF764FBA7
:10CF20004346420058868300B7481100824200D22F
:10CF300001008B4200D3ABE19BB2482241468B52A9
:10CF40001E328B5A002B00D11FE1086F013B8B5220
:10CF5000002800D112E103680B67FDF72FFE43465E
:10CF60001B6F002B00D106E10023422241468B5467
:10CF7000424613868823D358002B06D04146002210
:10CF8000086998470D3000D1B0E443465A8B02231C
:10CF900013434246538346E643465B8B0B4200D025
:10CFA00083E690234246D358002B00D17DE61069DA
:10CFB0001F39984779E68422AB5A0133AB52434676
:10CFC0009B69002B01D1FFF76CFA40460021853A9E
:10CFD00000699847FFF765FA00214846FDF7B0FE63
:10CFE000FFF75FFAA22342464046D152FEF780FB8C
:10CFF00000E68648F4F720FA8548F4F71DFA8548DC
:10D00000F4F71AFA8448F4F717FA4246528B1A4298
:10D0100000D04AE642468033D358002B00D144E684
:10D020000F211069494298473FE61000FCF706FEC1
:10D030004046FDF755FF59E4059BDB0700D4ADE4FE
:10D04000764B1B680362A9E47548F4F7F5F943468B
:10D05000744A1B8D934202D04246013313858423C8
:10D060004246D558002D00D135E4002341461A0030
:10D070000869A8470D3000D02DE437E48E216A5AA4
:10D0800001326A52FFF788FB2B0041462800FEF769
:10D09000E1F8FFF70AFC0A9A1278D20601D4FFF7EA
:10D0A000CEFB4246116D089A1268914201D0FFF7FB
:10D0B000C6FB4246D26E002A01D0FFF7C0FB4146B4
:10D0C00006320A75FFF7BBFB4346099A5B6A126892
:10D0D000013B934200D0A6E5404600F0A1FE4B463E
:10D0E00008221B781340FFF7ACFB0C9A09993D68A6
:10D0F000096812882878521869784B4B0902014355
:10D100000291E978A8780902014301914749404614
:10D1100000910899096800F003FF42234246D35C5E
:10D12000052B00D97FE500234046138601F066FAFF
:10D130004B4608221B781340FFF783FB4146C96E1C
:10D14000002900D05BE6434640465A83FDF788FD40
:10D150000B9B41461B68434504D18AE0DA688A424A
:10D1600076D01300002BF9D1884674E00D3001D140
:10D17000FFF7BCFB5CE701235B42F9E6C86E0028C1
:10D1800000D18CE00368CB66E7E62948F4F754F950
:10D1900041460D9D0191AC462449029700910899A2
:10D1A000214B0968624400F0BBFEFFF77AF9214881
:10D1B000F4F742F92048F4F73FF92048F4F73CF936
:10D1C0001F48F4F739F91F48F4F736F91E48F4F709
:10D1D00033F91E48F4F730F90C9A099D38682D6828
:10D1E00012880778521945780F4B2D023D4302955E
:10D1F0008578C0780002284301900C480090404692
:10D2000000F08EFE0FE5C0461C110000F09D0110DD
:10D21000C49D01109C9D0110489D0110A0E30020B9
:10D22000709E0110A02D0000983800209438002036
:10D23000C09E0110609D01107C9D0110709D011029
:10D24000449E01100C9F0110EC9E0110189E0110CD
:10D250008846CA68DA600122124B41461A7042467B
:10D260000A231375104B1A681960CA6001F096FB07
:10D27000D9E443460B9ADB681360ECE70B490B00DB
:10D280008A4200D80CE693B20AE60948F4F7D4F8CB
:10D2900006490B008A4200D84FE693B24DE6054896
:10D2A000F4F7CAF800E40020A4E300201C110000F9
:10D2B000A09E0110D89E01101021024A13780B4342
:10D2C00013707047FEE30020F0B54F464646D64641
:10D2D000C0B5994608AB80460E0092461F780028DC
:10D2E0005FD000295AD00425BB0004201D40FCF764
:10D2F000BDF8041E4DD00023877203604660338959
:10D30000AB4251D35B1B038114213000FCF71CFCA2
:10D31000061E34D16368AD025F684346E760D88A71
:10D32000FAF7E8FD43463870000A7870188BE76812
:10D33000FAF7E0FDB870000AF8704846E768FAF7B7
:10D34000DDFD030EFB71E368020A9846A023DB01B2
:10D3500038717A71020CE818534603431800BA7109
:10D36000FAF7C8FD43461873000A5873E3689E74C1
:10D37000DE742000E0BCBA46B146A846F0BD8C2160
:10D380000B4B20005A5A002401325A52FDF716FC6A
:10D39000EFE73000FCF752FC0024EAE70548F4F719
:10D3A0004BF80548F4F748F80448F4F745F8C04648
:10D3B000A8380020489F0110289F01106C9F011081
:10D3C000F0B54746CE4680B505000C0090461E00DD
:10D3D00085B000294DD0002838D0007A00282BD104
:10D3E000180004F035FF071E2AD063682289994689
:10D3F0000621434620000096FBF7EEFD4B461874CD
:10D40000000A5874EB7AAD7A78211B48425A0132EF
:10D4100042520622009501924146320020000297B6
:10D4200005F0D4F805002000FCF708FC280005B042
:10D43000C0BCB946B046F0BDFCF73CFA071ED4D1DB
:10D4400004252000FCF7FAFB6D42EFE7180004F01A
:10D45000FFFE071EF4D0656843462289062120009E
:10D460000096FBF7B9FD2874000A6874FF230025B5
:10D47000CAE70248F3F7E0FFA8380020989F0110A0
:10D48000F8B54E464546DE465746E0B5050016005F
:10D4900000284DD0A022436A14319846C38A89B22D
:10D4A0009A46038B92009946438D22209B46FCF7B7
:10D4B0006FFA071E35D04389132B3CD94468504678
:10D4C000FAF718FD2070000A60704846FAF712FD5E
:10D4D000330AA0702671000A6371330C360EE070B7
:10D4E000A3714046E671FAF709FD030A20726372E0
:10D4F000030C000EA372E0721048FAF7FBFC2073D5
:10D50000000A60735846FAF7F5FC0023A073000A7E
:10D5100023746374A374E374E0736A8D6B6A9B185D
:10D52000EB623800F0BCBB46B246A946A046F8BD47
:10D530000348F3F781FF0348F3F77EFF1050000024
:10D54000C49F0110EC9F0110F0B55746DE464E46D1
:10D550004546E0B58DB0071E0691099300D1DCE188
:10D56000438E9C466223C15A49080B1C614500D971
:10D57000A9E09BB2002B00D0A3E0069B002B00D1BA
:10D58000CBE13B7D991E02290AD9072B08D00B203D
:10D5900040420DB0F0BCBB46B246A946A046F0BD25
:10D5A000002A00D1A5E06423FB5A934200D2B7E1E0
:10D5B0006623FB5A1F2B00D9B7E1396F002B00D12E
:10D5C00087E0F86E8146002900D183E149460029B1
:10D5D00000D1C9E1080009680029FBD183468946CA
:10D5E000817A042089000840594609890C18A4450D
:10D5F00000DAAAE168243D5BA846002D00D17DE059
:10D600006446611A091A89B28D4200D9A0E1954297
:10D6100000D951E1A8B2884200D94BE14146ADB2F0
:10D620004E1BB6B2002E00D16AE15946AA4200D084
:10D6300094E1002D00D145E14C68002C1FD00193EE
:10D6400023898846EB18238123689246002B06D055
:10D650001C002389EB1823812368002BF8D16389F0
:10D6600060682A00C0180699F5F73CFE6389EB183C
:10D6700063812368002BEBD141465246019B088908
:10D680002818088168203E52484608606420F96DD9
:10D690008918F965395A8A1A3A526622BB52002B08
:10D6A00003D03B6F002B00D130E15B46002B06D04E
:10D6B000DB68002B03D0099A920700D410E1002008
:10D6C00067E79C4659E763469BB2002B00D154E7BD
:10D6D000F7E7002900D044E1FB6E9B46002B00D009
:10D6E0003FE16823FB5A002B00D034E1002188463B
:10D6F00007E06623F96EFB5A894667E7002A00D1E6
:10D700003DE10021684689468A466146418402918E
:10D7100049464646059159469846B94613000A9629
:10D720000B9103920CE05346002B00D107E11C60E3
:10D73000019B9C46039B6644B6B2B34276D9A2468F
:10D740009A1B0299131C92B28A4201D96B465B8CD8
:10D750009AB20192A0221B041C0C3620029992005E
:10D760001C43FCF715F9051E71D003689B46002B7E
:10D7700000D0E7E04389019A0793069B84609919DA
:10D780004068F5F7AFFD2800FCF764FA404483B227
:10D790009846202B00D985E04B46DF6D0420F31915
:10D7A0000493FBF763FE041E00D17BE05B464560FB
:10D7B000837203602B89142103812800FCF7C4F9CC
:10D7C000051E63D163685F684B46E760D88AFAF745
:10D7D00091FB4B463870000A7870188BE768FAF7AF
:10D7E00089FBB870000AF8700498E768FAF786FBBE
:10D7F000030A38717B71030C000EF871A020BB7115
:10D80000C001E768FAF776FBE3683873000A7873BB
:10D810009D74DD74059B002B00D084E7019B05946B
:10D820009C46039B6644B6B2B34288D80B9B0A9AC7
:10D8300060469B46434690460799059A0E1A4F4606
:10D84000594691464546A346039AB6B2F1E6059B72
:10D850004F4699464C4D80227B8B134384227B8319
:10D86000AB5A0133AB524B46002B02D04846FDF772
:10D8700089F96623FB5A002B05D03B6F002B02D1A0
:10D88000FB6E002B46D00120404282E68C22059B95
:10D890003D4D4F469946AB5A20000133AB52FDF740
:10D8A0008DF9D8E7059B28004F469946FCF7C6F945
:10D8B000354DD0E70D1CB1E6151CA8B2884200D842
:10D8C000ACE6F7E768203E52002900D0DCE6494686
:10D8D000F966DBE6011E00D07CE62C48F3F7ACFDD0
:10D8E000587B1C7B000204430820FAF703FB5B46CD
:10D8F0002043DA6883B21B0A10735373002048E692
:10D90000A8465946AA4200D9FBE695E6FB6E002BD5
:10D9100000D0CAE61E48F3F78FFD1020404238E6DB
:10D9200080227B8B13437B83ADE78421164B5A5AAD
:10D9300001325A5280227B8B13437B83A3E7154825
:10D94000F3F77AFD1448F3F777FD1448F3F774FD05
:10D950001348F3F771FD1348F3F76EFD1248F3F720
:10D960006BFD1248F3F768FD6821785A804600285D
:10D97000F1D1CB46002A00D0C3E67A52A7E70020B7
:10D9800059463A5383467FE6A83800201CA0011070
:10D990003CA1011028A1011014A101108CA00110BC
:10D9A000A4A00110E4A00110C4A0011058A001100F
:10D9B000F0B54E46DE4657464546E0B50C0006003B
:10D9C00083B0002800D1BFE0C56E002D00D1AFE0CC
:10D9D000002900D1B5E02B899A468B4200D88EE011
:10D9E000438E8B4200D2B2E00422AB7A36209B46B3
:10D9F0009B001A4053465F1ABFB2D1199146A0222C
:10DA000089B29200FBF7C4FF8046002800D192E063
:10DA100068682A8903899B1A42465168E3183A00CC
:10DA20009BB24944FCF738FAB84200D078E0EB6882
:10DA3000587B1A7B00021043FAF75CFA08230700B0
:10DA4000C2B21F40184262D13733134099460122B7
:10DA5000012349460B4202D0994389461700E968E1
:10DA60004A790B7912021A438B79C8791B04134344
:10DA700000061843FAF742FA5A4623180092414624
:10DA80003A003000FFF720FC071E54D06868FCF70E
:10DA9000E1F8662398464246F35A1B1AB35253469E
:10DAA0006868E41A0189A4B2611889B2FCF70AF81F
:10DAB0002B894846E418EB682C811C7B5B7B1B029E
:10DAC0001C43FAF717FA2043E96882B2120A087376
:10DAD0004A736868FCF7BEF84346F35AC0184346D9
:10DAE000F0527868FCF7B6F84346F35AC01843463C
:10DAF000F0522B683B602F603B68002B0DD000205C
:10DB000003B0F0BCBB46B246A946A046F0BD3723E1
:10DB100013409946092208279AE76822B352EEE794
:10DB200084210C4B40465A5A01325A52FCF786F86F
:10DB300001204042E4E78421064B5A5A01325A52EE
:10DB4000F6E70548F3F778FC0448F3F775FC04485A
:10DB5000F3F772FCA838002080A101105CA101102D
:10DB6000A4A1011070B5040082B0002800D171E0BA
:10DB7000C36E002B0CD01D001B68002BFBD1EB6883
:10DB8000587B1A7B00021043FAF7B4F9400740D0E3
:10DB9000A022002136209200FBF7FAFE011E4BD096
:10DBA0000022E36D200000920132FFF78DFB002878
:10DBB00042D0C3689B0750D10389002B50D1E36E3C
:10DBC000002B24D01A001B68002BFBD110606823A7
:10DBD0000022E2522022E36D40680133E365638B4B
:10DBE00013436383FCF736F86623E25A801880B249
:10DBF000E052002802D1002002B070BD236F002B3C
:10DC0000F9D1E36E002BF6D11748F3F715FCE06667
:10DC1000DDE7EB68587B1E7B000206430120FAF724
:10DC200069F93043EA6883B21B0A107353732022E8
:10DC3000638B13436383DEE78022638B842113436A
:10DC4000638384230120094A4042D35A01339BB2A3
:10DC50005352D1E70648F3F7EFFB0648F3F7ECFB26
:10DC60000548F3F7E9FBC04614A20110A8380020CC
:10DC7000B4A10110D0A10110E8A10110F0B5C64671
:10DC8000032700B504000D0082B00F4265D00028C4
:10DC900060D0A0228B07DB0F9E003100362092005F
:10DCA0009846FBF775FE011E40D04389B34257D317
:10DCB0004246E36D200000922A00FFF705FB002892
:10DCC00034D0C3683B4242D10389002B3CD1E36E80
:10DCD000002B29D01A001B68002BFBD11060682391
:10DCE0000022E252E36D0133E365ED0703D5202204
:10DCF000638B134363834068FBF7ACFF6623E25AF0
:10DD0000801880B2E052002804D1002002B080BC0C
:10DD1000B846F0BD236F0020002BF7D1E36E002B37
:10DD2000F4D11148F3F788FBE066D8E78022638BD3
:10DD3000842113436383842301200C4A4042D35A35
:10DD400001339BB25352E1E70948F3F775FB0948E9
:10DD5000F3F772FB0848F3F76FFB0848F3F76CFB27
:10DD60000748F3F769FBC04614A20110A838002049
:10DD7000E8A10110D0A1011094A201103CA2011051
:10DD8000B4A20110F0B5C646050000B5002841D088
:10DD9000026F002A39D01400636826689B7B002E2E
:10DDA00007D0012B31D13400636826689B7B002E9D
:10DDB000F7D1012B29D1EB6EE16823608023EA665D
:10DDC0006A8B1B0113432E676B834A790B7912020E
:10DDD0001A438B79C8791B04134300061843FAF7DA
:10DDE0008DF8238907009846E3684744587B1A7BDF
:10DDF00000021043FAF77EF8032303405A1E9341B2
:10DE0000DB190020EB646E6301E00620404280BC19
:10DE1000B846F0BD0148F3F70FFBC046F0A2011071
:10DE2000F8B5071E45D0066F002E3CD073689B7B6B
:10DE3000012B38D1050033686C350367C36E002BA6
:10DE400004D121E02D682B68002B1DD0D9684A79B8
:10DE50000B7912021A438B79C8791B04134300060D
:10DE60001843FAF74BF8F16804004A790B7912026B
:10DE70001A438B79C8791B04134300061843FAF739
:10DE80003DF8241ADED42B6833602E603368002BF3
:10DE90000CD04222BB5CFF2B01D00133BB540023CA
:10DEA00000207B6301E006204042F8BD6822BB529F
:10DEB000EFE70148F3F7C0FA14A3011070B5041E90
:10DEC00028D0036F002B02D0438B5B0700D570BDB9
:10DED000FFF7A6FF0028FAD160234821E25A605AD2
:10DEE000131C824200D9031C4A209BB25D105B08C0
:10DEF0002352628E51008D4201D28BB223525218AE
:10DF00009B184822A3520422638B1343638300238C
:10DF10002386DCE70148F3F78FFAC0462CA30110F3
:10DF2000F0B55746DE464E464546E0B583B01F0085
:10DF30000CAB904604CB01901B8808009B460EABAF
:10DF40001B8891469A46002F4BD0002A4CD0F9F7F7
:10DF5000D5FFA0220500142122209200FBF718FD16
:10DF6000061E37D04389132B41D944685846F9F728
:10DF7000C1FF2070000A60705046F9F7BBFF2B0A02
:10DF8000A0702571000A63712B0C2D0EE070A37137
:10DF90004046E571F9F7B2FF030A20726372030C81
:10DFA000000EA372E0721348F9F7A4FF2073000A71
:10DFB00060731148F9F79EFF0023A073000AE07315
:10DFC00023746374A374E3743A004B4631000198E0
:10DFD000FFF7F6F903B0F0BCBB46B246A946A0462F
:10DFE000F0BD0648F3F728FA0548F3F725FA054887
:10DFF000F3F722FA145000002DA000004CA30110EA
:10E0000068A30110EC9F0110F0B557464E46DE465E
:10E010004546E0B587B01F0010AB059204CB060063
:10E020001B8808009A4612AB1B8891469B46002E1F
:10E0300065D0002F00D16CE0002A67D0F9F75EFFB1
:10E04000A0228046142122209200FBF7A1FC051E8D
:10E0500055D04389132B5FD944685046F9F74AFFDE
:10E0600000232070000A607058469A46F9F742FF74
:10E07000434623711B0A637143461B0CA37143463D
:10E08000A0701B0E000AE070E3710598F9F736FFE7
:10E09000030A20726372030C000EA372E072204820
:10E0A000F9F728FF2073000A60731E48F9F722FF72
:10E0B000534623746374A374E3744B46A073000A3D
:10E0C000E0732A896C680621009328003B00FAF768
:10E0D00083FF78212074144B000A60745A5A280078
:10E0E00001325A520623019353464A46009339009F
:10E0F0000296FF3304F06AFA2800FBF79FFD07B091
:10E10000F0BCBB46B246A946A046F0BD0748F3F7AF
:10E1100093F90748F3F790F90648F3F78DF9C046ED
:10E12000145000002DA00000A838002068A30110A2
:10E130004CA30110EC9F011010B5041E1DD0006D02
:10E14000F9F7DCFE002102002000FFF799F9011E1B
:10E150000DD02200231D2000FFF732F90322638B2C
:10E16000002802D19343638310BD1343FBE70322CE
:10E170000220638B40421343F5E70148F3F75CF953
:10E1800084A30110F0B5DE4657464E464546E0B53D
:10E19000040089B0002800D113E2037D012B00D1D7
:10E1A0000CE2D04B1B6883423ED04823C56EC65A52
:10E1B0001833C75A002D30D0031D007A9846002826
:10E1C00000D0DFE1180004F043F881464B46002BF5
:10E1D00000D1EAE12368002B02D14B465B68236043
:10E1E000331CBE4200D93B1CE9689FB24A790B79C7
:10E1F00012021A438B79C8791B0413430006184393
:10E20000F9F77CFE2B89626C9B1A1B18BB4213D951
:10E210006023E35ABB4200D12CE1638B9A0700D5FF
:10E2200024E1802293436383002009B0F0BCBB4605
:10E23000B246A946A046F0BDA1230022E254236FB6
:10E24000002B00D126E11A001B68002BFBD192465F
:10E25000A54B0693A54B07934346B846059309E0A3
:10E26000002E00D0DBE02800FCF7A8FCE56E002DB6
:10E2700000D195E1E9684A790B7912021A438B794A
:10E28000C8791B04134300061843F9F737FE636C83
:10E29000C01A2B89C018404500D979E1EB68587B3A
:10E2A0001A7B00021043F9F725FE400700D57FE1F5
:10E2B000236F002B0BD04422638B1A4207D1E26EEE
:10E2C000002A00D11BE11168002900D112E1237D51
:10E2D000EE68022B0CD0737B377B1B0210201F4390
:10E2E000F9F708FE3843EE6883B21B0A3073737384
:10E2F0006B689F7B012F5ED1606AF9F7FFFD030A0F
:10E3000030727372030C000EB372F072608DEE689F
:10E31000F9F7F0FDB073000AF073628D636AEE687E
:10E320009B18E362AB7A1F4200D0B9E014239B46EE
:10E33000B3443022A35E002B01DA00232386636BF3
:10E34000002B00D1BCE0686843684289F31A9BB295
:10E35000D21A428102894660D21A002392B2028107
:10E3600033747374A97A01330B400321013B8B434F
:10E370001833F3189B4500D01DE1059F23000621AB
:10E380000097FAF729FE782230740699000A707413
:10E390008B5A686801338B524A46E37A029206220E
:10E3A0000192A27A210000923A0004F00FF90028AD
:10E3B00000D0F0E0EE682B68E366237D022B03D0EB
:10E3C0000322638B934363837279337912021A4376
:10E3D000B379F0791B04134300061843F9F78EFD57
:10E3E0002B8906009B46EB685E44587B1A7B000233
:10E3F0001043F9F77FFD032303405A1E93419E19F2
:10E40000236D9B1B00D52665EB682E89587B1A7BF4
:10E4100000021043F9F76EFD800700D120E70023CA
:10E420002B60236F002B38D0E9684A790B791202F0
:10E430001A438B79C8791B04134300061843F9F774
:10E440005DFD5346D96806004A790B7912021A43DA
:10E450008B79C8791B04134300061843F9F74EFD66
:10E46000361A60D45346AA461D60FFE62000FFF727
:10E4700063FEDAE6236F002B00D0CEE6A133E35C27
:10E48000002B00D0C9E68021A0224900A15202320F
:10E49000A354C2E600239A46DAE6AA462567E5E6D3
:10E4A0004946059A1248FDF79FF881239B041843BB
:10E4B000F9F724FD18239B467061B344EE6838E7F2
:10E4C000079B1B6863637279337912021A43B3792D
:10E4D000F0791B04134300061843F9F70FFDEE68AB
:10E4E000A06330E798E30020A8380020A0E30020D4
:10E4F000B40500001089618E884200D3E7E66421EC
:10E50000615A002900D1E2E66621615A1F2900D92B
:10E51000DDE6A021194200D0D9E6002A41D08022B0
:10E520009343638380E670239B46236FA3445F4637
:10E53000002B04D122E03F683B68002B26D0D9682D
:10E540004A790B7912021A438B79C8791B04134359
:10E5500000061843F9F7D2FCE96806004A790B79FE
:10E5600012021A438B79C8791B041343000618431F
:10E57000F9F7C4FC361ADED4BB463B682B605B4619
:10E580001D6073E6FBF796F981461FE6BB46F5E78B
:10E59000E26E638BC1E78022638B1343638344E69F
:10E5A000638B68220021A1523BE6042040423CE6F6
:10E5B0000548F2F741FF0548F2F73EFF0448F2F73D
:10E5C0003BFF0448F2F738FFE4A30110849F0110D9
:10E5D000BCA30110A4A3011010B5002808D042224A
:10E5E000835CFF2B01D001338354FFF7CBFD10BDBB
:10E5F0000148F2F721FFC046FCA30110F0B5C64662
:10E60000040000B5002846D0026F002A40D0150053
:10E610006B682E689B7B002E07D0012B38D135000C
:10E620006B682E689B7B002EF7D1012B30D1E36EF7
:10E63000E9682B608023E266628B1B011343266727
:10E6400063834A790B7912021A438B79C8791B04C8
:10E65000134300061843F9F751FC2B89070098462D
:10E66000EB684744587B1A7B00021043F9F742FCE1
:10E67000032303405A1E93414222DB19E36466637D
:10E68000A35CFF2B01D00133A3542000FFF77AFDD8
:10E6900080BCB846F0BD0148F2F7CEFE20A40110C0
:10E6A000F8B54546DE4657464E46E0B5051E59D0FC
:10E6B000006D0138F9F722FCA0226B6A060099462A
:10E6C000EB8A14219B462B8B22209A466B8D92005D
:10E6D0009846FBF75DF9071E41D04389132B44D9B7
:10E6E00044685846F9F706FC2070000A60705046EE
:10E6F000F9F700FC330AA0702671000A6371330C2D
:10E70000360EE070A3714846E671F9F7F7FB030A8D
:10E7100020726372030C000EA372E0721448F9F7C2
:10E72000E9FB2073000A60734046F9F7E3FB00231E
:10E73000A073000AE07323746374A374E3746A8D96
:10E740006B6A39009B18EB622A0028002B1DFEF72C
:10E7500037FEF0BCBB46B246A946A046F8BD012034
:10E760004042F6E70348F2F767FE0348F2F764FE1B
:10E77000105000003CA40110EC9F0110F0B5C646FB
:10E78000040000B5002800D179E0C56E002D00D14D
:10E7900070E0A222835CFF2B01D001338354EB682D
:10E7A000587B1A7B00021043F9F7A4FBC00736D44C
:10E7B000E96820004A790B7912021A438B791B040D
:10E7C0001343CA79012112061A43FEF759FE061EA9
:10E7D00052D07768390068682A89038914319B1AF6
:10E7E0009BB20122FBF758FBE9684A790B791202C8
:10E7F0001A438B79C8791B04134300061843F9F7B1
:10E800007DFB236D01301B1A00D5206522003100ED
:10E810002000231DFEF7D4FD80BCB846F0BD2B8937
:10E82000E96898464A790B7912021A438B792000DD
:10E830001B041343CA79414612061A434B1E9941E1
:10E8400089B2FEF71DFE061E16D043464768002B10
:10E85000C0D17B7B3A7B1B0213430A4A1120134031
:10E860009846F9F747FB4346184383B21B0A3873AF
:10E870007B73B9E70020CFE701204042CCE7024894
:10E88000F2F7DAFDFFC0FFFF58A4011010B5FCF746
:10E89000CFFD164B1B68002B1DD0F8F76FFFFA3029
:10E8A00004000620FAF7E2FD00281BD000231049DF
:10E8B000104A0360C3600B6882604460002B04D17F
:10E8C00007E019001B68002B02D05A68A21AF8D57D
:10E8D0000360086010BD084B1B68002BDDD1074AA0
:10E8E0001360F7E70648F2F7A7FDC04690E3002063
:10E8F00030D200208DE80010A4E30020B0E3002017
:10E900007CA4011070B5050043689847F8F736FFFE
:10E910001E4B2A681C681419231ADE0F002B1ADA02
:10E9200014180620FAF7A2FD00282BD0002318495E
:10E930000360184BC56083600B684460002B04D1F2
:10E9400007E019001B68002B02D05A68A21AF8D5FC
:10E950000360086070BD0620FAF788FD002811D01A
:10E960000C4B0B4983600B680660C5604460002B4C
:10E9700004D1EEE719001B68002BE9D05A68A21AEF
:10E98000F8D5E5E70448F2F757FDC046B825002062
:10E9900030D2002005E900107CA40110184B10B5FE
:10E9A0001A68002A22D1174A1268002A1FD00122B1
:10E9B0001A60F8F7E3FEFA3004000620FAF756FD75
:10E9C000002819D000231049104A0360C3600B6867
:10E9D00082604460002B04D107E019001B68002B03
:10E9E00002D05A68A21AF8D50360086010BD084A20
:10E9F0001268002ADBD1F9E70648F2F71DFDC04690
:10EA0000B0E3002090E3002030D200208DE8001019
:10EA1000A4E300207CA40110F8B52823CE46994633
:10EA200080234746DB059846194D80B5194E1A4F8D
:10EA3000A9442C68444525D2F8F7A0FE24180620E6
:10EA4000FAF714FD002820D00023036033688760A4
:10EA5000C5604460002B03D05A68A21A0BD503602E
:10EA6000306008354D45E4D1C0BCB946B046F8BD6C
:10EA70005A68A21A03D419001B68002BF8D103604E
:10EA80000860EEE70548F2F7D7FC0548F2F7D4FC3A
:10EA900064B6011030D2002005E90010BCA40110BA
:10EAA0007CA40110F8B5CE46474680B5F8F766FE5F
:10EAB000134E0500134C144F12E02168002917D0A3
:10EAC0004B68EA1A14D40A68062022608A683B6000
:10EAD0009046CA689146FAF7E9FC4346002B0BD1F1
:10EAE0003378002BE9D0FAF739FF21680029E7D104
:10EAF000C0BCB946B046F8BD4846C047F0E7C0467E
:10EB0000FDE3002030D20020B825002010B5084CCD
:10EB10002368002B08D0F8F731FE23685B68181AC9
:10EB2000C30F013B184010BD01204042FBE7C04627
:10EB300030D2002010B5F9F7C7F9044A8004944692
:10EB4000034B800C6044188010BDC04600C0FFFF1E
:10EB500056120020F0B55746DE464E464546E0B513
:10EB600004000F0089B0002800D171E1002900D114
:10EB70006BE16222B84DAB5A0133AB524389072B8C
:10EB800000D8DCE0B54B466819685869994603F02F
:10EB9000A7FE059080467078337800021843F9F795
:10EBA000A9F98246F078B37800021843F9F7A2F980
:10EBB000AB4B049018689B464B46002800D11BE1E4
:10EBC0005B6802934B465B6903934346002B4BD033
:10EBD000039B013300D1D1E0002203000790584687
:10EBE0009046043294460021049ABB460694049051
:10EBF00004E0D868190000286FD00300588A9042BA
:10EC0000F7D11F7A002F06D03C240298005D013016
:10EC1000C0B28742EDD11868002805D0039C60403F
:10EC20005C46A7680742E4D16746187C074203D1D7
:10EC30004046002800D19FE0988A5045D9D15868B5
:10EC4000002803D04C462769B842D2D1049A0798CD
:10EC50009346069C002900D1EEE0DA689846CA6027
:10EC60005A46D86013603EE004220300002107905A
:10EC7000584694468846049ABB460694049004E09D
:10EC8000D8681900002828D00300588A9042F7D18C
:10EC90001F7A002F06D03C240298005D0130C0B2DC
:10ECA0008742EDD11868002802D0039CA042E7D12A
:10ECB0006746187C074202D1404600285AD0988AFD
:10ECC0005045DDD158680028C0D04C46276987429E
:10ECD000BCD0D86819000028D6D15F46069C4346B0
:10ECE000002B00D18AE0F379B2791B0213430AD0DA
:10ECF0005C4B2289191D009120001121FAF76CF953
:10ED0000002800D081E008212000FAF745FF002804
:10ED100000D097E04346002B1DD09D69002D16D0F2
:10ED20004246D0695246414600924E4B2200A847C7
:10ED300009B0F0BCBB46B246A946A046F0BD0832B9
:10ED4000AB5A0133AB52043AAB5A0133AB522000F9
:10ED5000FAF774FFECE7059B002B05D14B46F02238
:10ED60005B691340E02B59D17022AB5A0133AB528F
:10ED70000A3AE9E79846A2E798465DE700220300D1
:10ED8000079058469046043294460021049AA346C0
:10ED90000697049004E0D868190000283BD00300CF
:10EDA000588A9042F7D11C7A002C06D03C27029852
:10EDB000C05D0130C0B28442EDD16446187C04428B
:10EDC0000BD14046002835D006984468404600687C
:10EDD000A04202D0186884422CD0988A5045DAD1DB
:10EDE0005868002803D04C462469A042D3D1049A25
:10EDF0005C46079893462DE75B6903937B68039A0B
:10EE00009A42A4D1002398466DE76822AB5A013399
:10EE1000AB52023A98E75C46069F60E74B469989F9
:10EE20002000083109B2FAF7D5FE0321200002F0D4
:10EE300057FC99E79846D0E776216A5A98460132FE
:10EE40006A5250E70848F2F7F7FA0848F2F7F4FA7E
:10EE50000748F2F7F1FAC046A838002084380020AD
:10EE6000B8E300209438002028A501100CA501105B
:10EE7000F4A40110F0B5CE46474680B5002900D174
:10EE80006BE0002800D173E03C4E3568002D39D08E
:10EE90002B00A84202D13DE098423BD0DB68002B1A
:10EEA000FAD19C46002A39D00C682B00002C03D1E3
:10EEB0001FE0DB68002B0FD09842FAD0598A9142AC
:10EEC000F7D11968A14201D00029F2D108204042AF
:10EED00008E043460C681A80634604604282002BB7
:10EEE00015D00020C0BCB946B046F0BDDB68002B91
:10EEF000F2D09842FAD0598A9142E7D0DB68002BD1
:10EF0000F7D1E9E7002A30D00B6842820360C56080
:10EF10003060E6E701239C46002AC5D1184B98468D
:10EF20001A88184B9A421AD0013292B2002DD0D0D2
:10EF3000144B80279946FF012B0002E0DB68002B71
:10EF4000C7D05C8A9442F9D1013FBFB2002F12D0E2
:10EF50004A4507D0013292B2EEE70B4991E7C02251
:10EF60001202E3E7C0221202E6E700239C46D5E73F
:10EF700010204042B6E743461A80A7E7B8E30020D6
:10EF800056120020FFFF000084B80110F0B5CE46F5
:10EF9000474680B504000E009046994685B000288B
:10EFA00000D17AE0002900D177E0002A00D174E096
:10EFB0000D9B002B00D170E00C9B002B00D16CE06E
:10EFC000438A002B44D03289384B9A4200D967E0FB
:10EFD00008213000FAF7B8FD370000283FD17B89BF
:10EFE000072B60D9608A7D68F8F784FF2870000AD3
:10EFF00068704846F8F77EFF0023A870000AAB71DE
:10F00000EB71E8703889F8F775FF2871000A6871AC
:10F01000237CDB0732D50C9AE37A0292112201920B
:10F02000A27A380000920D99424603F097FB050042
:10F03000B74202D03800FAF701FE60211C4B5A5A41
:10F0400001325A52280005B0C0BCB946B046F0BDE6
:10F0500000220100FFF70EFF051EB4D0F2E7A02248
:10F06000082122209200FAF793FC071E18D033895A
:10F07000002BB4D03100FAF72DFEB0E743463A89B1
:10F080001121009338000D9BF9F7A6FF002800D14D
:10F090000848A871000AE871BDE710256D42D1E764
:10F0A00001256D42CEE70448F2F7C6F9F7FF0000EC
:10F0B000A8380020FFFF000044A5011070B582B001
:10F0C000069D002818D0002916D0002A14D0002D43
:10F0D00012D00468002C06D12C1D01940095FFF776
:10F0E00055FF02B070BDF0262640E02EF4D06E68C9
:10F0F000B44204D10400F0E710204042F1E70420BC
:10F100004042EEE7F0B504000E0015001F0083B08A
:10F11000002825D0002923D0002A21D0007A0028F9
:10F1200019D1100003F094F800281CD02368002B9C
:10F1300014D0F0221A40E02A10D04268934217D12E
:10F140002300019300903B002A0031002000FFF7CC
:10F150001DFF03B0F0BDFAF7ADFBE5E7031DF0E7D7
:10F1600010204042F5E76E21034B5A5A01325A52A1
:10F1700004204042EDE7C046A838002070B50400E6
:10F180000D001600002823D0002921D0438A002B2F
:10F1900017D004222B6810496360237CA682134396
:10F1A0000A682374002A08D0944208D0130001E0B2
:10F1B0009C4204D0DB68002BFAD1E2600C60002096
:10F1C00070BD00220100FFF755FE0028E1D0F7E7EF
:10F1D00010204042F4E7C046B8E30020002801D0E8
:10F1E0008161C2617047C046010010B5002810D08F
:10F1F0000B4A136883420DD0002B07D01A00DB683E
:10F20000002B03D08B42F9D1CB68D3600120FAF7F1
:10F210004DF910BDC36801201360FAF747F9F8E70C
:10F22000B8E3002010B50120FAF720F9041E05D03C
:10F2300020220021F4F750F8FF23E372200010BDD4
:10F2400010B50120FAF712F9041E05D02022002182
:10F25000F4F742F8FF23E372200010BD10B5002838
:10F2600011D00268002A0ED000290CD00B68002BA8
:10F2700009D0094B1B68002B05D01C68944203D0B1
:10F28000DB68002BF9D110BD0A681A60DB68002B1F
:10F29000F9D00268F1E7C046B8E30020F0B5464671
:10F2A0004F46D6460500C0B590460E009946002848
:10F2B00000D196E0002900D193E09A23A0225B00C0
:10F2C0001900362092009A46FAF762FB071E00D119
:10F2D00087E04389534500D28AE04346032B59D047
:10F2E000B379002B00D17EE0434B18689A227C68EA
:10F2F0005200002130602000F3F7EEFF012323705D
:10F3000063709A463733EB5CA3703068F8F7F6FD0C
:10F31000030A637103021B0EA371C82342465B00FC
:10F32000D34052462071000EE0711A4250D143463C
:10F33000032B49D03223EB5C352223773323EB5C5C
:10F340007E2063773423EB5C4042A377AB5CE377AA
:10F350003623E95C163BE1541733E95C163BE15474
:10F360006321CB33E1542300EC335870D1309870D3
:10F37000D970F023E2540133343AE2544246013367
:10F38000E2544A46EF3B13803800E0BCBA46B1462F
:10F39000A846F0BD7379032BA2D0446852460021E1
:10F3A0002000F3F799FF0123237063703733EB5C80
:10F3B000A3703068F8F7A2FD030A6371030220719D
:10F3C0001B0E000EA371E0717379043B012BB1D8C1
:10F3D0002B7923736B796373AB79A373EB79E37345
:10F3E000A8E70027D0E7F8F76FFD034B18607DE72B
:10F3F0000248F2F721F8C046D4E3002074A50110BA
:10F4000070B5154C2378002B1CD1144D2B68002BA4
:10F410001CD1FFF707FF286000281AD02022437A6A
:10F420000F4E1343437244223100FFF723FD432262
:10F4300031002868FFF7A2FE00220A492868FFF77A
:10F44000CDFE237800200133237070BD0648F1F70C
:10F45000F3FF01204042F8E7F0E30020902F002066
:10F4600084B801108DFB0010B4A5011070B5050023
:10F4700082B000286BD0846A002C68D00023A06A78
:10F480006382431C0AD0F0231E309B03984200D3B2
:10F490006BE001233B2800D973E0A382E06A431CA0
:10F4A0002BD0F0231E309B03984252D30122206BB5
:10F4B00052426281E281411C00D168E01E309842D4
:10F4C00000D368E03B2800D968E00123A3812382B0
:10F4D00000236381E379DB0726D41C22A256FF2395
:10F4E000217F002A21DAFF22403B8B429B411204FC
:10F4F00013402B4A9446634417E0206B6689431CF3
:10F500002FD0F0231E309B03984231D201233B2899
:10F5100003D93C21F3F702FB83B2A38123829E42ED
:10F52000D6D2E379DB07D8D5236A0093636A0193C7
:10F5300063790A2B04D00A2363710023A37123810A
:10F5400021006A4628001C3101ABFAF7B7F802B077
:10F5500070BD01263B280DD86681E681206B431CD7
:10F56000CFD1A389B342DCD812E00D4BA38295E73B
:10F570000B4BD2E73C21F3F7D1FA86B26681E681E4
:10F58000ECE73C21F3F7CAFA83B2A38286E7A389AA
:10F59000002BC6D09CE7A281228299E7004EB8E7F3
:10F5A000FFFF0000F0B5C64605008846170000B50D
:10F5B000002A25D0100008F05DFD002820D041234E
:10F5C0005B1B984223D8FF2821D8AA1C8318C1B2FC
:10F5D000442B1FD844460C236355013593B2ADB27A
:10F5E0006155181800243E7885B2424403E0013486
:10F5F0003E5D442B08D001339BB21655AB42F6D189
:10F60000280080BCB846F0BD0448F1F715FF044857
:10F61000F1F712FF0348F1F70FFFC0463CA60110B7
:10F62000DCA50110F8A50110002330B52F4D83B0E3
:10F6300003624362EB780400002B02D02C4BDB68A2
:10F6400083622B79002B3BD0294B1B69E3626B79DA
:10F65000002B30D0264B5B6923634B7C0A7C1B025A
:10F6600013438A7C12041A43CB7C1B061343E361C9
:10F67000AB79002B27D10122E3799343E371EB7936
:10F68000002B2CD12B7A002B13D0194C206AF8F7C1
:10F6900035FC01A901900020F9F728F86B7A002BBE
:10F6A00007D0606AF8F72AFC01A901900120F9F758
:10F6B0001DF803B030BDA26AD3009B1ADB08CBE76C
:10F6C000A36A5B08C2E70A4B9869F8F717FC0122A6
:10F6D000E37920621343E371EB79002BD2D0044B22
:10F6E000D869F8F70BFC6062CCE7C046942F002085
:10F6F000A02F0020F0B54646D6464F46C0B5866AD4
:10F700008046737984B0032B04D0032373710023E4
:10F71000B37133810E230322310040466B44FFF75F
:10F72000BDFD071E7CD06B46DD8944682A1DF03480
:10F73000442A00D990E03923022163556B1C9BB207
:10F74000E154AB1C9BB2E154EB1C9BB23E31E15443
:10F750000A239A46AA445346442B00D97CE032231C
:10F76000A35404226B1D9BB2E254F0699146F8F752
:10F77000C5FBAB1D020E9BB2E254EB1D020C9BB20B
:10F78000E2542B0008339BB2020AE2542B000933E7
:10F790009BB2E0542800103044285DD837235246ED
:10F7A000A3542B004A460B339BB2E2542B000C337C
:10F7B0009BB2033AE2542B000D339BB20232E25467
:10F7C0002B000E339BB21932E25406230F35ADB233
:10F7D00063556B4680B2D88143462100DA6AFFF751
:10F7E000E1FEFF23411C89B22354432907D8432259
:10F7F000121A92B260180021F3F76EFD4421F03125
:10F80000380089B2FAF75EF9154B3900186843469B
:10F81000144A00934323FFF751FC3800FAF70EFA1D
:10F82000B379FF2B16D00133DBB2B371092B11D89A
:10F83000FA20FA2180005843F430FF3080B24900AA
:10F84000F3F744F980B2308104B0E0BCBA46B14667
:10F85000A846F0BD1420F6E70348F1F7EDFDC046D9
:10F86000902F002080B80110F8A50110F0B5CE4609
:10F870004746002380B5846A85B062790600E3615B
:10F88000062A03D00622A371627123810E2301226E
:10F89000210030006B44FFF701FD051E5CD06B4674
:10F8A000DB8940681A1D9146F030442A00D971E086
:10F8B00039220227C2545A1C92B287549A1C92B21F
:10F8C00090464146378E3A0A4254DA1C92B2875427
:10F8D0001A000A32442A5DD8494637274754591D31
:10F8E00089B2333F4754991D89B2033F4754D91D0C
:10F8F00089B2023747541F000937B9B28946190047
:10F90000083189B288461C214746C1554F461639F1
:10F91000C155694692B20B33CA8199B2FF23835411
:10F92000432907D84222D21B401892B20021F3F794
:10F93000D3FC4421F031280089B2FAF7C3F8174B01
:10F9400029001868164B174A019300964323FFF7C6
:10F950001DFB2800FAF772F9A379FF2B18D00133A9
:10F96000DBB2A371052B13D80122FA209A40FA21A9
:10F9700080005043F430FF3080B24900F3F7A6F81E
:10F9800080B22081002005B0C0BCB946B046F0BDB1
:10F990007820F6E70448F1F74FFDC046902F00208D
:10F9A00084B8011080B80110F8A50110F0B55746D1
:10F9B000DE464E464546E0B5070085B0002800D13A
:10F9C000CFE0866A002E00D1CBE07379012B04D002
:10F9D000012373710023B37133810E23032231009D
:10F9E00038006B44FFF75AFC8046002800D1A2E0A3
:10F9F0006B46DD8944682A1DF034442A00D9BAE0F8
:10FA00003923022163556B1C9BB2E154398EAB1C28
:10FA10009BB2080AE054EB1C9BB2E1540A239B46BC
:10FA2000AB445B46442B00D9A5E03223A354042207
:10FA30006B1D9BB2E254F0699146F8F75FFAAB1D7B
:10FA40009BB2020EE254EB1D9BB2020CE2542B005F
:10FA500008339BB2020AE2542B0009339BB2E054F4
:10FA600010239A46AA445346442B00D983E03623F8
:10FA70005A46A3542B004A460B339BB2E254B0695A
:10FA8000F8F73CFA2B000C33020E9BB2E2542B0029
:10FA90000D33020C9BB2E2542B000E339BB2020AD0
:10FAA000E2542B000F339BB2E05428001630442858
:10FAB00061D837235246A3542B004A4611339BB2D8
:10FAC000E2542B0012339BB2033AE2542B0013335F
:10FAD0009BB20232E2542B0014339BB21932E2542F
:10FAE00006231535ADB263556B46210080B2FA6A24
:10FAF000D881FFF757FDFF23411C89B223544329C6
:10FB000007D84322121A92B260180021F3F7E4FBDF
:10FB10004421F031404689B2F9F7D4FF174B4146F2
:10FB20001868174B174A019300974323FFF72EFAE3
:10FB30004046FAF783F8B379FF2B19D00133DBB2D3
:10FB4000B371052B14D80122FA209A40FA218000C3
:10FB50005043F430FF3080B24900F2F7B7FF80B273
:10FB6000308105B0F0BCBB46B246A946A046F0BD08
:10FB700078203081F5E70448F1F75EFC902F0020F3
:10FB800084B8011080B80110F8A50110F0B55746EF
:10FB90004E464546DE46BB4BE0B55F681600BD6A83
:10FBA00053688DB0002D00D18BE02A79002A00D156
:10FBB00087E072892B2A00D883E01A78022A00D0C5
:10FBC0007FE03632BA5C002A29D03221785C197F76
:10FBD000884276D1012A22D03321587F795C88422D
:10FBE0006FD1022A1BD03421987F795C884268D17A
:10FBF000032A14D03521D87F795C884261D1042A48
:10FC00000DD02021585C1631795C884259D1052AE3
:10FC100005D03722B95C163A9A5C914251D1597994
:10FC20001A79090211439A79D87912040A43000615
:10FC30001043F8F763F92B68984242D1924B0A229D
:10FC4000180000210393F3F747FB73892B2B38D956
:10FC500032890597914600229246F0324F461400B1
:10FC600002920695350007E02D68E41AFF1AA4B247
:10FC7000BFB2002D25D06B899C42F5D26B680193F1
:10FC8000A74200D811E1B846D3462F00B2467F4BB9
:10FC90000493019B195DFF2900D104E1A31C9BB2D1
:10FCA000A3420DD37889651C854200DBE4E0019A0C
:10FCB000121956783B290ED8049A890051588F465C
:10FCC00056463000F9F7BAFF0DB0F0BCBB46B2465D
:10FCD000A946A046F0BD6E4934198C42F0DCF418F8
:10FCE000A4B2844200D2DBE04346241A181A83B23D
:10FCF000A4B298469C42E3D23F68002FE0D07B68D4
:10FD00000193C6E7ACB2ECE7042ED9D161498C422D
:10FD1000D6D8052291460634A4B200210B91414663
:10FD2000B8461F005B46039D5B4A4D4493460791CE
:10FD30000894099326E0341C042E00D90424E4B26C
:10FD40003B00220040460BA9FAF7A6F88442B7D13F
:10FD5000042E00D8CDE003233342B1D1023B2B70F7
:10FD60000B98F8F7CBF84B465A469B00D0503B1DFA
:10FD7000043E9BB2F6B20135BB42A1D301229446A8
:10FD80001F00E1442B78002BD5D0079B47469846AF
:10FD9000099B089C9B467889A3E7042E00D08FE737
:10FDA0003C498C4200D98BE7042206349146A4B228
:10FDB000B3E7042E00D083E736498C4200D97FE7B1
:10FDC000022206349146A4B2A7E7012E00D077E7BD
:10FDD00032498D4200D173E7012203349146A4B227
:10FDE0009BE7012E00D06BE7029AF02A00D067E76C
:10FDF0002A498D4200D163E7002203349146A4B220
:10FE00008BE7042E00D05BE722498C4200D957E7EC
:10FE1000032206349146A4B27FE7B10700D04FE732
:10FE20001B4934198C4200DD4AE7F418A4B2002EB5
:10FE300000D156E7311C082E00D908210822CEB285
:10FE400091466AE7032E00D83AE7114934198C42EB
:10FE500000DD35E70722F41891460426A4B25CE7DA
:10FE6000042E00D02CE70B498C4200D928E706224B
:10FE700006349146A4B250E73A68002A2FD052685F
:10FE8000167817E784380020942F00208CB60110D4
:10FE9000FDFF0000F9FF0000A02F0020FEFF000082
:10FEA000444500D2F5E65646DA46039B1B78002B04
:10FEB0000AD00022514B03991B680A70012B2ED0E7
:10FEC000022B04D0032B2ED05346002B31D000231D
:10FED0006C279A462C3302937389029CC2E63B2915
:10FEE00003D8474A8900525897460026F7E61C0077
:10FEF000F7E6079B47469846099B089C9B46042EBD
:10FF000009D00AAB187901234946039A8E0053544D
:10FF10003A4BF0503FE70B98F7F7F0FFF3E76C230D
:10FF2000EC270293D8E701239A466B33EC27029320
:10FF3000D2E7039B059F5B78069D002B00D1C0E6AE
:10FF40002E4A74681379052B23D0062B33D0022B4D
:10FF500000D0B6E66B79062B00D0B2E6039BBD6AF3
:10FF60009B78002B00D1ACE6534690682B81F7F7C5
:10FF7000C5FFA861637C227C1B021343A27C38006E
:10FF800012041A43E37C1B061343EB61FFF70EFDDB
:10FF900097E66B79022219009143012925D0043B91
:10FFA000012B00D98DE6B86A2100FFF73DFB380030
:10FFB000FFF75CFA85E66B79DA1E022A02D9012B7B
:10FFC00000D07EE6BB6A5A790C2A04D00C225A7102
:10FFD00000229A711A810B4938000B000A00F9F7C8
:10FFE0006DFB3800FFF742FC6BE6B86A2100FFF7B3
:10FFF0001BFB3800FFF73AFA63E6C046A02F00204B
:020000041001E9
:100000007CB7011084B8011070B505000C00002801
:100010000DD0002911D0836A002B0BD1342200218E
:100020002000F3F759F90223E371AC6270BD044874
:10003000F1F702FA0348F1F7FFF90348F1F7FCF989
:1000400074A6011094A6011084A60110836A10B54D
:10005000002B06D05A79052A04D8022A04D8002A8F
:1000600009D110BD0A2A04D100229A71FFF742FB80
:10007000F7E70C2A04D800229A71FFF7F7FBF0E7A4
:100080000148F1F7D9F9C046DCA60110F0B5CE461B
:10009000474680B5856A06006B7985B0052B04D08C
:1000A00005236B710023AB712B810E2303222900E2
:1000B00030006B44FFF7F2F8071E00D177E06B4683
:1000C000DB8944681A1D9146F034442A00D971E056
:1000D00039220220E2545A1C92B2A0549A1C92B2C5
:1000E00090464146308E020A6254DA1C92B2A05405
:1000F00018000A3044285DD837224946625404214A
:100100005A1D92B2A1549A1D92B20339A154DA1D1C
:1001100092B20231A1541A00083292B21931A1549C
:10012000062209339BB2E2546B46210080B2F26A88
:10013000D881FFF737FAFF23411C89B223544329A2
:1001400007D84322121A92B260180021F3F7C4F8BC
:100150004421F031380089B2F9F7B4FC2A00174B7A
:1001600039001868183243230096FEF7A7FF0400F1
:100170003800F9F763FDAB79FF2B16D00133DBB202
:10018000AB71092B11D8FA20FA21C0005843F43082
:10019000FF3080B24900F2F799FC80B2288120003C
:1001A00005B0C0BCB946B046F0BD2820F6E7012432
:1001B0006442E0E70248F1F73FF9C046902F002083
:1001C000F8A50110F0B5CE46474680B5846A050013
:1001D00085B0002C1BD06279002A18D0A3690021B9
:1001E00003930023A361E361236263622363E362F9
:1001F000A362E3812361A3820A2A0DD0043A012A73
:100200000AD9238123796171A171002B63D105B0D3
:10021000C0BCB946B046F0BD00236371A371238111
:100220000A330722210028006B44FFF737F8071E26
:1002300048D06B465B8946689846062343449946F6
:10024000F036442B5CD836234246B354434604224E
:1002500001339BB2F2540398F7F750FE4346023342
:100260009BB2020EF254434603339BB2020CF2548B
:10027000434604339BB2020AF254434605339BB211
:10028000F05443464A46D91DFF2389B2B35443294B
:1002900008D843463D22D21A701892B20021F3F7D3
:1002A0001BF84421F031380089B2F9F70BFC164BEA
:1002B0003900186803AA43230095FEF7FFFE3800B3
:1002C000F9F7BCFC114928000B000A00F9F7F6F910
:1002D0002379002B9BD00E4B1D78002D0DD0013DB6
:1002E000EDB21D70002D02D0002323718FE7064E62
:1002F0003068FEF779FF3560F6E70648F1F79CF8BD
:100300000548F1F799F8C046902F002084B80110F5
:10031000F0E30020B8A60110F8A50110F8B5041EFE
:1003200047D03923C35CDB0743D59023028E856A0F
:100330009B009A4224D3002D34D02B79002B22D15C
:10034000342200212800F2F7C7FFFFF759F8061EF4
:1003500016D101232B713833E35C5B0708D46B792A
:10036000022B03D00223A8716B7128813000F8BDE5
:100370002000FFF77BFA0028F8D02000FFF722FFCB
:1003800001267642F2E70E4B1E78002E14D0013E75
:10039000F6B21E70002ED3D10A4F3868FEF724FF44
:1003A0003E60CDE73420F8F799FF051EE8D0A06243
:1003B000C6E710267642D9E70348F1F73DF8C04674
:1003C000F0E30020902F0020B8A60110F0B5CE4633
:1003D000474680B56D4B85B01D68002D20D0AC6AB6
:1003E000002C1AD06379002B17D0A18A002905D0E0
:1003F000628A013292B26282914216D0228A002A27
:1004000003D0511E2182012A16D0E289002A04D08D
:10041000511EE181012A00D19DE02D68002DDED121
:1004200005B0C0BCB946B046F0BD2800FFF7CAFE13
:100430002800FFF773FFF0E70A2BEED85449D940A4
:100440000A40D2B2002AE8D0042B04D004236371FE
:100450000023A37123810E230322210028006B4473
:10046000FEF71CFF071E59D06B46DB8946681A1D34
:100470009146F036442A00D985E039220220F25410
:100480005A1C92B2B0549A1C92B290464146288EA1
:10049000020A7254DA1C92B2B05418000A3044288E
:1004A00071D837224946725404215A1D92B2B15470
:1004B0009A1D92B20339B154DA1D92B20231B1548D
:1004C0001A0008339BB21931F1546B46093292B2CB
:1004D000DA810623B3543100EA6A80B2FFF762F88A
:1004E000FF23411C89B23354432907D84322121AEF
:1004F00092B270180021F2F7EFFE4421F03138007B
:1005000089B2F9F7DFFA234B39001868224A4323EE
:100510000095FEF7D3FD3800F9F790FBA379FF2B88
:100520002FD00133DBB2A371092B2AD8FA20FA218C
:1005300080005843F430FF3080B24900F2F7C6FA29
:1005400080B2A38A628A20819B1A012B00DC64E7B7
:100550005B10238261E70A2B00D95EE70F49D9407F
:100560000A40D2B2002A00D157E72800FFF78EFDDB
:10057000A389628A9B1A012B00DC4EE75B10E381A2
:100580004BE71420DDE70648F0F756FF28D200209D
:1005900032040000902F002080B8011022040000D7
:1005A000F8A501101C4B10B51C68002C05D11DE0EE
:1005B000013A1A812468002C18D0A36A002BF9D0C4
:1005C0001A89012AF4D8F5D100221A815A790C2A05
:1005D0000DD0062A0BD0012A0DD0032AEAD19B792F
:1005E0002000012B14D9FFF741F9E3E710BD2000EB
:1005F000FFF73CF9DEE79B792000052B02D8FFF7D7
:10060000D5F9D7E7FFF7DEFD2000FFF787FED1E73A
:10061000FFF770F8CEE7C04628D20020F0B5CE46EE
:10062000474680B5846A050085B0002C1BD06279EE
:10063000002A18D0A369002103930023A361E3617A
:10064000236263622363E362A362E3812361A38283
:100650000A2A0DD0043A012A0AD92381237961712B
:10066000A171002B63D105B0C0BCB946B046F0BD46
:1006700000236371A37123810A330722210028001C
:100680006B44FEF70BFE071E48D06B465B8946683D
:100690009846062343449946F036442B5CD83623CB
:1006A0004246B3544346042201339BB2F2540398AA
:1006B000F7F724FC434602339BB2020EF254434642
:1006C00003339BB2020CF254434604339BB2020A3A
:1006D000F254434605339BB2F05443464A46D91D73
:1006E000FF2389B2B354432908D843463D22D21A86
:1006F000701892B20021F2F7EFFD4421F03138007A
:1007000089B2F9F7DFF9164B3900186803AA4323B9
:100710000095FEF7D3FC3800F9F790FA114928004C
:100720000B000A00F8F7CAFF2379002B9BD00E4B71
:100730001D78002D0DD0013DEDB21D70002D02D0B1
:10074000002323718FE7064E3068FEF74DFD3560BC
:10075000F6E70648F0F770FE0548F0F76DFEC04674
:10076000902F002084B80110F0E30020B8A60110FB
:10077000F8A50110F0B557464E464546DE46E0B5B1
:10078000A64C06000D00170087B0002800D1D8E065
:1007900021000023002A00D144E198469B4605939E
:1007A0000A3300200A229C460493039302940B7D93
:1007B0000A2A49D0002B0AD03468A2464C68A245C8
:1007C00050D04C8A012B00D191E0A04547D901308F
:1007D00083B200B20A2B00D1A6E10A2A00D19FE120
:1007E00092465A46B146AB46029C019208E09845B3
:1007F00001D898468446013083B200B20A2B1ED03D
:1008000041000B18DB00E3181A7D002AF3D04E4696
:100810005D683668AE4235D00918C90063185B8A36
:10082000012AE4D16258002A26D0019A9A42E2D8DD
:1008300004900130019383B200B20A2BE0D15246FA
:100840004E465D46100022E0002BB5D1431C9BB202
:100850000A2B1BD01BB2020018311800A7E7A046D4
:100860008446B4E78C68A742ABD107B0F0BCBB4666
:10087000B246A946A046F0BD059A9A42BBD8059358
:100880000390B8E79B689F42C6D1EEE7029C012D1A
:1008900000D0C0E009281FDD6346092B30DC5B0077
:1008A0006344DB00E3586546002B00D02FE10021B4
:1008B00060466B005A19D200A2181175002E04D0A0
:1008C0005A193168D200A218516000225B19DB006E
:1008D000E3185A829F60C8E743001A18D200A21892
:1008E000127D0500002AE9D04D48F0F7A5FD0B6800
:1008F000002B1FD0A34500D969E7A346049066E703
:10090000039B092B11DC039A944653006344DB00DC
:10091000E05815009846002804D0F9F78FF9002315
:100920004246A350039B9C46C1E7049B092B72DC03
:100930000393E8E7059BA34200D948E70594039099
:1009400045E7002398469B4699460A33220000203B
:100950000A219C46049303930194137D0A293BD0FA
:10096000002B06D0548A012B43D0444501D3A04626
:100970008446013083B29A4603B250460A2800D119
:10098000CBE00A2900D1C5E04046019C884602958B
:1009900008E0A84201D828009C4601339AB21BB255
:1009A0000A2A15D05A00D218D200A518297D00298C
:1009B000F3D06D8A0129ECD1A258002A21D0A94593
:1009C000EBD8049301339AB2A9461BB20A2AE9D1A3
:1009D0004146029D08005AE7002BC3D1431C9BB23D
:1009E0000A2B04D01BB2010018321800B5E7019C95
:1009F0004DE71368002B09D04C45BAD3A1460490AB
:100A0000B7E7AB45C9D8AB460393C6E75C45B0D35F
:100A1000A3460390ADE70120404226E76023002073
:100A200008A701109A469B4602930A3300200A2227
:100A30009C460493039301940B7D0A2A3CD0002B1F
:100A40000CD03468A1464C68A14500D10DE74C8A12
:100A5000012B42D0544501D3A2468446013083B2D3
:100A600000B20A2B50D00A2A4AD0B946A84637000D
:100A7000019C059208E0924501D8924684460130D7
:100A800083B200B20A2B22D043001B18DB00E2180D
:100A9000117D0029F3D03E685568AE4200D1E4E6EE
:100AA000528A0129E7D1E358002B1FD0029B9342C1
:100AB000E5D802920490E2E7002BC2D1431C9BB21E
:100AC0000A2B94D01BB2020018311800B4E7059A23
:100AD0003E0045464F461000D9E60B68002B0AD071
:100AE000029B9C42BAD302940490B7E79345C6D8C0
:100AF00093460390C3E75C45B0D3A3460390ADE7AC
:100B000003001831180097E71000019CBFE6084861
:100B1000F0F792FC180018321FE70800019CB6E6B7
:100B200003001831180042E61000029CAFE6C046F0
:100B3000F0A60110F0B54F464646D646C0B582B085
:100B40009A460DAB0700884691461E88002854D06F
:100B5000A0221C210E209200F8F71AFF051E45D096
:100B600043891B2B4FD944683000F7F7C3F938236A
:100B7000A071000AE071FE5C062E41D12000062221
:100B800051460830F2F7AEFB200006220B991230D6
:100B9000F2F7A8FB200004220A990E30F2F7A2FB1C
:100BA000200004220C991830F2F79CFB002301224C
:100BB0002370E37004336371144B62700732A270C8
:100BC000290042462671380000934B4602F058F83F
:100BD0000F4A2800138801331380F9F72FF80020FB
:100BE00002B0E0BCBA46B146A846F0BD0120084AB2
:100BF0004042938901339381F2E70648F0F71CFCE9
:100C00000548F0F719FC0548F0F716FC0608000047
:100C1000A838002074A6011068A7011034A701109D
:100C2000F0B54746CE46540080B5A4182C4BE400DE
:100C30001A199046127D05000F0085B0012A4CD983
:100C400026000C36F618022A10D032239946814429
:100C500080231B0100934A4633003900280002F02C
:100C60000FF805B0C0BCB946B046F0BD42468E2173
:100C7000528A49008A421BD8322087218146490086
:100C8000A9448A42E4D301220434E418154B0392A8
:100C900001932B1D009332004B46494628000294D5
:100CA000FFF748FF0028D3D1032342461375CFE74F
:100CB000322291460434E4180A4B1C398144FF392E
:100CC0000193031D0391009349464B46064A029443
:100CD000FFF730FF0028BBD1E6E70448F0F7ACFB94
:100CE0006023002088B8011090B80110ACA7011053
:100CF000F0B5C646204C96272600002300B598463E
:100D000084B0F0367F000AE0012D21D0032D30D0D1
:100D1000042D01D1022323751834B44214D0257D4B
:100D2000002DF9D0638A01339BB26382BB42EBD3BF
:100D30002068002803D0F8F781FF4346236043462C
:100D400023751834B442EAD104B080BCB846F0BD73
:100D5000042BEDD8A068231D01000293074B32310C
:100D60000193031D0093064A0B000395FFF7E2FE73
:100D7000D2E704232375CFE76023002088B8011051
:100D800090B8011070B5604C0500237D002B02D097
:100D9000A368984253D02C23E35C002B02D0236A33
:100DA0009D4256D04423E35C002B03D0A36B9D42AD
:100DB00000D17BE05C23E35C002B02D0236D9D42DD
:100DC0005DD07423E35C002B03D0A36E9D4200D161
:100DD00083E08C23E35C002B03D08023E3589D4207
:100DE00042D0A423E35C002B03D09823E3589D4218
:100DF00067D0BC23E35C002B03D0B023E3589D42B3
:100E000048D0D423E35C002B04D0C823E3589D4290
:100E100000D16DE0EC23E35C002B03D0E023E3582A
:100E2000AB4200D070BDD8256059002803D0F8F738
:100E300005FF00236351EC230022E254F2E720680F
:100E4000002803D0F8F7FAFE00232360002323755F
:100E5000A1E7A069002803D0F8F7F0FE0023A36102
:100E60002C230022E2549DE7A06F002803D0F8F75E
:100E7000E5FE0023A3678C230022E254B1E7A06CB7
:100E8000002803D0F8F7DAFE0023A3645C230022D5
:100E9000E25496E7A826A059002803D0F8F7CEFE22
:100EA0000023A351BC230022E254AAE7206B0028B0
:100EB00003D0F8F7C3FE0023236344230022E25447
:100EC00078E79026A059002803D0F8F7B7FE002352
:100ED000A351A4230022E2548BE7206E002803D004
:100EE000F8F7ACFE0023236674230022E25470E777
:100EF000C026A059002803D0F8F7A0FE0023A35174
:100F0000D4230022E25485E760230020F0B5454653
:100F1000DE4657464E46E0B504000D008BB0002972
:100F200015D0802246685200737831781B020B433B
:100F3000934202D13379062B10D05F4B20001A8ADE
:100F400001321A82DA880132DA80F8F777FE0BB0C4
:100F5000F0BCBB46B246A946A046F0BD7379042B4F
:100F6000EBD1F378B2781B021343082BE5D1524B37
:100F7000310099464A465B880E310133538008A8F8
:100F80000422F2F7AFF931000422183109A8F2F770
:100F9000A9F96B68002B5FD108339C46B4446346C3
:100FA0000593002307930693023398463823EB5C9E
:100FB000062B7DD1089800283AD0290001F090FC3A
:100FC000071E35D1F022089B1340E02B30D02A00B9
:100FD000414608A8FFF7CEFB002829DB374B0599CF
:100FE0009A4643001B18DB009846D3464046C3444C
:100FF0005A4602230C301375956050440622F2F7CE
:1010000071F95A4640465782524612589346002A72
:101010000ED05246802387502A001B010093594668
:101020002800059B323201F02BFE5846F8F706FEE9
:10103000F379B2791B0213438022520093421DD0F0
:101040009218934204D04B464A469B8A01339382BE
:101050002000F8F7F3FD7AE7089AD21A51424A4184
:10106000D2B2079208229446B44462460592099A85
:10107000934218D101239846069397E7069B002BCD
:10108000E6D0079B002BE3D129000233059A039396
:1010900008AB323102932B1D009328000B00019204
:1010A000FFF748FDD4E700230693023398467DE717
:1010B0000348F0F7C1F9C046A8380020602300209B
:1010C000FCA70110F0B54E464546DE4657460400E3
:1010D000E0B508680E0085B02100904601F000FCE4
:1010E000002800D0B5E0F02332681340E02B00D197
:1010F000AFE0002A00D1ACE0220001213000FFF770
:1011000039FB051E5CDB83B27E2B00D9A4E03223C1
:101110009B46534BA344994643001F18FF004F447E
:101120009A463B7D002B18D04246002A59D0012B0D
:1011300030D14446402106E0237B194200D078E0BC
:101140002468002C62D0628923899A42F4D12368F2
:10115000002BF1D04348F0F76FF90123BC603B75D9
:101160000393414B59460193231D009320005B4696
:101170003E4A0296FFF7DEFC00282AD04346002BA9
:1011800017D053465B19DB004B441B7D012B01D864
:101190000FD1CEE7364B80221D702B005344DB006D
:1011A00012010C33009241465A4620004B4401F094
:1011B00067FD05B0F0BCBB46B246A946A046F0BDEF
:1011C0004346002B03D02B4A93890133938168B2A5
:1011D000EFE73B7D012BD1D14346002BA9D1002065
:1011E000E7E701230393204B59460193231D009306
:1011F00020005B461D4A0296FFF79CFC031ED8D1D7
:101200003A7D012AD5D100207B82D2E74046F8F70B
:101210002BFD53464A465B19DB00D058002801D00D
:10122000F8F70CFD4B4642465544ED0000205A515C
:10123000BFE7A02142460E208900F8F703FF804651
:101240000028E6D101200B4A404293890133938163
:10125000AFE710204042ACE70748F0F7EDF8C04692
:101260006023002030A8011088B8011090B8011048
:10127000F6E30020A838002020A80110F0B5CE46E3
:10128000474680B504000E00150085B0002800D147
:1012900006E1002900D100E1002A00D1FAE0210096
:1012A000106801F01DFB002800D09AE0F0232F68A1
:1012B0003B40E02B7AD06368A2687B401A420AD098
:1012C000794A3B041B0C934205D0E768002F00D1FC
:1012D000DDE025000C35754B9C461B7899464A4647
:1012E0005100734B4944C90059180A7D012A03D99A
:1012F0008A68A24200D176E01A7D012A03D99A6851
:10130000944200D17DE02C229A5C012A03D91A6A0A
:10131000944200D181E044229A5C012A03D99A6B5D
:10132000944200D17FE05C229A5C012A03D91A6DB5
:10133000944200D17DE074229A5C012A03D99A6E0E
:10134000944200D17BE08C229A5C012A04D980224D
:101350009A58944200D178E0A4229A5C012A04D9D8
:1013600098229A58944200D175E0BC229A5C012AD6
:1013700004D9B0229A58944200D173E0D4229A5CE6
:10138000012A04D9C8229A58944200D171E0EC2273
:101390009A5C012A04D9E0229A58A24200D16FE057
:1013A000320029002000FFF78DFE15E0012202AB7C
:1013B00069781A805D329A7021320A40DA70AA7810
:1013C0001A71EA785A7180212200090100912000E7
:1013D0003100323201F054FC05B0C0BCB946B04611
:1013E000F0BD344BEFE749688F4200D084E73249C3
:1013F0004A46CB8A20000133CB823100FFF710FC34
:10140000EAE75A68974200D07DE763460200187009
:1014100031002000FFF704FCDEE7DA69974200D0D4
:1014200079E70120F1E75A6B974200D07BE7022071
:10143000EBE7DA6C974200D07DE70320E5E75A6ED0
:10144000974200D07FE70420DFE7DA6F974200D0B1
:1014500082E70520D9E794229A58974200D084E782
:101460000620D2E7AC229A58974200D086E70720A0
:10147000CBE7C4229A58974200D088E70820C4E7F7
:10148000DC229B5809209F4200D089E7BDE7042059
:101490004042A1E70948EFF7CFFF0948EFF7CCFF3B
:1014A0000848EFF7C9FFC046A9FE0000F6E3002098
:1014B0006023002090B80110A8380020DCA701109C
:1014C0004CA8011074A60110030010B5012484B0CB
:1014D0000291064932330191011D0091044A19001D
:1014E0000394FFF727FB04B010BDC04688B8011075
:1014F00090B80110F0B54E46DE46574645464A22A2
:101500000F24E0B5704E714FB35A85B00133B3521A
:10151000BB68050099461B788B461C40A400132C21
:1015200015D94389032B12D943681B78002B24D08B
:10153000082B1AD17869E8330340E02B24D03968AE
:1015400001F0CEF900281FD12B89072B24D82800C1
:10155000F8F774FB5222B35A0133B35205B0F0BC12
:10156000BB46B246A946A046F0BD5822B35A013345
:10157000B3520A3AB35A0133B3522800F8F75EFB6C
:10158000ECE75046F8F75AFB2800F8F757FB5C22C7
:10159000B35A0133B352E1E72800F7F72BFD0028D7
:1015A0007BD10E239A46A24451462800F8F7CCFA84
:1015B00000287AD02B89191989B28B42E4D8A0224D
:1015C0000E209200F8F7E4F982460028DCD02300D0
:1015D000428908339A42D4D3494622004068F1F741
:1015E00081FE21005046F8F7D7FA002869D129007A
:1015F0005046F8F745FC0028C3D12800F8F71EFB39
:1016000055466B68210028009A46F8F79DFA002895
:10161000B3D16B6899464A463B7D13737B7D537308
:10162000BB7D9373FB7DD3733B7C13747B7C5374C2
:10163000BB7C9374FB7CD37453469A781870DB7828
:101640001B021343224A934238D909339BB200222A
:101650009046524693701B0AD3704A46FF2313727A
:101660004B46424621009A72DA724846F7F7BCFCB4
:101670004B4648229872000AD872B35A28000133A8
:10168000B3525B4602930123019343460022009329
:101690001049FF3300F09AFF6FE72800F8F7CEFA01
:1016A0005022B35A0133B35258E751462800F8F795
:1016B00073FA0028A5D00848EFF7BEFE08339BB2A6
:1016C000C5E70648EFF7B8FEA838002084380020A8
:1016D000F7FF0000983800208CA8011058A80110CE
:1016E000F0B54746CE4680B5038906000F0087B0A7
:1016F0001A1C1C2B00D91C2293B21D00A0220835F5
:10170000ADB22900222092009846F8F741F9041E54
:1017100040D04389AB4242D37368456899466F70A5
:1017200003230027310042462B702F7105336F7160
:10173000AF71EF71F8F700FB4B461A7B5B7B05A896
:101740001B0213434A46927B12041A434B46DB7B2F
:101750001B061343059300F07BFD061E17D0AF70E8
:10176000EF7061892800F7F73FFC4821A8700D4B06
:10177000000AE8705A5A200001325A52012300210F
:10178000019302960097FE3305AA00F01FFF200088
:10179000F8F754FA07B0C0BCB946B046F0BD0248ED
:1017A000EFF74AFEA8380020C0A80110F0B5474660
:1017B000CE4680B5038906000F0087B01A1C1C2B8B
:1017C00000D91C2293B21D00A0220835ADB2290019
:1017D000222092009846F8F7DBF8041E40D0438997
:1017E000AB4242D37368456899466F700B2300275C
:1017F000310042462B702F71033B6F71AF71EF7157
:10180000F8F79AFA4B461A7B5B7B05A81B02134339
:101810004A46927B12041A434B46DB7B1B0613435A
:10182000059300F015FD061E17D0AF70EF706189AB
:101830002800F7F7D9FB4821A8700D4B000AE87083
:101840005A5A200001325A52012300210193029674
:101850000097FE3305AA00F0B9FE2000F8F7EEF974
:1018600007B0C0BCB946B046F0BD0248EFF7E4FD92
:10187000A8380020C0A80110F8B5CE4647468946D2
:10188000804680B5814200D16CE0002902D00B680F
:10189000834264D143465C680026606843790279DC
:1018A0001B02134333D080277F0225006168280084
:1018B0004A780B7812021A438B78CC781B041343B6
:1018C00024061C43F8F7C6F93618BE4244DA28004D
:1018D000B6B2F8F7B3F9002CE7D1274B1A68904558
:1018E00036D04B46002B43D043464A461B68136014
:1018F00041460520F7F7DAFD204A1388B34234D376
:101900009B1B30001380C0BCB946B046F8BD43787D
:1019100002781B0213438278414612041A43C378AB
:1019200008311B061343424653601422F1F7DAFCD8
:1019300001212000FFF73AFF2000F8F78BF906009D
:101940002000F8F77BF943465C68002CABD1C4E774
:10195000424612681A60CBE70948EFF76DFD094867
:10196000EFF76AFD0848EFF767FD0848EFF764FDF9
:101970000748EFF761FDC04634E20020DCE30020B9
:101980000CA90110F8A80110ECA8011048A9011039
:101990002CA90110F0B545464E46DE4657460023B9
:1019A000E0B583B00193304B050089469846434625
:1019B0001B68002B4FD0697B2A7B09021143AA7B4D
:1019C000EE7B12040A4336061643002294465A69F7
:1019D000002400210020B24211D00134002804D09C
:1019E000DA7F9246C27F924501D88C4618001A6869
:1019F0001900002A20D013005A69B242EDD12A7C86
:101A0000924657466A7C12021743AA7C1204174377
:101A1000EA7C12063A439F699742DED12A799F8970
:101A20009346BA465F466A7912023A439245D4D148
:101A30001A681900002ADED1002807D06146FFF796
:101A40001BFF019B9C46844463460193019B4B45CD
:101A500001DA012CABDC019803B0F0BCBB46B24606
:101A6000A946A046F0BDC04634E2002070B500256E
:101A7000094B1C68002C09D0E37F20002468002B50
:101A800005D0013B0500C377002CF5D170BD2900BE
:101A9000FFF7F2FEEEE7C04634E20020F0B557460D
:101AA0004E464546DE460F24E0B5D04D47686B8B69
:101AB00089B001336B833B7806002340052B00D0AF
:101AC00018E1F879BB7900021843F6F713FA824659
:101AD000F878BB7800021843F6F70CFA3B781C4004
:101AE000A400844200D908E1001B83B230000293B5
:101AF000F8F7B0F88446BE4B039001931B8863440B
:101B00000A2B00DD39E1BB4B1C689846002C00D144
:101B100003E17A7B3B7B12021A43BB7BF97B1B04FC
:101B200013430906194303E02468002C00D1F4E0B4
:101B300063698B42F8D17B7C3A7C1B021343BA7CED
:101B400012041A43FB7C1B061343A2699A42EBD191
:101B50007B793879A2891B0203439A42E4D1EB8D49
:101B60000133EB85F879BB7900021843F6F7C2F927
:101B7000C00400D1EAE05346DB04190C0691BA799F
:101B800020231000184004901A420CD10B000A00C8
:101B900002998C4663449BB29A4200D9DDE0964A92
:101BA000934200D9D9E07768F878BB7800021843EF
:101BB000F6F7A0F90F233A7813409B00984200D221
:101BC000CBE0C01A83B2F8799946BB79000218437A
:101BD000F6F790F97368C0049A4600235246070C42
:101BE000137053709370D3703B0A53714B46514638
:101BF000DB1917719AB28B71130ACB710792636864
:101C0000974200D9AAE00593002B00D117E19B462B
:101C100001239C4600225B466146B346A446A94682
:101C200020E0AF4200D1BAE0D079937900021843A6
:101C3000874200D2B3E0002C08D0E379A6791B02DA
:101C40003343EB1A5C4263415B421940537814788A
:101C50001B021C4393781B042343D478240623439C
:101C600000D110E114005A6850791579000205433B
:101C7000AF42D6D20A005E469B46210058466446D3
:101C8000944652461070020A504642705A46120C50
:101C900082705A46120E2B00C2704D46002900D1A8
:101CA00080E0CA79887912020243974225D30798C7
:101CB000984222D8330A0E704B70330C360E8B705C
:101CC000CE70974200D1FAE0019B04991B8800294D
:101CD00000D0BBE0039A944663449BB2019A138000
:101CE000029A069B944601226344A383A37F134375
:101CF000A37708E0AB8D0133AB85EB8B300001336C
:101D0000EB83F7F79BFF00239946484609B0F0BCE8
:101D1000BB46B246A946A046F0BD0520F7F7A6FB94
:101D2000041E00D199E01C220021201DF1F7D4FAF5
:101D30000F23E37743461B68236043461C60200063
:101D4000142239000830F1F7CDFA14E7E089F6F7EC
:101D5000D1F8C00400D10EE7F1E76368002BCCD1C5
:101D600043461B68A34200D03DE142462368210060
:101D700005201360F7F79AFBBFE704000100380065
:101D8000FFF708FE002806D0A446019B1B88634489
:101D90000A2B00DCB7E6AB8C0133AB84ADE75E46C3
:101DA0004D46AAE7079A9A42A7D8049B6660002B83
:101DB00062D16346002B00D105E175686B792A7901
:101DC0001B02134330D15246534652781B781202FD
:101DD0001A4353469B781B0413435246D27812068B
:101DE0001A4300D1F6E0079917E0C046A838002052
:101DF000DCE3002034E20020EBFF00005A78197881
:101E000012020A43997809041143DA7812060A4348
:101E10005ED0D97998790902014353685A791879C3
:101E2000120202439142E9D00399019A8C46138829
:101E300063441380049B002B00D151E763E7049BAC
:101E40006660002BB9D0A37FDB07B6D40399019A53
:101E50008C4613886344138055E7039C38002100A7
:101E6000FFF798FD844296DC0520F7F7FFFA041E81
:101E700000D058E78FE7059EA37FDB07E6D56346D2
:101E8000002B9AD1E2E75E46330A53703302167094
:101E90001B0E360E644693708C46D67087420ED069
:101EA000039A019994460B8804986344A27F9BB2DD
:101EB000002800D112E7D207C8D50B8023E7049B86
:101EC000002BD8D16346002B00D17CE0059E74E73F
:101ED0009D4200D181E00399019A8C4613886344A6
:101EE0001380049B002B6BD1029A069B944601221F
:101EF00063449BB29946A383A37F1343A377210036
:101F00006A782B7812021A43AB78EE781B041343DD
:101F100008311422280036061E43F1F7E3F948463B
:101F2000143080B2F5F7E6FF0023A870000AE870CD
:101F3000AB71EB71AB72EB7228001421F7F754F818
:101F40006368A872000AE87299461D00002E14D03A
:101F5000776814213000F7F71FFE31002800F7F7EB
:101F600097FE7A783B7812021A43BB78FE781B04FE
:101F7000134336061E43EBD1A94643461B68A342D2
:101F800004D119E01A68A24205D01300002BF9D140
:101F90001648EFF751FA22681A6021000520F7F77A
:101FA00085FA4846F7F756FE019B1B88834217D3F4
:101FB000019A1B1A1380A8E6424623681360ECE7D7
:101FC000A38B99469BE7039A019B94461B88634425
:101FD0009BB283E6AA4500D07DE70548EFF72CFACF
:101FE0000448EFF729FA0448EFF726FA2CA9011064
:101FF0006CA90110A0A90110BCA90110F0B54E46B2
:10200000DE46574645460723E0B589B00390059262
:102010000A8E8946143AD1170B409B18DB109BB2ED
:1020200002930F23416804000A7804911340052BA2
:1020300000D003E14389132B00D8FFE0C8798B79E6
:1020400000021843F5F756FFC504EB0C9B468023AE
:1020500022899B01143A184093B29A46002B00D172
:10206000E6E0029BDB009BB20193002800D078E001
:102070006A4614245383744B9846230054469A4668
:1020800057E0428903899A4200D0DAE00368002BC6
:1020900000D0D6E0534641683A000398F7F7FCFEBB
:1020A000504483B2142128009A46F7F74DFD0028CA
:1020B00000D0BFE0142268680499F1F713F95B4679
:1020C000D8044B461B8E6E68133BC00CA34202DC47
:1020D00080239B011843F5F70DFFB071000AF071E2
:1020E0003800143080B2F5F705FF0023B070000A05
:1020F0001421F070B372F3723000F6F775FF4B469F
:10210000B072000A29005B69059AF0724846984748
:10211000434642461B8B280001331383F7F78EFD9D
:10212000029BE41B5B449BB2A4B29B46002C00D1F3
:102130007EE06B465F8B019BA34200D9271CA02247
:10214000BFB2390022209200F7F722FC051E98D179
:102150000120404209B0F0BCBB46B246A946A046A9
:10216000F0BD6A4614275383374BB84607934FE0B8
:10217000428903899A4264D10368002B61D14346A6
:10218000416832000398F7F787FE404483B2142178
:1021900028009846F7F7D8FC071E4BD11422049963
:1021A0006868F1F79FF85B468020DB04DB0C800158
:1021B00018436C68F5F79EFEA071000AE0713000CC
:1021C000143080B2F5F796FEA070000A1421E0707A
:1021D000A7722000E772F6F707FF4B46A072000ACD
:1021E00029005B69059AE07248469847079A2800DB
:1021F000138B01331383F7F721FD53469E1BB3B2B4
:102200009A46029B5B449BB29B465346002B0FD0E1
:102210006B465E8B019B534500D95646A022B6B251
:10222000310022209200F7F7B3FB051EA0D18FE703
:1022300000208FE72800F7F701FD89E706204042DC
:1022400088E70248EFF7F8F8A8380020DCA9011069
:102250001B4BF0B50600186800281AD0022339215C
:1022600001229C46435C1A4210D09C0822420DD0A9
:102270004468002C0AD0356887686C40274218D023
:1022800064461C4202D1C3689D4212D000680028F7
:10229000E8D10C4B186800280CD03923C25C343BC1
:1022A0001340052B06D14368002B03D033787F2BD6
:1022B00000D0F0BD044A0020D38F0133D387F8E764
:1022C00028D2002024D20020A8380020F8B5574694
:1022D0004E464546DE46E0B5B94D46686B8E040075
:1022E00001336B8633780F001A09042A0FD0F7F7F1
:1022F000A5FC4422AB5A0133AB52EB8E0133EB8683
:102300000020F0BCBB46B246A946A046F8BD0F224D
:102310001340F0789B009846B37800021843F5F715
:10232000E9FD23898146834212D86389434505D359
:1023300023894B4502D34346132B11D82000F7F7CE
:102340007DFC6B8F01336B87EB8E0133EB86D7E718
:1023500001002000F7F7B6FB63894345E8D2EDE7BB
:1023600041463000F6F740FE002800D0E4E0737CE0
:10237000327C1B021343B27C12041A43F37C1B060B
:102380001343904A91465361717B327B090211439A
:10239000B27BF07B12040A43000610434A461061E8
:1023A0003922B95C383A0A40F0211940E02910D1AD
:1023B000002A00D096E0737A112B00D1CCE00028DF
:1023C00000D0A7E0EB8E20000133EB86F7F736FC58
:1023D00096E7002A00D08EE0FF221A407F2A00D123
:1023E000B4E0794B1B689A46002B00D1AEE039234C
:1023F0009B460AE0514600F073FA002815D1534677
:102400001B689A46002B00D1A0E05745F7D05A46EA
:1024100053469B5C01221A42F1D053465B68002B65
:10242000EDD04A4650698342E4D14B4618690028F2
:1024300072D1F379B2791B021343C022934306D0C1
:102440002000FFF72BFB041E00D159E746684B46DE
:1024500052465F601A609E600F2332783900134045
:102460004A469B0020009381F7F726FE8346012809
:102470002FD041462000F7F78FFB737A062B00D14F
:1024800088E0112B00D180E0012B79D05B46022B34
:102490001CD04B465146586900F022FA00280ED154
:1024A0004B46F0225B691340E02B08D043462000E6
:1024B00019B2F7F78FFB02212000FFF711F9402234
:1024C000AB5A0133AB52EB8E0133EB862000F7F7AA
:1024D000B5FB00234A4613605360936093811361F8
:1024E00053610DE77B68002B00D164E7BA460028F2
:1024F00012D1BA469DE77A68002A00D16CE7934270
:1025000059D01800390000F0EBF94B46002854D19F
:102510005B6961E700239A46390000F0E1F9002881
:1025200027D14B46F0221B691340E02B21D05346A4
:10253000002B00D07DE745E72000F7F77FFB2B8FCE
:1025400001332B87EB8E0133EB86D9E6737A112B9F
:1025500025D04B46186932E743468822F31899780C
:10256000DB78D2011B020B43934200D027E7BA4627
:102570005FE72000F7F762FBEB8E0133EB86BFE6E7
:1025800039002000FEF7B6FFA3E739002000FCF772
:10259000E1FA9EE739002000F9F764FF99E7434626
:1025A0008822F3189978DB78D2011B020B439342FF
:1025B000CFD1BA463DE7BA4639E7BA46186936E799
:1025C000A83800208438002028D20020F0B54E46DC
:1025D0004546DE465746E0B583B01E000CAB1B787F
:1025E000050099460DAB1B7888469B461700837BF8
:1025F000002A00D182E0002902D00A68002A02D114
:102600000E9A04329046012B00D098E01421280045
:10261000F7F79AFA8246002800D088E06B896C6848
:10262000132B00D88EE05B46267263723A6836023E
:102630001E43130A6374130EE374452323704B4641
:1026400063708A234846DB0103434520110C227442
:102650001B0212040343120C52189BB29B18320245
:102660003612A17416432889B6B29E19F5F742FCBA
:10267000030AE3705346A371E371344B8346A070A1
:1026800018889A46F5F736FC030A6371534652469A
:102690001B8820710133138043461B681A0A190EE8
:1026A000237362731A0C1B041B0C9B199B185B444D
:1026B0001818030C0004000C1B18A2731A0C9B18AA
:1026C000DB439AB2120AE173A372E272204A138EBC
:1026D000013313860E9B1B8E002B02D02A899A424F
:1026E0001FD80E9B3A0029005B690E98984703B0EB
:1026F000F0BCBB46B246A946A046F0BD012B1ED198
:102700004389132B13D9416801AF4B7C0A7C1B0210
:1027100013438A7C12041A43CB7C1B061343019398
:10272000D4E73A0028000E99FFF768FCDFE7442160
:102730000220074B40425A5A01325A52D7E7054805
:10274000EEF77AFE0448EEF777FEC046DAE30020A3
:10275000A8380020FCA9011008AA0110F0B54E46C7
:102760004546DE465746E0B583B01E000CAB1B78ED
:10277000050098460DAB1B7889469B46837B170066
:10278000012B00D09CE0002A00D177E01421F7F75C
:10279000DBF98246002800D08AE06B896C68132B35
:1027A00000D890E05B46267263723A6836021E4398
:1027B000130A6374130EE374452323704346637056
:1027C0008A234046DB0103434520110C22741B027F
:1027D00012040343120C52189BB29B183202361299
:1027E0001643A1742889B6B29E19F5F783FB030A34
:1027F000E3705346A371E371344BA07086191888B7
:102800009A46F5F777FB030A6371534652461B88D5
:102810002071013313804B468619002B3FD01B6873
:10282000180EE07318041A0A000C627380191A0C4F
:1028300023731318A2731A0C1B041B0CD218130C4D
:102840009B18DB439AB2120AA372E272204A138EDB
:10285000013313860E9B1B8E002B02D02A899A42CD
:1028600020D80E9B3A0029005B690E98984703B068
:10287000F0BCBB46B246A946A046F0BD4389132B27
:1028800016D9416801AF4B7C0A7C1B0213438A7C3A
:1028900012041A43CB7C1B0613430193D6E70D4B5E
:1028A0001B68BDE73A0028000E99FFF7A7FBDEE79B
:1028B00044210220064B40425A5A01325A52D6E76E
:1028C0000548EEF7B9FD0548EEF7B6FDDAE300205E
:1028D000A838002084B80110FCA9011008AA011032
:1028E000421E030010B5033214D8022439222000FE
:1028F0008A5C104014420CD04A689A420CD0896815
:102900005A40114208D1CA438B439B1A5A42534141
:10291000D8B210BD0120FCE70020FAE7F0B5574619
:10292000DE464E464546E0B58A46027862490400D6
:102930008B5C87B058071DD502A88346804605A842
:102940008146032084465046042544260190302ABF
:1029500023D000201D4215D1A2462E2A5BD1C145AD
:1029600008D0434601C3984653465A785C1C8B5C9A
:102970001D42ECD1002007B0F0BCBB46B246A946D0
:10298000A046F0BD8300181840000134801822785A
:1029900030388B5C1D42F5D1DEE7627820201300D1
:1029A0008343582B15D0042700208B5C01340097FB
:1029B000009F1F42D0D030277F42BA4692445746EC
:1029C000072FC9D8C00001348018227830388B5CBA
:1029D000EEE7A27800208B5C033405E0000180184C
:1029E000227830388B5C01341D42F7D11E420ED064
:1029F00067463B40023B5F1EBB411F275B42BB4318
:102A00000A326133D21A000110432278EAE7013C0E
:102A1000A2462E2AA3D001998A46002A01D01B077C
:102A2000A8D543465A469B1A9B100133042B3FD826
:102A3000224A9B00D3589F4680235B04984299D238
:102A4000029BFF2B96D81B0618435346002B03D03E
:102A5000F5F754FA5346186001208CE7FF2800D997
:102A600088E7029BFF2B00D984E75A465168FF296B
:102A700000D97FE79268FF2A00D97BE71B0609048B
:102A80000B43120213431843DFE780235B02984293
:102A900000D36FE7029BFF2B00D96BE75A465268C1
:102AA000FF2A00D966E71B06120413431843CCE73C
:102AB0000348EEF7C1FCC046392E05106CB8011072
:102AC00038AA0110F0B5DE4657464E464546E0B5F9
:102AD000036885B0039300239946344B9A460193CB
:102AE00003AB984600239B46434600261D782800EA
:102AF0000A21F0F713F82800CCB20A21F0F70EF8FB
:102B0000330030340136E4B202AA2F00F6B2C5B267
:102B1000D454092FEBD84246594611704A46511CED
:102B2000002E38D0102A18D05246484614705A1E2B
:102B3000D2B20230002B31D010290ED0544602A957
:102B4000895C023B6170DBB2002A2AD0102804D0D5
:102B500002AAD25CA270002B07D0002005B0F0BC06
:102B6000BB46B246A946A046F0BD4946534603318E
:102B700003334A1C91461029EFD05A1C92462E224C
:102B80001A702D3A944604AAE0449045ACD1002234
:102B900001981A70E2E753464946EAE75346013383
:102BA000E7E7534601000233E3E7C04680E3002035
:102BB00070B5438904000E000E2B32D94068457B66
:102BC000037B2D021D43E37B002B03D13C33CB5C05
:102BD0000133E3730378DA070BD5012B3CD00622CF
:102BE000254905F0C7FD002803D10822637B134364
:102BF0006373082D21D0C123DB009D4211D13923FD
:102C0000F35C1B0714D50E212000F6F7C5FF002842
:102C10002DD01A4B5A8901325A81DA880132DA8072
:102C200006E0164B1A8A01321A82DA880132DA80FB
:102C30002000F7F703F8002070BD3923F35C1D4234
:102C4000F6D00E212000F6F7A7FF0028F0D13100C2
:102C50002000FFF73BFBEEE74378002BC9D18378D8
:102C60005E2BC6D11022637B13436373C1E731002F
:102C70002000FEF74BF9DEE790B80110A8380020DD
:102C8000F8B5CE46474680B5994608AB0700188888
:102C90000E009046F5F72EF90E2104003000F6F7ED
:102CA00053FF002819D1756806222C73240A49465F
:102CB00028006C73F0F716FB06224146A81DF0F7BA
:102CC00011FB3823FB5C062B0AD131003800BB69AD
:102CD0009847C0BCB946B046F8BD02204042F8E76C
:102CE0000148EEF7A9FBC04644AA0110F0B55746CB
:102CF0004546DE464E46E0B587B00593109B8846B4
:102D000099464B4B119D9A464A4B4B4F9B4604901C
:102D1000002A47D093461E000021380003F0AEFE83
:102D20000400831C24D053465B6A9D420ED8524651
:102D3000926A4A4501D29D4208D00220404207B023
:102D4000F0BCBB46B246A946A046F0BD3068036859
:102D50009A6A002A02D0904730680368196B4A4685
:102D60002B008847002C5EDB032CD5D10020E6E742
:102D7000049805F07FF90400584605F07BF94146B8
:102D80000291059901220191594652420300039292
:102D9000009138002100049A04F0AAFA0028CED14C
:102DA0000124C0E70021380003F068FE4E4604000D
:102DB000831C22D053465B6A9D4205D85246926AD4
:102DC000B242BAD29D42B8D15B46186803689A6A8B
:102DD000002A03D090475B4618680368196B3200DD
:102DE0002B008847002C1EDB032CBFD000213800AD
:102DF00003F044FE0400831CDCD1049C200005F099
:102E000039F901235B4203934346029300230100F7
:102E1000220038000193009304F06AFA002800D0E1
:102E20008DE70124C6E7E01C43425841083886E795
:102E30000040054050240020C8250020014B1860A8
:102E40007047C0465024002010B5044B01220021D9
:102E50001B68034804F088F810BDC04658120020D3
:102E6000C8250020F0B54F464646D646C0B584B0CA
:102E700007000E0090469946EFF732FB04000D0064
:102E80003800002E34D005F0F5F88246300005F009
:102E9000F1F84246030001214942039100210192C9
:102EA00002913A0051461548009604F021FA002894
:102EB00014D1FA220023484600219200F0F7A0F92D
:102EC0008023001969411B0699420DD2009001919F
:102ED0004346320000213800FFF708FF04B0E0BC91
:102EE000BA46B146A846F0BD012005494042EDE78B
:102EF00005F0C0F8002282460023CCE7C825002058
:102F0000FFFFFF7F014B18687047C0465024002028
:102F100030B583B0FFF7F6FF041E0ED0200004F09A
:102F2000DFFC05002000F4F7FDFB0300002D12D0AC
:102F30000020002B0FD003B030BD684604F038FFEE
:102F40000F4C6946200004F039FF002815D02000FE
:102F5000FFF774FFE2E7FFF7D5FF040004F0DCFCA5
:102F60002000F4F7F7FB064B9C4206D123682000B3
:102F70005B6B98470020FFF761FF01204042DAE7D2
:102F8000F817002010B5FFF7BDFF040004F0C4FCE3
:102F90002000F4F7DFFB064B9C4200D010BD2368F5
:102FA00020005B6B98470020FFF748FFF6E7C0461C
:102FB000F817002010B50520EFF79AFB030C6420EA
:102FC00003495843EFF7AAFD0338FDD210BDC046B0
:102FD0009A3B0000184B70B5C4580500002C14D063
:102FE0002168002906D06368A268144804F070FBC9
:102FF000002323600C202056002810DA0D202056D4
:10300000002803DA00220C4BEA5070BD04F09CFB50
:103010000D20205604F07CFBFF236373F2E704F0DD
:1030200093FB0C20205604F073FBFF230D20237329
:1030300020560028E6DBE9E74C08000098B80110AC
:10304000F0B5C64600B53E4C3E4B84B0C45000239C
:103050000621220001262360013BA3810191123148
:103060000500009138482100231D0832029604F023
:1030700069FA00285DD0636834485A1D1203DB01E9
:103080001A43334B01681A4030238B433149904631
:103090000B600368300098430860802120682E4B45
:1030A0004904C3181960A16880224B005B18DB003B
:1030B000C3181F009202C8373A60C0229202BA6059
:1030C00042467A60254ADC331A601D2201230096AD
:1030D00004F0DEF9224B21689C466144090D06315B
:1030E0001820C9B2EEF7CEF8012200211820EEF721
:1030F000E3F801211820EEF7F3F8A16823684A00ED
:103100005218D2009B18174AD8331A60002004F0D6
:1031100009FB2073002004F005FB237B40B26073A1
:1031200018430437000604D4002004B080BCB8461D
:10313000F0BD2800FFF74EFF06204042F5E7C046ED
:103140006C2500204C08000098B8011078C00140A0
:10315000FFFFFF9F78D001403820000018771C2423
:103160000000E0AF01E00000F0B54E464546DE4607
:103170005746E0B589461600984689B0002900D127
:1031800024E1964BC458964B21689C466144090D36
:1031900006311820C9B2EEF775F8914B21689C46AC
:1031A0006144090D06311D20C9B2EEF76BF801220A
:1031B00000211D20EEF780F8D02380221B06920408
:1031C0009A614346002B00D122E14B46002B00D1EF
:1031D000FAE001252A00A16820688A400368934329
:1031E000036063689C464B005B18DB00C718CC3754
:1031F00003933B689A4663465A1D7A4B12039B46DB
:10320000049253465A461340049A1A436346DB011C
:103210001A433A60744A039B94468022C31863445D
:1032200012061A601A608022002352040092019351
:1032300004F0D8F82900A36827681A1D9140944625
:1032400080229201BA1811601900280008318840C4
:1032500099001060F2007918013A0A615A00D218F8
:10326000D2006248BA18D83210601298801BC00091
:10327000013808611F205E491160616801401160DA
:10328000A0210C22C9058A46A256504695405949AC
:1032900045509101080080258346079156496D04E9
:1032A000594408682842FCD10D2001252056514977
:1032B0008540039050464550A021C9058A464E4995
:1032C00003988B4685018021AA445D449B462B00D0
:1032D00049041D680D42FCD15B46414903907D18AD
:1032E0002D0DED005919C9038B4658464349D202AA
:1032F0000A400243424806950100A0201143C00540
:10330000624683464846079D92005D4404922860C9
:103310000498B9468346D944484605912900B20825
:103320006860AA60059DCD600399069DC802334977
:10333000654408401299ED03890805438A1A31480B
:103340005946284355461031791829604146891954
:103350006960AA6001229A401300E86039680B4353
:103360003B600C22284B80219C46A25649049201C6
:10337000624413680B42FCD10D22234B80219C46F2
:10338000A25649049201624413680B42FCD1002109
:1033900032004046EFF7A0FFA16823684A005218A8
:1033A000D2009B18194AD8331A60D02380221B06FA
:1033B00092045A61FFF7FEFD002009B0F0BCBB4645
:1033C000B246A946A046F0BDC14602E74346002BDF
:1033D00000D0D6E605204042EFE7C0464C0800008A
:1033E0000000E0AF7F00FEFFD01000002060000072
:1033F00040600000440400000C000050FD7F00FF0E
:1034000019004000290040001000005003A00000F7
:103410004B46002BC0D001273A00A16820688A40A3
:1034200003689343036063689C464B005B18DB00B2
:10343000C518CC3503932B689A4663465A1C434BF8
:1034400012039B46049253465A461340049A1A4369
:103450006346DB011A432A603D4A039B944680225F
:10346000C318634412061A601A60802200235204B3
:103470000092019303F0B6FF3900A0682268031D93
:1034800099409A4680239B01D318196001003D00A2
:1034900008318D4081001D60F3005118013B0B6124
:1034A00043001B18DB002B4DD318D8331D60454655
:1034B0000D611F25284919606168294019600C2396
:1034C000E356A0219F409C46244BC905CF5063463C
:1034D0009901A023DB05CF18214B802598466D0468
:1034E00041440B682B42FCD161461E4B1E4DD31844
:1034F0001B0DDB001B18C9022940DB030B431B49D2
:10350000B6080B434946396051468D0055197D6018
:10351000BE60FB60012301001D0018318D40834017
:103520009560290015682B43136093681942FCD0FD
:103530000122A16820688A40036893430360002346
:1035400018220093013303F0A3FF25E77F00FEFF5D
:10355000D010000020600000406000004404000023
:103560000C0000500000E0AFFD7F00FF190040009C
:1035700010B51720EDF73AFFD024802324061B0452
:103580000022012163621720EDF796FE1820EDF767
:103590002DFF80235B0463621920A361EDF726FFF2
:1035A00080239B046362636110BDC04670B5D02464
:1035B000802524062D04A5611420EEF7F3FE656135
:1035C000FA20EEF7EFFE1820EDF710FF80235B04E2
:1035D000A36270BD002300B585B003930A4BD202ED
:1035E0001A40082309071143084A00930A4302AB13
:1035F00052BA002102920422FFF7B6FD002801D141
:10360000039840BA05B000BD00F8FF0F0400004069
:1036100010B5114BD2021A400B071A430F4B88B05A
:1036200013434C1E0293634263411B010833009312
:103630000422002102ABFFF797FD00280AD1631E88
:103640009C4103236142994308226B46053189005E
:103650009B18585808B010BD00F8FF0F0400004038
:1036600010B5114BD2021A400B071A430F4B88B00A
:1036700013434C1E0293634263411B0108330093C2
:103680000422002102ABFFF76FFD00280AD1631E60
:103690009C4103236142994308226B46053189000E
:1036A0009B18585808B010BD00F8FF0F02000040EA
:1036B00010B5114BD2021A400B071A430F4B88B0BA
:1036C00013434C1E0293634263411B010833009372
:1036D0000422002102ABFFF747FD00280AD1631E38
:1036E0009C4103236142994308226B4605318900BE
:1036F0009B18585808B010BD00F8FF0F010000409B
:10370000F0B55BBADE46454657464E46E0B585B055
:103710006D4C03936D4BD2022240C4586C4B090789
:103720009C4611436B4A18200A43216852BA6144EF
:10373000090D0631C9B20292EDF7A4FD644B216870
:103740009C466144090D06311D20C9B2EDF79AFD72
:10375000012200211D20EDF7AFFDD023802201279B
:103760001B0692049A613A00A16820688A400368A7
:1037700002AD9343036063689C464B005B18DB001B
:10378000C618CC369A463368984663465A1C1303CB
:103790009B46514B994643464A4613405A461A4364
:1037A0006346DB011A4332604C4A534694468022FA
:1037B000C318634412061A601A6080220023520460
:1037C0000092019303F00EFE3900A0682268031DE9
:1037D0009940984680239B01D318196001003E0050
:1037E00008318E401E603F23810051180B61430059
:1037F0001B18DB003A4ED318D8331E6000260E612A
:1038000038491F3619606168314019600C23E3564E
:10381000A0219F409C46344BC905CF506346990177
:10382000A023DB05CF18314B802699467604494406
:103830000B683342FCD16146254B2D4ED3181B0D2E
:10384000DB001B18C9023140DB030B4329493D60F3
:103850000B4341468E00022196197E60B960FB60E1
:10386000012301001D0018318D408340956029001F
:1038700015682B43136093680B42FCD00122A168AA
:1038800020688A4003689343036000231822009352
:10389000013303F0FDFDA16823684A005218D200ED
:1038A0009B18154AD8331A60D02380221B06920435
:1038B0005A61FFF77FFB002005B0F0BCBB46B24663
:1038C000A946A046F0BDC04600F8FF0F4C08000016
:1038D0000000E0AF040000C07F00FEFFD010000039
:1038E0002060000040600000440400000C00005014
:1038F000FD7F00FF1900400003A00000F0B5454621
:10390000DE4657464E46E0B5734CD20222400C07C5
:103910002243724C85B0224302AD02926B600129B2
:1039200009D108246E494450083942506D4A8350E9
:1039300082686D4BC2506D4B0127C4586C4B216897
:103940009C466144090D06311820C9B2EDF79AFC76
:10395000674B21689C466144090D06311D20C9B2A0
:10396000EDF790FC012200211D20EDF7A5FCD023EE
:1039700080221B0692049A613A00A16820688A405E
:1039800003689343036063689C464B005B18DB004D
:10399000C618CC369A463368984663465A1C1303B9
:1039A0009B46544B994643464A4613405A461A434F
:1039B0006346DB011A4332604F4A534694468022E5
:1039C000C318634412061A601A608022002352044E
:1039D0000092019303F006FD3900A0682268031DE0
:1039E0009940984680239B01D318196001003E003E
:1039F00008318E401E603F23810051180B61430047
:103A00001B18DB003D4ED318D8331E6000260E6114
:103A10003B491F3619606168314019600C23E35639
:103A2000A0219F409C46374BC905CF506346990162
:103A3000A023DB05CF18344B8026994676044944F1
:103A40000B683342FCD16146294B304ED3181B0D15
:103A5000DB001B18C9023140DB030B432C493D60DE
:103A60000B4341468E00022196197E60B960FB60CF
:103A7000012301001D0018318D408340956029000D
:103A800015682B43136093680B42FCD00122A16898
:103A900020688A4003689343036000231822009340
:103AA000013303F0F5FCA16823684A005218D200E4
:103AB0009B18184AD8331A60D02380221B06920420
:103AC0005A61FFF777FA002005B0F0BCBB46B2465A
:103AD000A946A046F0BDC04600F8FF0F040000C094
:103AE00058080000540800005C0800004C08000062
:103AF0000000E0AF7F00FEFFD0100000206000005B
:103B000040600000440400000C000050FD7F00FFF6
:103B10001900400003A00000F0B54546DE465746B8
:103B20004E46E0B5734CD20222400C072243724C41
:103B300085B0224302AD02926B60012909D10824AD
:103B40006E494450083942506D4A835082686D4B2B
:103B5000C2506D4B0127C4586C4B21689C46614490
:103B6000090D06311820C9B2EDF78CFB674B2168AF
:103B70009C466144090D06311D20C9B2EDF782FB58
:103B8000012200211D20EDF797FBD02380221B0688
:103B900092049A613A00A16820688A4003689343BE
:103BA000036063689C464B005B18DB00C618CC368C
:103BB0009A463368984663465A1C13039B46544BF7
:103BC000994643464A4613405A461A436346DB0128
:103BD0001A4332604F4A534694468022C3186344C6
:103BE00012061A601A608022002352040092019388
:103BF00003F0F8FB3900A0682268031D994098463D
:103C000080239B01D318196001003E0008318E40CB
:103C10001E603F23810051180B6143001B18DB001D
:103C20003D4ED318D8331E6000260E613B491F3627
:103C300019606168314019600C23E356A0219F4050
:103C40009C46374BC905CF5063469901A023DB053D
:103C5000CF18344B80269946760449440B6833428A
:103C6000FCD16146294B304ED3181B0DDB001B18CD
:103C7000C9023140DB030B432C493D600B434146F5
:103C80008E00022196197E60B960FB60012301005D
:103C90001D0018318D4083409560290015682B4325
:103CA000136093680B42FCD00122A16820688A400F
:103CB000036893430360002318220093013303F049
:103CC000E7FBA16823684A005218D2009B18184AE3
:103CD000D8331A60D02380221B0692045A61FFF762
:103CE00069F9002005B0F0BCBB46B246A946A04623
:103CF000F0BDC04600F8FF0F020000C058080000E9
:103D0000540800005C0800004C0800000000E0AF10
:103D10007F00FEFFD0100000206000004060000027
:103D2000440400000C000050FD7F00FF190040001B
:103D300003A00000F0B54546DE4657464E46E0B5C6
:103D4000734CD20222400C072243724C85B02243AE
:103D500002AD02926B60012909D108246E494450DA
:103D6000083942506D4A835082686D4BC2506D4B8A
:103D70000127C4586C4B21689C466144090D0631EB
:103D80001820C9B2EDF77EFA674B21689C46614462
:103D9000090D06311D20C9B2EDF774FA0122002188
:103DA0001D20EDF789FAD02380221B0692049A6128
:103DB0003A00A16820688A400368934303606368FF
:103DC0009C464B005B18DB00C618CC369A4633681D
:103DD000984663465A1C13039B46544B99464346E8
:103DE0004A4613405A461A436346DB011A4332607F
:103DF0004F4A534694468022C318634412061A6001
:103E00001A608022002352040092019303F0EAFA20
:103E10003900A0682268031D9940984680239B01C1
:103E2000D318196001003E0008318E401E603F2308
:103E3000810051180B6143001B18DB003D4ED31865
:103E4000D8331E6000260E613B491F361960616839
:103E5000314019600C23E356A0219F409C46374B0C
:103E6000C905CF5063469901A023DB05CF18344B19
:103E700080269946760449440B683342FCD161465A
:103E8000294B304ED3181B0DDB001B18C9023140E3
:103E9000DB030B432C493D600B4341468E0002215E
:103EA00096197E60B960FB60012301001D00183186
:103EB0008D4083409560290015682B4313609368FB
:103EC0000B42FCD00122A16820688A40036893431A
:103ED0000360002318220093013303F0D9FAA1688C
:103EE00023684A005218D2009B18184AD8331A6027
:103EF000D02380221B0692045A61FFF75BF8002052
:103F000005B0F0BCBB46B246A946A046F0BDC046CF
:103F100000F8FF0F010000C058080000540800001E
:103F20005C0800004C0800000000E0AF7F00FEFFCE
:103F3000D010000020600000406000004404000039
:103F40000C000050FD7F00FF1900400003A000009E
:103F5000F0B5DE1C1D000323040083B09E4301293D
:103F600024D024230420164FD2023A4009072A43C2
:103F70000A4380210430C90580000A432018043612
:103F800042600021009604222000E318FFF7ECF8BD
:103F9000061E0FD12100089B2831994203D02A0028
:103FA0001800EFF79FF9300003B0F0BD0020103685
:103FB0001133D8E731000348F0F7A0FFF3E7C0461C
:103FC00000F8FF0F78AA0110F0B557464E46454657
:103FD000DE46E0B50500032091468BB01A0003339E
:103FE00002AF8343022922D01C1D4B46234EDB0225
:103FF0000907334011431943C02328001B060B4314
:10400000B96C28306B62884201D0EFF76BF9290058
:1040100000232200280024310093FFF7A5F8BD46B5
:1040200009B0F0BCBB46B246A946A046F0BDFA2492
:104030000826A8468A469346A4007B60013C16D316
:104040000F4B0422BB600823002140460096FB185A
:104050006D46FFF789F8002800D1F868AD46800664
:10406000ECD5454651465A467B68002CBCD10548E4
:10407000F0F7BCFE06204042D1E7C04600F8FF0F33
:1040800004400040ACAC0110836870B5CC0B050057
:10409000E403A3420DD0802263405204934219D21C
:1040A000FF22120413420CD1FF221202134201D14B
:1040B000AC6070BD012128000A4A230AFFF73AFECE
:1040C000F6E7230C01212800074AFFF733FEAB680F
:1040D0006340E9E7230E0121044AFFF72BFEAB689A
:1040E0006340DDE70A0001000B0001000C00010045
:1040F000F0B5C646033000B58D1E840810D0631E8F
:10410000072B03D90B002B435B0721D02A00A40007
:104110002C19938850881B04034308C2A242F8D18B
:104120006B885BBA6B808B1C1A6813BA6B608B1D33
:10413000186803BAAB600B000A331B681BBAEB604C
:104140008A23DB059A421BD0280080BCB846F0BD0C
:10415000C3089C46DB002E0008009846CF180CC808
:104160000CC68742FBD1634658004346EF18CE1871
:104170008442D5D0738832881B0413433B60CFE759
:1041800080231B059842DFD10B000A000E00B232DB
:10419000AE3310681B882E3632691C18944216D82C
:1041A0003A31C918081881423AD20027002404E0A5
:1041B000DD2A10D0C918884220D94B780233CA189A
:1041C0009042F7D30A78302AF2D10C00F2E70123AB
:1041D0005B42AB60B8E78A1C90468A78002AE9D136
:1041E00042465278502AE5D142469278F22AE1D1ED
:1041F0004246D278012ADDD10F00DBE7631E9C41E5
:10420000A400002F01D002221443B28BD20601D5A4
:10421000012214438422A95CA9520432AC5493E7CE
:104220000024F2E7F0B5C6460E0005000B0000B50D
:1042300001211A4AFFF77EFD330001212800174AA9
:10424000FFF778FD002E25D003230327984640244E
:104250000BE0012003F0E6FB013C330001212800C4
:104260000E4AFFF767FD002C0FD0012128000B4AF2
:10427000FFF71EFA0028ECDB42460240BA42E8D1C2
:10428000FF28E6D080BCB846F0BD31000448F0F706
:1042900035FEF7E7012300279846D8E71F00010005
:1042A00094AA0110F0B5D6464F464646C0B5C37C29
:1042B00005000F00924682B0002B05D1006802F085
:1042C000D5FC002800D197E0280002F0D5FCAB7C9B
:1042D000002B05D101212800FFF7A4FF0123AB74B7
:1042E000EB7C002B00D16EE0FA24A40003E0013C3B
:1042F000002C00D180E0082200212800FFF788F977
:10430000431CF4D0C30500D4BFE0C02203035B0DFF
:10431000591ED200914200D3B1E0800700D5AEE033
:104320002C0028340022022128000094FFF710FE00
:1043300000283BD1298D6A8D0B00134300D1A4E0E6
:104340000123EB74604B9C460B005340634500D047
:10435000A1E0D24392B2914200D099E00B2900D85B
:10436000A0E0237AAB730F2362791340022B23D88A
:10437000627A944666466A7BB21AD2B2142A3ED951
:104380000C291DD0012B3CD0022B60D01B2900D85A
:1043900094E0E3792D8AE3185A89954200D08AE0A7
:1043A000524610331C1B0C1B3C60136002B0E0BC77
:1043B000BA46B146A846F0BD0B2040420C29F5D1C3
:1043C00004204042F2E7042200212800FFF748F9C8
:1043D00083B298463D4B040099461B88434502D062
:1043E000862303422DD14346002B42D14B46424601
:1043F0001A80A40600D577E701204042D6E76E7305
:10440000BEE710295DD9E379E318DA789200043227
:104410009B181A7B1C1B091B882A46D15A7B6C2AC5
:1044200043D1DA7C002A3AD11A7D102A37D15A7D3D
:10443000182A34D1524618391833396001201360D4
:10444000B4E70104090C2248F0F758FDCBE7102926
:104450002ED9E2790220A218D3789B000433D31816
:1044600092781C1BD2070C1B144352463C6013600D
:104470009CE7042200212800FFF74EFBB6E701234A
:1044800001212800134AFFF755FC0023EB74B3E722
:10449000022040428AE71048F0F730FDACE70A20DE
:1044A000404283E70320404280E7092040427DE705
:1044B000072040427AE70620404277E70520404245
:1044C00074E70820404271E7FFFF0000DEE30020B0
:1044D000B8AA01100D000100E4AA0110F0B5DE46F3
:1044E000574645464E460400E0B585B09A46884694
:1044F000934602F0C1FBA37C002B05D101212000D3
:10450000FFF790FE0123A374A37B002B24D02F4F31
:104510002F4EBB6A99460EE0A17B002903D1237B75
:10452000627B9A421CD14B46ED1AB54245D8FA201F
:10453000800003F045FA200003AA02A9BD6AFFF734
:10454000B1FE0128E8D103990298FFF7D1FD0100DF
:10455000200002F097FBDFE7237B627B9A42D6D0F4
:104560005A4651460C3292B20A80D2430B714A80AD
:10457000524641465171002251468A7141468E1E73
:10458000711E8E41012176428E43514601330E3613
:104590000A814A81CE7123735B4603320F33934302
:1045A0000091002202212000FFF70EFD05B0F0BCB3
:1045B000BB46B246A946A046F0BD637B227B0548B8
:1045C000F0F79CFC02204042F0E7C0460040054066
:1045D00040420F0010AB0110F0B557464E4645461D
:1045E000DE46E0B5294E9246B76A9846284AB36A35
:1045F0000500894683B0DB1B93422ED8254B9B4692
:1046000010E0022820D0002803DB01005846F0F714
:1046100075FCFA20800003F0D3F9B36A1C4ADB1B57
:1046200093421AD86946280001AAFFF73BFE041EF0
:1046300023D00128E5D101990098FFF759FD010029
:10464000280002F01FFBE4E70099019B4A0028685C
:104650005208C90F02F0C4F9DBE743465246494607
:1046600002240D48F0F74AFC6442200003B0F0BC7D
:10467000BB46B246A946A046F0BD009A424500D9C5
:10468000424601990C9804F099F8EEE70040054085
:104690003F420F0034AB011060AB0110F0B545464E
:1046A000904640225746DE464E4652429346924638
:1046B000E0B50024070083B08B449A4440222300D5
:1046C00040349146444502D94246D31A99465B4646
:1046D0001D19BB68EE0BF6039E420DD0802273407D
:1046E0005204934227D2FF22120413422FD1FF22F9
:1046F0001202134218D1BE60802253466D041B196A
:104700006D0C1202009301214B4638002A43FFF73B
:104710005BFC002801D14445D0D303B0F0BCBB46BC
:10472000B246A946A046F0BD012138000C4A330A22
:10473000FFF700FBDFE700230A4A01213800FFF7FB
:10474000F9FAFF22BB68120473401342CFD0330C36
:1047500001213800044AFFF7EDFABB687340C6E751
:104760000A0001000C0001000B000100F0B5CE466C
:10477000474680B5060083B004000800170089464C
:1047800003F078FC431C9846443605001A0049465D
:104790003000EEF7A7FD4346F2183B0A177053703E
:1047A0003B0C3F0E9370D7702A00802321326F1D7F
:1047B0001B019A4220D80822238AFF3201339BB280
:1047C00090466263063AFF3A23821B041343E36375
:1047D00000232A002364230000212000A763153250
:1047E0002833FFF77BFE002806D13B00424602211A
:1047F00020000096FFF7F0FE03B0C0BCB946B046FB
:10480000F0BDC046F0B5CE46474680B5060083B041
:104810000400080099468846170003F02BFC443634
:10482000451C3A004946701903F0C8FF2A0041466A
:104830003000ED19EEF756FD2A0080231C321B01D3
:104840009A4220D8218A0A9B013189B21B03218216
:104850000904194302231943002308272364230072
:10486000FF37E163200000216763A56328330C3A1A
:10487000FFF734FE002806D12B003A000221200069
:104880000096FFF7A9FE03B0C0BCB946B046F0BD24
:10489000F0B5D6464F464646C0B50400060082B085
:1048A00008001F009246894603F0E4FB431C98462B
:1048B000443605001A0049463000EEF713FD434622
:1048C0005246F3181A7000225A709A70DA706B1DF3
:1048D000F318390A5970390C1F7099703F0E29006E
:1048E000DF702F008023253109371B0199421FD823
:1048F0000821238AFF3101339BB288466163063960
:10490000FF3923821B040B43E363226423002A0044
:1049100000212000A76319322833FFF7DFFD0028AC
:1049200006D13B004246022120000096FFF754FECC
:1049300002B0E0BCBA46B146A846F0BD836870B587
:10494000CE0B04000D00F6039E420DD08022734072
:104950005204934239D2FF22120413422CD1FF2277
:104960001202134221D1A66080226D046D0C120246
:104970002A4301212000FEF79BFEC025A368060004
:104980006D05AB420FD080226B405204934238D267
:10499000FF221204134228D1FF22120213421CD11B
:1049A000C0235B05A360300070BD01212000194ABF
:1049B000330AFFF7BFF9D6E7330C01212000164A6E
:1049C000FFF7B8F9A3687340C9E7330E0121134A12
:1049D000FFF7B0F9A3687340BDE7C02301212000B1
:1049E0000C4A5B03FFF7A6F9DAE7C0230A4A5B012A
:1049F00001212000FFF79EF9C023A2685B05534008
:104A0000CAE7182301212000044AFFF793F9A3689D
:104A10006B40BDE70A0001000B0001000C00010023
:104A2000F0B5C646CE0B0D008168040090461F000D
:104A300000B5F6038E420DD0802371405B0499428D
:104A400066D2FF231B04194259D1FF231B021942CE
:104A500025D1A660802243466D046D0C12022A43C4
:104A6000012B23D03B0001212000FEF747FFC0258A
:104A7000A3686D05AB420FD080226B405204934275
:104A80001AD2FF221204134222D1FF221202134231
:104A90002DD1C0235B05A36080BCB846F0BD0121C9
:104AA00020001F4A330AFFF745F9D2E73B000121F6
:104AB0002000FFF73FF9DAE718231A4A0121200006
:104AC000FFF738F9FF22A36812046B401342DCD0D1
:104AD000C023154A5B0101212000FFF72BF9C023F9
:104AE000A2685B055340FF2212021342D1D0C023BB
:104AF000012120000A4A5B03FFF71CF9C9E70121E5
:104B00002000094A330CFFF715F9A16871409CE7B2
:104B10000121044A330EFFF70DF9A168714090E7B7
:104B20000A0001000C0001000B000100F8B5CE46A0
:104B3000474604000D0080B5012900D1E4E1D74BC0
:104B4000C82798463F02C02641462000FFF79CFA3E
:104B50003A0001212000FEF7ABFDA3687605B342C1
:104B600012D0802273405204934200D3E7E0FF2228
:104B70001204134200D0EFE0FF221202134200D0D1
:104B8000FAE0C0235B05A36041462000FFF77CFAF2
:104B90003A0001212000FEF78BFDC022A3685205D8
:104BA00006009146934212D0534080225204934211
:104BB00000D39EE1FF221204134200D08DE1FF22B8
:104BC0001202134200D080E1C0235B05A360F60708
:104BD00000D4A1E1012D00D19BE1B14DB14E3100D6
:104BE0002000FFF751FA03232A0001212000FFF7DC
:104BF000A1F8C022A36852059146934212D05340B7
:104C000080225204934200D354E1FF221204134243
:104C100000D037E1FF221202134200D02AE1C02364
:104C20005B05A36031002000FFF72EFA2A00012166
:104C30002000FEF73DFDC022A36852059146934235
:104C400012D0534080225204934200D307E1FF2246
:104C50001204134200D0F6E0FF221202134200D0E9
:104C6000E9E0C0235B05A36041462000FFF70CFA92
:104C70003A00C027002301212000FFF75BF8A3685A
:104C80007F05BB4212D080227B405204934200D366
:104C9000C8E0FF221204134200D0B7E0FF22120244
:104CA000134200D0AAE0C0235B05A360C027012007
:104CB00002F0B8FE31002000FFF7E6F901232A00D8
:104CC00001212000FFF736F8A3687F05BB4211D011
:104CD00080227B405204934200D386E0FF221204DC
:104CE000134200D075E0FF221202134269D1C023A3
:104CF0005B05A36031002000FFF7C6F92A00C0253C
:104D000001212000FEF7D4FCA3686D05AB420FD053
:104D100080226B40520493424AD2FF221204134273
:104D20003AD1FF22120213422ED1C0235B05A360A9
:104D3000012002F077FEC0BCB946B046F8BD18238A
:104D4000594A01212000FEF7F5FFFF22A368120453
:104D50007340134200D10FE7C023544A5B01012185
:104D60002000FEF7E7FFC023A2685B055340FF2247
:104D70001202134200D104E7C023012120004C4A53
:104D80005B03FEF7D7FFFCE6C02301212000484A61
:104D90005B03FEF7CFFFC8E7C023444A5B01012154
:104DA0002000FEF7C7FFC023A2685B055340B8E7A9
:104DB0001823012120003C4AFEF7BCFFA3686B408A
:104DC000ABE7C02301212000394A5B03FEF7B2FFA5
:104DD0008DE7C023354A5B0101212000FEF7AAFFC1
:104DE000C023A2685B0553407DE718230121200002
:104DF0002D4AFEF79FFFA3687B406FE7C023012188
:104E000020002B4A5B03FEF795FF4CE7C023274A9F
:104E10005B0101212000FEF78DFFC023A2685B0526
:104E200053403BE71823012120001F4AFEF782FF71
:104E3000A3687B402DE7C023012120001C4A5B03AF
:104E4000FEF778FF0DE7C023184A5B01012120001F
:104E5000FEF770FFC023A2685B055340FCE61823F1
:104E6000114A01212000FEF765FF4A46A3685A4017
:104E70001300ECE6C023012120000D4A5B03FEF77E
:104E800059FFCCE6C023094A5B0101212000FEF74F
:104E900051FFC023A2685B055340BBE600481018D1
:104EA00008C40000084410180C0001000B000100A9
:104EB0000A00010018231A4A01212000FEF73AFFD8
:104EC0004A46A3685A4013009FE6C02301212000F0
:104ED000144A5B03FEF72EFF76E6C023124A5B01FD
:104EE00001212000FEF726FFC023A2685B05534086
:104EF00065E618230A4A01212000FEF71BFF4A46F7
:104F0000A3685A40130055E6B827084B3F0298465D
:104F100019E6074D074E62E60748EFF767FF59E6C7
:104F20000C0001000A0001000B00010000381018FD
:104F300008B400000834101888AB01108022002348
:104F400052008281034A016083608373036183504E
:104F50007047C0464C08000010B5FEF73BF810BD86
:104F600070B5140004AA26000500180013788022EA
:104F70001236120196421FD836222026AE542A003D
:104F8000002636325670D6702E0091703A36002BBD
:104F90000CD101002200300003F010FC2B00022194
:104FA00028002833A21DFFF799FA70BD00233100B5
:104FB000A2B2F4F771FFF1E705204042F5E7C046E1
:104FC00010B5040082B06946200001AAFFF76AF913
:104FD000431C14D0031DF6D0012812D00228F2D1B0
:104FE0000099019B4A0020685208C90F01F0F8FCA3
:104FF0006946200001AAFFF755F9431CEAD102B027
:1050000010BD01990098FFF773F80100200001F02E
:1050100039FED8E7F0B50227C64698464B001F4038
:10502000802300B516001C32040082B04D081B011D
:105030009A422BD83304008A1B0CA363089B0130CF
:1050400080B21B0320823B4300040343E363200040
:1050500000233200414623646563443003F0AEFB15
:10506000230032000021200028331032FFF736FAE7
:10507000002807D143462A0000933900330020005E
:10508000FFF7AAFA02B080BCB846F0BD0520404246
:10509000F8E7C04610B50400002909D0837C002B36
:1050A00000D110BD002300218374FFF7BBF8F8E79F
:1050B00001F0E2FDA37C002BF3D101212000FFF7DA
:1050C000B1F80123A374ECE7F0B506000D004436F7
:1050D000082204006F49300083B0EEF703F92A0478
:1050E000E8B2120E2B0C00D1CAE06B492D0E2D0236
:1050F0000B402B434C216054013162544E2500215A
:10510000615323655423E0540133E25414220827E9
:1051100025000133E152238AA26301339BB2123A84
:1051200023821B041343FF372835E36320002B0041
:10513000676321642232FFF7D1F9002806D11423D6
:105140003A00022120000096FFF746FA322002F0D2
:1051500069FC40210022238A616301339BB23C3900
:105160002382A1631B0402390B436264E36322645C
:105170002B00002120001432FFF7B0F9002806D1DF
:1051800004234022022120000096FFF725FA002286
:1051900020004249FFF7EAFA012220004049FFF7C8
:1051A000E5FA082220003F49FFF7E0FA0422200038
:1051B0003D49FFF7DBFA002220003C49FFF7D6FA11
:1051C0003B4B60689B6A3B4A191A91425BD92000AD
:1051D0001322FF215A30EEF77FF85C23E722E254D6
:1051E00003330732E25401332F3AE2540233403A98
:1051F000E25431496D3A3000EEF774F82922238ADF
:10520000A26301339BB2273A23821B04134308276E
:10521000E3630023FF37236400212B002000676332
:105220003732FFF75BF9002806D129233A00022123
:1052300020000096FFF7D0F9322002F0F3FB0221A4
:105240000022238A616301339BB223821B040B4338
:10525000A263E36322642B00002120001032FFF7D9
:105260003DF9002806D100900023022202212000EF
:10527000FFF7B2F9322002F0D5FB002003B0F0BDF9
:1052800001235B4236E7C01A0C4B9C46604402F097
:10529000EDFB9CE7742B0510FF00FFFFA4AB011092
:1052A000B0AB0110B8AB0110C8AB0110D4AB01100A
:1052B00000400540EF490200E4AB0110F049020054
:1052C000F0B5C6460700040000B54437142282B08A
:1052D0000E0038001649EEF705F8238A83220133C1
:1052E0009BB223821B04E363002323642300520048
:1052F00062639046F23AA263002120002833103204
:10530000FFF7ECF8051E0DD11423424600212000C2
:105310000097FFF761F9051E04D10622390030001D
:10532000EDF7E0FF280002B080BCB846F0BDC046F3
:10533000802B0510F0B55746DE464E464546E0B593
:10534000B74B87B09B6A040043600F00FDF778FEFF
:10535000002812D1FEF70CF90A25FEF727F9B14E05
:10536000142200212000FEF735F9B04212D00120AE
:10537000013D02F057FB002DF2D1AB48EFF736FDAF
:1053800006256D42280007B0F0BCBB46B246A946D0
:10539000A046F0BD002200212000A44BFEF7B0F98A
:1053A0000028EAD1002200212000FEF731F9102365
:1053B0001D2200212000FEF7BDFC0028DDD199232D
:1053C000042200212000FEF7B5FC0028D5D1BE2321
:1053D000062200212000FEF79FFB0028CDD10823E4
:1053E00001212000924AFEF7A5FC0A254026012152
:1053F00020008F4AFEF75CF9064209D10120013DE9
:1054000002F010FB002DF2D18A48EFF7EFFCB7E76E
:105410000023874A01212000FEF78CFC20008649EA
:10542000FEF732FEB822C025012120001202FEF74D
:105430003FF9A3686D05AB4212D080226B40520445
:10544000934200D335E3FF221204134200D024E339
:10545000FF221202134200D017E3C0235B05A360B2
:1054600020007549FEF710FEB8220121200012022B
:10547000FEF71EF9C026A36805007605B34212D0D8
:10548000802273405204934200D3F5E2FF221204BB
:10549000134200D0E4E2FF221202134200D0A7E23E
:1054A000C0235B05A360ED0700D4B8E32000634987
:1054B000FEF7EAFDC822C025012120001202FEF7F6
:1054C000F7F8A3686D05AB4212D080226B405204FE
:1054D000934200D383E2FF221204134200D00EE372
:1054E000FF221202134200D001E3C0235B05A36038
:1054F00020005249FEF7C8FDC822012120001202F7
:10550000FEF7D6F8C026A36805007605B34212D090
:10551000802273405204934200D3DFE2FF22120440
:10552000134200D0CEE2FF221202134200D0F2E278
:10553000C0235B05A360ED0700D474E3C0250221FE
:105540002000FFF7F3FAA3686D05AB4212D080226A
:105550006B405204934200D3F6E1FF22120413423F
:1055600000D0E5E1FF221202134200D012E2C02374
:105570005B05A360C025032301212000304AFEF70C
:10558000BDF9A3686D05AB4212D080226B40520476
:10559000934200D3F5E1FF221204134200D0E4E16C
:1055A000FF221202134200D0D7E1C0235B05A360A3
:1055B000C025002301212000224AFEF79FF9A3689D
:1055C0006D05AB4212D080226B405204934200D34F
:1055D000F4E1FF221204134200D0E3E1FF221202A1
:1055E000134200D0F3E1C0235B05A360164B174ABA
:1055F0009A46174B53449E5A1B3AFF3A964200DB99
:1056000092E1144A9B5C002B00D08DE1502E00DC0F
:105610008AE1114B50259946104B5344984623E09C
:1056200000400540ADBEEDFEF8AB0110B304020032
:105630000E0001004CAC0110003810180048101882
:1056400010C0000044C00000ACB801100E03000000
:105650009E6803000D03000018AC0110AB6B030043
:105660000135AE4200DC5FE1434609224946581B42
:1056700002F02EFD0028F3D1534600212000E04A1D
:10568000FFF70CF8051E00D07CE6BA22DD4BDE49A0
:1056900092002000FFF702F8DC4B04222000DC49D6
:1056A000FFF7BEF901212000FFF740FA2000D94999
:1056B000FFF744F903230340012B02D0D648EFF74C
:1056C00095FB2000D549FFF739F9C00700D52AE23C
:1056D000FA268023B600984606E00120013E02F03B
:1056E000A1F9002E00D190E201212000CC4AFDF763
:1056F000DFFF43460342F0D0F02304222000C949D3
:10570000FFF78EF9202301212000C74AFEF712FB84
:10571000FA262023B600984606E00120013E02F05A
:1057200081F9002E00D175E2082200212000FDF74A
:105730006FFF43460342F0D00121BC4A2000FDF731
:10574000B7FF0222C3B213430121B84A2000FEF77B
:10575000F1FA0823F02200212000FEF7EBFA0223E1
:105760000121AF4A2000FEF7E5FA01212000B04AEE
:10577000FDF79EFFC30700D4DDE10F230121AD4AF1
:105780002000FEF7D7FA00230121AA4A2000FEF7E5
:10579000D1FA0121A74A2000FDF78AFF0422002147
:1057A0002000FDF75DFFC30700D5CDE1C026A3684B
:1057B0007605B34212D0802273405204934200D344
:1057C0001AE2FF221204134200D009E2FF22120261
:1057D000134200D0FCE1C0235B05A360C026012179
:1057E0002000954AFDF714FFA3687605B34212D056
:1057F000802273405204934200D3D8E1FF22120466
:10580000134200D0C7E1FF221202134200D0D7E1B9
:10581000C0235B05A360200001F02EFAA37C002BBF
:1058200005D101212000FEF7FDFC0123A3744423D0
:10583000824E98463100A04408222C314046EDF7B4
:1058400051FD7F4BF622DB21E36420000023920010
:10585000890251442265636558309946EDF742FD4F
:105860000822FF3292466263FC2292009346A263B2
:105870000222238A002101339BB223821B0413439B
:10588000E3634B462364283399468022A1444B4668
:105890002000D200FEF722FE002807D143465246E0
:1058A000009302215B462000FEF796FE3100132292
:1058B00038314046EDF716FD238A832201339BB22F
:1058C00023821B04E3630023520092466263F33A8F
:1058D000A263236400214B4620001032FEF7FEFD38
:1058E000002807D14346524600930021132320008D
:1058F000FEF772FE636C002B00D018E1002220003E
:105900005049FEF733FF012220004F49FEF72EFFDA
:10591000002F00D11FE100230622009320003B004E
:105920004A49FEF76FFF2DE54948EFF75FFA27E593
:10593000C023484A5B0101212000FEF7FBF9C02388
:10594000A2685B0553400DE6182301212000424A5E
:10595000FEF7F0F9A3686B40FFE5C02301212000AA
:105960003E4A5B03FEF7E6F91FE6C023394A5B01B6
:1059700001212000FEF7DEF9C023A2685B05534039
:105980000EE6182301212000334AFEF7D3F9A3685D
:105990006B4000E6C02301212000304A5B03FEF784
:1059A000C9F9E4E5C0232B4A5B0101212000FEF781
:1059B000C1F9C023A2685B0553400FE618230121FB
:1059C0002000254AFEF7B6F9A3686B4001E6C02324
:1059D00001212000214A5B03FEF7ACF903E61823FE
:1059E000012120001C4AFEF7A5F9A3686B4072E56F
:1059F000C02301212000194A5B03FEF79BF94FE504
:105A0000C06B03008428051014FD0700BA0045FF91
:105A1000FCFF07000834101878AC0110003810188B
:105A20000E00010024200018080001001E000100E3
:105A30001F0001000F000100088500006C2B0510FD
:105A400006100200A4AB0110B0AB0110D4AC0110E1
:105A500024AC01100B0001000C0001000A00010041
:105A6000C023734A5B0101212000FEF763F9C023C4
:105A7000A2685B0553400EE51823012120006D4A02
:105A8000FEF758F9A368734000E5C0230121200008
:105A9000694A5B03FEF74EF9DFE4C023644A5B0109
:105AA00001212000FEF746F9C023A2685B055340A0
:105AB000CEE41823012120005E4AFEF73BF9A368DB
:105AC0006B40C0E4C0235A4A5B0101212000FEF76D
:105AD00031F9C023A2685B05534024E51823012156
:105AE0002000544AFEF726F9A368734016E5C02348
:105AF00001212000504A5B03FEF71CF9F5E4C023A6
:105B00004B4A5B0101212000FEF714F9C023A26873
:105B10005B055340E4E4C02301212000464A5B03B7
:105B2000FEF708F904E54548EFF760F9D0E5444889
:105B3000EFF75CF9E2E60123C0B203430121200044
:105B4000404AFEF7F7F818E683B20422002120004D
:105B5000FDF7E2FF2AE63300F26C4C3304929B8897
:105B600004AF02AE31002000BB80FFF7A9FB002884
:105B70000BD1029A049B9A4201D0FFF703FCB28832
:105B8000BB889A4201D0FFF7FDFB3100002001F0F5
:105B9000E5FE3700BFE6C023254A5B010121200056
:105BA000FEF7C8F8C023A2685B0553402BE6182314
:105BB000012120001F4AFEF7BDF8A36873401DE6CF
:105BC000C023012120001C4A5B03FEF7B3F81FE647
:105BD000C02301212000184A5B03FEF7ABF8FAE569
:105BE000C023134A5B0101212000FEF7A3F8C02364
:105BF000A2685B055340E9E51823012120000D4A06
:105C0000FEF798F8A3687340DBE50F48EFF7EEF86E
:105C1000FFF7B6FB0D48EFF7E9F8FFF7B1FB0C48CB
:105C2000EFF7E4F842E40A48EFF7E0F886E4C0460C
:105C30000B0001000C0001000A00010078AC01100B
:105C4000BCAC01101F0001008CAC0110A4AC011011
:105C500088AB011070B504000D001E0082B0C82A88
:105C600000D878E0C822900082183D4920005200F8
:105C7000FEF77CFD320020003A49FEF777FD200058
:105C80003949069AFEF772FD20003849079AFEF757
:105C90006DFD5622238A626301339BB2523A2382FE
:105CA000A2631B04023A134365642500E3630023E7
:105CB00026002835236400212B00200012324436B0
:105CC000FEF70CFC002806D10423562202212000F6
:105CD0000096FEF781FC01236E226364238A6263CF
:105CE00001339BB26A3A2382A2631B04023A134334
:105CF000E36300230021236420002B001232FEF70F
:105D0000EDFB002806D104236E220221200000961C
:105D1000FEF762FC8E210022238A616301339BB26D
:105D20008A392382A1631B0402390B436264E36353
:105D300022642B00002120001432FEF7CFFB002844
:105D400006D104238E22022120000096FEF744FC97
:105D5000002002B070BD002A00D084E7013282E743
:105D6000E4AC0110F4AC011000AD01100CAD011059
:105D7000F0B557464E46DE464546E0B5A9B0339FDE
:105D800089469246DC49082204000393FEF7EEFCA4
:105D9000002F00D1AAE102233A009A43D74B9A423E
:105DA00013D0D74B9F4200D127E2D64B9F4200D160
:105DB00029E2D54B9F4200D030E204230593002313
:105DC00004938023DB02984604E00023059380338C
:105DD00098460493039B402B00D91FE244230022E2
:105DE000862125002600E7540133E2540133E254B2
:105DF0000133E254238A616301339BB282392382E7
:105E0000A1631B0402390B432835E36322642B0092
:105E10000021200014324436FEF760FB002806D132
:105E200004238622022120000096FEF7D5FB3B00CA
:105E300020005A1E9341B5490022FEF729FD012397
:105E400000225B422000B249FEF722FD1322B14935
:105E50003000EDF747FA002257238821E25401333E
:105E6000E2540133E2540133E2540133E154753911
:105E70000133E15408210133E2540133E254238A0F
:105E8000FF3101339BB28B466163EC392382A163FE
:105E90001B0419390B43E36322642B00002120000B
:105EA0002B32FEF71BFB002806D11B235A4602218A
:105EB00020000096FEF790FB002F32D0914B9F42BE
:105EC0002FD00123039A329907AF08A83A807B802C
:105ED000EDF708FA022001F0A5FD8622238A520080
:105EE00001339BB262639346C83A2382A2631B04C8
:105EF000423A1343E3630023390023644232300003
:105F0000EDF7F0F92B00542200212000FEF7E6FA0D
:105F1000002806D144235A46022120000097FEF7AC
:105F20005BFB8023DB02984500D124E1012314228E
:105F30006364238A626301339BB2103A2382A263B3
:105F40001B04023A1343E36300230021236420006F
:105F50002B001232FEF7C2FA002806D104231422C5
:105F6000022120000096FEF737FB00224423E25472
:105F7000002216210133E2540133E2540133E2548A
:105F8000238A616301339BB212392382A1631B040C
:105F900002390B43E36322642B00002120001432FA
:105FA000FEF79CFA002806D10423162202212000C5
:105FB0000096FEF711FB4346802B00D194E0564A31
:105FC000424453425A4120005449FEF7CFFB442338
:105FD000049A0599E25400220133E2540133E1545A
:105FE000A5210133E254238A616301339BB2A139B5
:105FF0002382A1631B0402390B43E36322642B0059
:10600000002120001432FEF769FA002806D104238B
:10601000A522022120000096FEF7DEFA4A46404BF8
:106020005146E2503F4BE018EDF75CF9349B002BF2
:1060300000D17BE04222002108A8EDF74DF94B4644
:106040004A4651460C2708A80793EDF74BF924233D
:10605000002204A9C919CA5415A8253B349906324F
:106060001193129313931493EDF73CF9359B01337D
:1060700009D0012317938023359A5B0113434422EF
:1060800004A9C9198B522000462207A94930EDF70F
:1060900029F9052224493000EDF724F94B22238AFF
:1060A000A26301339BB2493A23821B04134308279E
:1060B000E3630023FF37236400212B002000676384
:1060C0005932FEF70BFA002806D14B233A00022181
:1060D00020000096FEF780FA002029B0F0BCBB46F5
:1060E000B246A946A046F0BD01226CE700239846BF
:1060F0000593049372E6C046B8AB0110040040005B
:106100000200200004000001040040011CAD011049
:106110002CAD011044AD01100000FCFF68AD011072
:10612000280800002C0800006CAD01101A223D4B1D
:106130006263E718238A0A3201339BB22382A26387
:106140001B04223A1343E363349B39002364223255
:106150003000EDF7C7F82B00342200212000FEF7B5
:10616000BDF90028B8D124231A220221200000976B
:10617000FEF732FAB0E704A884460E236344802277
:1061800000211800EDF7A8F8039B07AF04A8844688
:106190001A003B800E23634418003299EDF7A2F8F1
:1061A000022001F03FFC002382229B4620001E4972
:1061B00000933B00FEF726FB012314226364238A2D
:1061C000626301339BB2103A2382A2631B04023A3A
:1061D0001343E3635B460021236420002B0012324B
:1061E000FEF77CF9002806D10423142202212000A6
:1061F0000096FEF7F1F90322B8E600230593043375
:1062000098460493E6E5039B802B07D80423059367
:10621000002304938023DB029846DFE505204042FB
:106220005BE7C0462808000058AD0110042210B5F5
:10623000038A82B001339BB24264038282631B04EF
:10624000023A1343C3630023A5210364030041639F
:106250002833002112320400FEF740F9002808D14B
:10626000230044330093A522042302212000FEF7DB
:10627000B3F902B010BDC0461A2230B5134B83B03B
:10628000C518038A426301339BB20A3203828263D8
:106290001B04223A1343C363002304000364290050
:1062A00022324430EDF71EF8230034220021200072
:1062B0002833FEF713F9002806D124231A220221DD
:1062C00020000095FEF788F903B030BD28080000D3
:1062D000F0B5D6464F4646460500C0B544350400E5
:1062E00082B00F009046B349042228001E00ECF74C
:1062F000F9FF0123A3640633FF3399466363FE3B32
:10630000A3630023236428339A46208AA2440130E1
:1063100080B220820004E06353461822002120004E
:10632000FEF7DCF8002806D108234A4600212000A9
:106330000095FEF751F94423E25C0133E35C1B0254
:1063400013434622A25C12041A434723E35C1B0654
:10635000134300D025E1002E07D0974B9E4200D179
:10636000BAE10A9B402B00D9BAE1022220009349EE
:10637000FEF7FCF9012363644B339946A1442022C4
:106380000021A7644846ECF7A7FF3A00414648467B
:10639000ECF7A8FF200028222900503002F00EFA66
:1063A0000C2287492800ECF79DFF3422238AA26340
:1063B00001339BB2323A23821B0413430827E36361
:1063C0000023FF37236400215346200067634232D5
:1063D000FEF784F8002806D134233A000221200079
:1063E0000095FEF7F9F81E220C9B62636364238A12
:1063F0001A3A01339BB22382A2631B04023A13436D
:10640000E363002300212364200053461232FEF789
:1064100065F8002806D104231E22022120000095E1
:10642000FEF7DAF83300012220006649FEF730FA61
:10643000614B9E4200D1BBE0634BF7187B425F414A
:10644000FFB2042261492800ECF74CFF48230022E8
:106450000821E75408270133E2540133E2540133A1
:10646000E254238AA163013359499BB223821B045E
:106470000B43FF37E3632264534600212000676328
:106480001832FEF72BF8002806D108233A00022123
:1064900020000095FEF7A0F8002E18D04D4B9E422C
:1064A00000D120E1022332009A434B4B9A4200D1A3
:1064B0009AE0414B9E4200D118E1484B48499E4228
:1064C00000D138E1002301222000FEF7E1F9012389
:1064D0006E226364238A626301336A3A9BB2A263C9
:1064E0003B4A23821B041343E363002314222364E7
:1064F000002153462000FDF7F1FF002806D10423B8
:106500006E22022120000095FEF766F80922354927
:106510002800ECF7E7FE4D231622E25400220D215D
:1065200008260133E2540133E2540133E254238A52
:10653000A163013326499BB223821B040B43FF3620
:10654000E363226453460021200066631D32FDF799
:10655000C5FF002806D10D2332000221200000953E
:10656000FEF73AF801234E226364238A6263013303
:106570004A3A9BB2A263164A23821B041343E36385
:10658000002314222364002153462000FDF7A6FFB8
:10659000002806D104234E22022120000095FEF798
:1065A0001BF8002002B0E0BCBA46B146A846F0BDD8
:1065B000022746E7C02B051004000001B8AB01100C
:1065C00074AD011080AD0110FCFFBFFE68AD01107D
:1065D00002100000020020000400400004004001FE
:1065E0008CAD0110B0AD0110842368490122200058
:1065F000FEF74EF90A9BDBB299460A9B1B0ADBB2F7
:10660000984644274B464246E3554523E25401222F
:106610000133E25202339846A044002140463F3203
:10662000ECF75AFE0A9A0B994046ECF75BFE022003
:1066300001F0F8F98622238A520001339BB290467A
:106640006263534A23821B041343E36300235422EF
:106650002364002153462000A763FDF73FFF002875
:1066600006D144234246022120000095FDF7B4FFE5
:10667000484B1E40484B9E4200D028E71122474914
:106680002800ECF72FFE55230122E25400221521A9
:1066900008260133E2540133E2540133E254238AE1
:1066A000A16301333E499BB223821B040B43FF3697
:1066B000E363226453460021200066632532FDF720
:1066C0000DFF002800D002E7152332000221200030
:1066D0000095FDF781FFFAE60A9B802B00D844E67F
:1066E000052040425EE7042328497FE780232000FD
:1066F00001222649DB02FEF7CBF844230A9A260042
:10670000E25445234636120AE2540021802230002A
:10671000ECF7E2FD0A9A0B993000ECF7E3FD02205A
:1067200001F080F901238222009320002B001D49F3
:10673000FEF768F8A2E7200001221B4BFEF7A8F83D
:106740000A9B2700DBB2994644234A46E2540A9B3F
:1067500046371B0ADBB29846452342460021E254E5
:1067600038008022ECF7B8FD0A9A0B993800ECF754
:10677000B9FD022001F056F9012382220093200086
:106780002B000849FEF73EF83BE7C0468CAD0110F0
:1067900002100000FFFFBFFF040000019CAD0110CC
:1067A0000250000058AD01108000040070B50500D3
:1067B000443504000E000422184982B02800ECF78A
:1067C00091FD012300220C21A3644B33E6540133D5
:1067D000E2540133E2540133E254238AA1630133CA
:1067E0009BB20A3923821B040B430826E363230070
:1067F000FF36226400212000666328331C32FDF737
:106800006DFE002806D10C233200022120000095E5
:10681000FDF7E2FE002002B070BDC046BCAD011025
:1068200010B5006800F022FA013843425841C0B266
:1068300010BDC0460B4B10B583610B4B3A22436130
:106840000A4B040003863923C25402000233C15CA0
:1068500032323039406A00F07FFB382306220020B4
:10686000E25410BD716801107D120110DC050000BA
:1068700010B50B000A893B210124415C82B0406ABB
:106880003039009400F008FB01000020002901D1FC
:1068900002B010BD0248EEF731FB0C204042F7E792
:1068A000C0AD011070B52F4B8E01F518040088B0F3
:1068B000451900292DD100222B4B04A904920593E0
:1068C0002A4A2B4B069207932A4B2B4AC2522B4B38
:1068D000009002932A4B05AA0193280006ABF2F719
:1068E00037FE9122274B1201A3502800F2F78AFFAE
:1068F0002800F2F78DFF002007A9F1F7F7FE224BE1
:106900002800E118F9F780FB2800F9F707FD08B027
:1069100070BD1E4A144B8619049205931B4A144BF2
:106920003031069207937722124BF3181A70184BE6
:1069300005AAF3181970114B00900293104B04A98B
:106940000193280006ABF2F703FE91231B019C463E
:106950000C4A664428003260F2F754FF2800F2F730
:1069600057FFD4E7E4080000FFFFFF00C0A80001C4
:10697000080808081E09000077300000B12B01103C
:1069800035680110E4AD011064090000C0A80401DD
:106990001F090000104A8B019446634470B5C41867
:1069A000002914D00D4B1B68002B06D0002539267A
:1069B0009C4203D01B68002BFAD170BD2000F2F777
:1069C000D7FE6560A5552368002BF1D1F5E72000BF
:1069D000F9F724FEE6E7C046E408000028D20020CC
:1069E000F8B54746CE468D0180B51F00144B4619B9
:1069F000F3181B7804005B0703D4C0BCB946B0464B
:106A0000F8BD93B2C1221900002052009846F2F757
:106A1000BFFF81460028F0D039004246F3F770FAF4
:106A2000084B48469C46084B6544F3181B6861199F
:106A300098470028E1D04846F3F700F9DDE7C04663
:106A40001D090000E4080000F4080000044B10B524
:106A50009C46890161444018F2F7FAFE10BDC04619
:106A6000E4080000044B10B59C46890161444018BD
:106A7000F2F710FF10BDC046E40800000A4A8B017F
:106A8000C3189A1810B5147805222240052A07D198
:106A9000064A944663441868431E9841023010BD6C
:106AA00000F006FCFBE7C0461D090000E8080000F6
:106AB00010B5284B82B01B68002B17D0264C200045
:106AC000FFF7AEFE00283CD1244BE25C002A2BD11C
:106AD000234BE25C002A1DD1224BE25C002A0CD140
:106AE000214B1B68002B03D000F0E6FE02B010BD66
:106AF00001212000FEF7CEFAF6E700222000E25442
:106B0000FFF7BAFB0122194BE250174B1B68002B11
:106B1000EAD1EDE700222000E254FFF787FB114B9A
:106B2000E25C002ADCD0E8E700226921E254200080
:106B300000230092FEF76EFA094BE25C002ACBD0EC
:106B4000E8E72000FEF73CFA044BE25C002ABFD0E5
:106B5000EAE7C046C0250020C825002079080000CB
:106B60007B0800007A080000C42500206C080000A3
:106B700070B58023D025802604002D065B04AB620F
:106B80003604002200211820EAF796FB6E620022EC
:106B900000211720EAF790FBAE6121002000FEF7EC
:106BA000CDF98622002303211201A354064AA350E3
:106BB000064AA3501432A152054AA354054A136051
:106BC0000122054BE25070BD680800006C0800000F
:106BD00082080000C025002078080000F8B50400F5
:106BE00000F0DAFE1C4E3368002B32D0002120006A
:106BF000FFF7D0FE01212000FFF7CCFE2000FEF7BA
:106C0000ABF9D025802380275B042D06AB620022E0
:106C1000002118203F04EAF74FFB00220021172033
:106C20006F62EAF749FB21002000AF61FEF786F9A9
:106C30008622002303211201A354084A3360A35083
:106C4000074AA3501432A152064AA3540122064B0C
:106C5000E25000F0ABFEF8BDC0250020680800003F
:106C60006C0800008208000078080000D0231B0692
:106C70005868C001C00F70473222014B1A6070473C
:106C8000C4250020764B70B5C35805000C00DB0707
:106C900012D46368452B05D02E2B07D8714A9B0070
:106CA000D3589F46704AAB58012B38D06F4BEB58E6
:106CB0006F4A934225D070BDEBF712FC002928D013
:106CC000FA2200239200EBF767FF0100694B62880C
:106CD0001800EEF713F96168582900D990E0664B67
:106CE0008A00D358002B00D18AE019006348EEF7E0
:106CF00005F92E23E268E35CA1686148EEF7FEF82F
:106D0000C7E70122594B00212800EA50FFF79EFEF9
:106D1000D1E7FA218900EBF701FF0100D6E7A1686E
:106D2000082900D183E0514BEB580029C0D1023132
:106D3000A950BDE7A368062B00D183E0042B07D040
:106D400002229343082B03D00422484BEA50B2E7B7
:106D5000E3680F2BF8D14B4B32E0A368002BA5D191
:106D6000E368082BA2D10222464BFF32EA52464882
:106D700000F0AAFD3D4BEB589AE7A368002B00D02A
:106D800094E72E33E15C6388DB074AD5002960D1A4
:106D90008023364ADB00A9580B43AB5088E700211B
:106DA0002800FFF75FFE0022304BEA5083E7A3681C
:106DB000002B00D07AE7E368022B00D076E7334B54
:106DC00001223148EA5400F07FFD6FE7A368002BF1
:106DD0001AD1264BEA580F2319001140042916D066
:106DE00080239B001343214AAB5061E7A368002B2B
:106DF00000D15BE7032B0ED002221C4BEA505AE76E
:106E00002348EEF77BF874E7062B9DD14EE79A43B3
:106E10000E3B1A43E4E7E268002AEDD1134AAB5077
:106E200049E72800FFF71EFE104BEB5840E7872389
:106E300021001B01E858174B3031EB5898470B4B9A
:106E4000EB5835E78023094A1B01A9580B43AB5087
:106E50002EE72800FFF7FAFD044BEB5828E7C04661
:106E600064080000E02B0510680800006C080000B2
:106E7000010E0000ECAD01109C2C051000AE0110BD
:106E800008AE01107A080000B16A0110790800000C
:106E900004AE011074080000F0B557464E46454652
:106EA000DE460400E0B583B098460CAB1B780E00BC
:106EB0009A46170000F070FD234B00211D6899468B
:106EC0002000002D14D0FEF7E5F853463A00009359
:106ED000310043462000FEF743F8050000F066FD50
:106EE000280003B0F0BCBB46B246A946A046F0BDA0
:106EF000FFF750FD01212000FFF74CFD86231B0109
:106F0000E5548023D0251B049B462D06AB6114203D
:106F100000F088FD5B4632206B6100F083FD0021AC
:106F20002000FEF707FA051ED8D1084B2000E11813
:106F3000FEF7C6F93222064B06481A604B46186027
:106F400000F0C2FCC1E7C046C0250020980900003F
:106F5000C4250020B16A011010B50020110000F016
:106F600011FD002010BDC046F0B54746CE4680B5A5
:106F700085B0160004000D001F0000F00DFD002E6E
:106F800014D086263601A35D002B29D0012D60D0B8
:106F900086273F01E35D01262B411E424CD000F0C5
:106FA00005FD05B0C0BCB946B046F0BD012DF6D117
:106FB00000F0F2FCB54E002135682000002D00D114
:106FC000FCE0FEF767F800212000FFF7EFFB00F080
:106FD000EDFC862202211201A35C8B43A354DEE761
:106FE00000F0DAFCA94B002198461B682000994666
:106FF000002B65D0FEF74EF839002000FEF764F84C
:10700000060000F0D3FC002EC9D100F0C5FC4346B9
:107010001E6800212000002E00D1A5E0FEF73AF8FE
:107020000A230193093B1422022120000093FEF75A
:1070300011FE00F0BBFCA9E7AE4029002000FFF7DD
:10704000A9FC29002000FFF72DFCE35D1E43E65557
:10705000A5E700F0A1FC8D4B00211D68984620009B
:10706000002D57D0FEF716F8894A8A4BA15C013AE9
:10707000A25CE3580292884A2000A2180192874A33
:10708000A25C0092864AA218FFF722F900F08EFC5B
:1070900086231B01E35C9B0700D4E8E000F07CFC46
:1070A00043461D6800212000002D00D1AFE0FDF710
:1070B000F1FF01212000FFF779FB00F077FC6EE77C
:1070C000FFF768FC01212000FFF764FC4B46A35545
:1070D0008023D0261B04994636061420B36100F0A5
:1070E000A1FC4B463220736100F09CFC0021200083
:1070F000FEF720F90028E0D16A4B2000E118FEF7E6
:10710000DFF83222684B69481A604346186000F085
:10711000DBFB71E78627FFF73DFC3F0101212000E3
:10712000FFF738FC8026E555D02536042D061420BF
:10713000AE6100F077FC32206E6100F073FC00213C
:107140002000FEF7F7F8002800D08AE0554B200019
:10715000E118FEF7B5F83222534B54481A60434603
:10716000186000F0B1FB7FE7FFF714FC012120005D
:10717000FFF710FC86231B01E6548027D0263F042E
:1071800036061420B76100F04DFC3220776100F024
:1071900049FC00212000FEF7CDF8002800D048E788
:1071A000404B2000E118FEF78BF832223E4B3F485F
:1071B0001A604346186000F087FB31E7FFF7EAFBEF
:1071C00001212000FFF7E6FB86231B01E554802701
:1071D000D0253F042D061420AF6100F023FC32209F
:1071E0006F6100F01FFC00212000FEF7A3F80028CB
:1071F00000D0ECE62B4B2000E118FEF761F83222BC
:10720000294B2A481A60306000F05EFBDBE6FFF78E
:10721000C1FB01212000FFF7BDFB86231B01E554C4
:107220008026D02536042D061420AE6100F0FAFB2E
:1072300032206E6100F0F6FB00212000FEF77AF8A4
:10724000002800D039E7174B2000E118FEF738F886
:107250003222154B15481A604346186000F034FB83
:1072600027E700F0A3FBE35D9B0700D516E70121AC
:107270002000FFF78FFB01212000FFF713FB862280
:1072800002211201A35C0B43A35407E7C025002091
:10729000810800007C080000A308000082080000AC
:1072A0008308000098090000C4250020B16A01107D
:1072B000002910D10D4BC0580F23184001280CD0C5
:1072C00002280CD003280DD0043843425841022331
:1072D0004042984370470020FCE70120FAE7012074
:1072E0004042F7E702204042F4E7C0466C08000045
:1072F000F0B54646D6464F4686250400C0B52D015A
:1073000084B098460E00170000F046FB635DDB0773
:1073100057D52E4B00219A461B6820009946002B1A
:1073200021D0FDF7B7FE0F9B3A0003930E9B31006F
:1073300002930D9B200001930C9B00934346FEF7A4
:1073400017FD051E08D000F031FB280004B0E0BC9A
:10735000BA46B146A846F0BD0D9B002B2DD11C4B63
:107360001C4AE250EFE7FFF715FB01212000FFF771
:1073700011FB4B4663558023D0251B0499462D06EF
:10738000AB61142000F04EFB4B4632206B6100F0E5
:1073900049FB00212000FDF7CDFF051ED3D10E4B88
:1073A0002000E118FDF78CFF32220C4B0C481A60CC
:1073B0005346186000F088FAB5E70122044BE2500A
:1073C000C1E7042500F0F2FA6D42BEE7C0250020B7
:1073D0006C0800000108000098090000C425002086
:1073E000B16A0110F0B5DE4657464E464546E0B557
:1073F0001600DC22924685B04B0002935B18DB003E
:10740000C518AA445246834628001268CC30009220
:1074100002682B0001921C4A802094460E9C634413
:1074200080021860002C1CD08023DB0499460123C5
:1074300098463300D8352E0055469A46134F03918F
:107440002000EBF73DFB4A46430113432B605346B4
:107450004246C34013403B433360631E1C40EFD1A0
:107460000399029B5B18DB005B441A000099DC3235
:107470001160019ACC331A6005B0F0BCBB46B2462D
:10748000A946A046F0BDC046CC30000080E0000018
:10749000F0B54E464546DE465746E0B583B08946D0
:1074A0000CA984460D781F2A45D8494649008846CC
:1074B0004944C900461837003400DC373868CC34FA
:1074C00083462068310001901C4880248246A40233
:1074D00051440C6069424D411E216D428D43184953
:1074E0008A465544052B0CD9A0201F214005D836CB
:1074F000540104430532053B3C600A403560052BCE
:10750000F6D852019B06134342464A44D2006244D5
:107510001000DC3213600300D8331D605B4613603B
:10752000019BCC300360002003B0F0BCBB46B246E8
:10753000A946A046F0BD05204042F5E7CC3000004A
:107540009FE00000F0B54E464546DE465746E0B5A2
:107550008BB00393594B06009846594B0C00934649
:10756000022502279946574B4A469C46564B67448C
:107570009C463F0527606744BF0C009200213A00FB
:107580004046FB1CE9F7A8FFB84203DBC01B47B22B
:1075900000060ED50127012D01D00125E3E70023C8
:1075A000002023600BB0F0BCBB46B246A946A04603
:1075B000F0BDE9F759FF2368434A9A460523059031
:1075C000524430794149120D92000490F3560691CD
:1075D00007928A580121814094460139002B36DBFD
:1075E0002022121A93424DDC0A0060469A40104253
:1075F00048D1B0793268002844D19940604608915A
:1076000001423FD1049880260024B60100280FD003
:10761000B8461700524661007D5AB54200D2ED18B7
:10762000E1181231890001348D50A042F3D8474649
:107630006246089907980A4306990A505A46176005
:10764000039A05981360E9F71BFF0120AAE720229F
:10765000131A099316D40800624698400890104205
:1076600026D01A0053460893049B6046A2469C46C7
:107670000C0004E0210091401300084210D0013AB0
:10768000F8D254460598E9F7FBFE0F4B21689C465B
:107690006144090D89004046C919E9F76BFF79E794
:1076A00062460492089A2100844654469246A0E716
:1076B000B279002AE6D104983268A4E78C2500202C
:1076C000B4AE0110010500000000E0AF88200020EA
:1076D00070B50125160002790C009540013D9D40D2
:1076E000E9F7C2FE074B084A9C466444240DA400F7
:1076F000A358AB43A350E9F7C3FEA1190348E9F728
:1077000039FF70BD0000E0AF882000208C250020EC
:1077100010B5034B01001800E9F72CFF10BDC0465F
:10772000D8E3002010B5064B064C82B00100009350
:1077300000220B232000E9F7CFFE02B010BDC046A7
:10774000D8AE0110D8E3002003001149820151187E
:107750000868D90241400F4810B501400E48A024E6
:1077600010180160012098400C4BE40518600C4B88
:10777000802118600B4B4904E0500B4B9C4662443F
:1077800013680B42FCD18023DB00E05010BDC046E3
:107790001000005001780000101000500434005018
:1077A00014340050440400000C00005010B503686D
:1077B00001495B6A984710BD5C120020802010B51B
:1077C000402207494004E9F7CBFD0122022118209D
:1077D000E9F79AFD0D200121E9F726FF002010BDF1
:1077E00005780110802010B505494004E9F7DAFD5D
:1077F000182000220221E9F787FD002010BDC046B5
:1078000005780110D0231B061B6810B55A4253415E
:107810002F225B429343094A94466344DB6A9B07E9
:1078200000D410BD002202211820E9F76DFD044BA1
:107830000449186803685B6A9847F2E730410140E1
:10784000BC2500205C120020164B70B51B6804009C
:10785000002B0ED0144D2A68002A01D0013A2A606C
:1078600098472B68002B05D1236820000F499B699E
:10787000984770BDEAF734FE00230D4A0B4D80187F
:1078800059410B008021020009068B4202D30122DC
:10789000084B5242EB602368290020005B69AA6014
:1078A0009847E6E7C0250020C4250020701200207C
:1078B00050C30000FFFFFF7F10B5012202211820F6
:1078C000E9F722FD10BDC046034B10B51868034907
:1078D00003685B6A984710BDBC2500205C1200203D
:1078E00010B504000848FFF743F9084B00221C605C
:1078F0002368200006491B69984723682000054932
:10790000DB699847012010BDC8250020BC25002058
:10791000BD7701105C12002010B5040003680A490D
:107920009B6998472368200008491B6A9847236889
:10793000002207491B69200098470648FFF74EF9C7
:107940000022054B1A6010BD701200205C1200204E
:10795000E5770110C8250020BC25002010B582B0B5
:1079600068460C00EDF7B8FD6B460622991C200016
:10797000EBF7B8FC012223789343022213432370D0
:1079800002B010BD10B5080006220249EBF7AAFCB0
:1079900010BDC046602F0020034B10B51868036867
:1079A0005B68984710BDC046BC250020034B10B54E
:1079B000186803689B68984710BDC046BC25002026
:1079C00070B5EFF30583154A040000251668002BF7
:1079D00012D1EAF785FD0B000200802112196B41DC
:1079E00009068B4204D231683000096B884770BDAC
:1079F00001220B4B5242F6E7EAF772FD0B00020040
:107A0000802112196B4109068B4202D30122044BDB
:107A1000524231683000C96A8847E8E7BC25002037
:107A2000FFFFFF7FF8B50F4B06001F68EAF758FD10
:107A3000FA2204000D000023920030000021EBF731
:107A4000DFFB0B000200802112196B4109068B42FB
:107A500002D30122044B524239683800C96A884770
:107A6000F8BDC046BC250020FFFFFF7F70B50400B5
:107A7000094B1D68EAF734FD2200002312184B4120
:107A8000802109068B4202D30122044B524229680D
:107A90002800C96A884770BDBC250020FFFFFF7F12
:107AA00010B5303001F070F810BDC04600224523FB
:107AB00010B50C00CA54013BC85CE9F7D3FD2000A7
:107AC000383001F031F80020002110BD012310B53D
:107AD00004000B724333C05CE9F7C4FD200038306A
:107AE00001F022F810BDC046F0B5304BD6464F46E7
:107AF00046461A685B6804009A462D4B9046452519
:107B00009946C0B584B02000EFF794FE06000F0040
:107B1000EAF7E6FC32003B00121A8B41002B29DD0C
:107B200046452DD0635D002B08D0A26AE36A300081
:107B30003900801A9941002927DC33D0236C002BAF
:107B400003DD216C206AEAF785FB0123A662E76268
:107B500063550023206A02934B4632000093019440
:107B60003B00EAF7B5FA2064236C002B0DDC002300
:107B70006355C8E7002BC6D1002AC4D04645D1D1F1
:107B80005745CFD1236C002B05DC04B0E0BCBA46CE
:107B9000B146A846F0BD216C206AEAF75BFB0023E2
:107BA0002364F2E70028C9D0EFE7C046C0B0011057
:107BB000AD7A0110F8B50600170030360400300029
:107BC0000D0000F0E1FF3800A84773790500012B94
:107BD00004D0300001F008F82800F8BD2000FFF7BD
:107BE00083FFF6E770B544250400405D002814D1FA
:107BF000236C002B03DD216C206AEAF72BFB2500A8
:107C00003035280000F0C0FF280000F0EDFF4822CA
:107C100000212000EBF760FB70BD0021E9F704FDB7
:107C20000449605DE9F760FE605DE9F7B5FF002398
:107C30006355DDE7397C011070B5EFF305830C4A1D
:107C40002A3B9B009C58002C0DD02500303500218C
:107C5000280000F089FF002805D06B79012B03D0A4
:107C6000280000F0C1FF70BD2000FFF73DFFF7E7DF
:107C70005424002010B5383000F0D6FF10BDC046A7
:107C80001000190010B5EFF30583002B02D0EAF7BE
:107C900031FC10BDEAF71AFBFBE7C04610B53030E7
:107CA0004379002B08D0D02300221B069A560423C8
:107CB000C3569A4200D110BD0148E9F7BDFBC0464A
:107CC000F8AE011010B5040030346379012B03D0F5
:107CD000200000F089FF10BDFFF706FFF8E7C0465F
:107CE00070B506000D0004003036300000F04CFF87
:107CF00029002000EFF752FD73790500012B04D015
:107D0000300000F071FF280070BD2000FFF7ECFE8E
:107D1000F6E7C04670B506000D00040030363000AE
:107D200000F032FF29002000EFF74AFD73790500CB
:107D3000012B04D0300000F057FF280070BD200058
:107D4000FFF7D2FEF6E7C04670B506000D0004004E
:107D50003036300000F018FF29002000EFF744FD16
:107D600073790500012B04D0300000F03DFF28009E
:107D700070BD2000FFF7B8FEF6E7C04670B50600FC
:107D80000D0004003036300000F0FEFE2900200017
:107D9000EFF73CFD73790500012B04D0300000F0B3
:107DA00023FF280070BD2000FFF79EFEF6E7C046C7
:107DB000FF230370002343607047C04670B5040082
:107DC0000D00442200210430EBF786FA1B4B2360A0
:107DD00003232383D0231B061B68A376686800282F
:107DE00028D020622000012201213830E9F7F4FE7A
:107DF00020003030E9F73EFF00202E78E9F7D6FE6C
:107E000003000020002B14DB190044250C4A1A390A
:107E10008900FF308C50184063550A49E9F740FC4F
:107E20000121605DE9F700FC605D3100E9F746FE85
:107E3000012070BDEAF748F9D3E7C046002E0510CF
:107E400054240020397C011001230121084A1360C9
:107E5000084A1360084A080013689843FBD1074A90
:107E600011608021490013680B42FCD07047C04666
:107E700000E0004000F0004008C0004000C00440A6
:107E8000F0B557464E46DE4645468446E0B583B0DB
:107E90001F000CAB18786346914600221B680190C6
:107EA000DA6601325960DA66002F4FDD7A1E90469D
:107EB0006246127901269202802493463A00464097
:107EC000760280253700002046461021A2469046C3
:107ED000AD00841B624254414A4664423C400094D7
:107EE0005C46125C2243009C22431A615A6B114289
:107EF000FCD052469C58002C10D1B04221D0002218
:107F0000013093468045E4D16346019A1A7103B06B
:107F1000F0BCBB46B246A946A046F0BD5A6D012250
:107F200093465A6B2A42FCD01A6E5A46002AE6D073
:107F3000002C03D0E30701D42407E5D401204042FC
:107F4000E2E7019A002ADAD19346EAE70020DBE76C
:107F5000F8B5DE4657464E4645468346E0B5052011
:107F60000C00EAF7C5FB0600600821008019EAF75B
:107F7000D5FD430098468044070005214046EAF7B6
:107F8000CDFD3B1A9A461E4B8146700080199C42DB
:107F900031D81C49EAF7C2FD451C5B461C6800232A
:107FA000E366226804335A400233134080225201B0
:107FB000A21813605346E3614B46236243460120F7
:107FC0004F2B03D950214046EAF7A8FDA023E050EB
:107FD000E36F39005D400C4B2D042D0CE3181D6040
:107FE00001233000E366EAF799FDF0BCBB46B246D8
:107FF000A946A046F8BD0549EAF790FD451CCCE727
:108000003F420F00809698007C10000040787D0170
:108010000F4A70B5821A531E9A410E4BD200083295
:108020001A600D4B0D4C1A60150023689D432B1EE2
:10803000FAD166240268FF340571D5661460633C8A
:108040008833FF3CD5639563D450FFF781FF70BD43
:108050009012002000E0004000F0004008C0004006
:1080600010B582B004AC24780094FFF709FF02B089
:1080700010BDC04610B583070AD00300032102E0FB
:1080800001330B4205D01A78002AF9D1181A10BD15
:10809000030019680C4A0D4C8A188A4322420FD1FA
:1080A0005968094A04338A188A43224208D1596818
:1080B000054A04338A188A432242F1D000E0013392
:1080C0001A78002AFBD1E1E7FFFEFEFE8080808067
:1080D00030B5002A26D003000B439B0724D1032A86
:1080E00022D9164D0BE0043A002A1BD0144C1C195F
:1080F0009C432C4216D104300431032A14D903685E
:108100000C68A342EFD004780D78A54213D1012367
:1081100006E0C45CCD5CAC420DD101339A4201D083
:10812000002CF6D1002030BD04780D78AC4202D18D
:10813000012AECD1F6E7601BF5E7C046808080801D
:10814000FFFEFEFE10B5034B0100186800F00EF8AC
:1081500010BDC046A816002010B5034B01001868DA
:1081600000F0F0FB10BDC046A8160020F0B54E464A
:108170004546DE465746E0B50D000B35060085B096
:10818000162D27D8102900D9DAE000F0E3FA1025DF
:1081900018230221C74FFB181A005C68083A944262
:1081A00000D146E103226368A1689343E268CA6094
:1081B00091600121E3185A6830000A435A6000F0C8
:1081C000D1FA2000083005B0F0BCBB46B246A94643
:1081D000A046F0BD07239D4300D5B1E0A94200D9D8
:1081E000AEE000F0B7FAFC235B009D4200D29AE1BA
:1081F000690A00D1A8E0042900D94FE13823984644
:10820000A90988443931CB00082252429446A94F2B
:10821000FB189C446346DC68A44514D003239946AC
:108220000B0061469C4607E0E068002A00DBFAE0AC
:10823000814200D1FBE004004A46636893435A1B25
:108240000F2AF1DD41463A003C690832944200D1E0
:10825000D8E0032063688343581B0F2800DD66E1E4
:108260003A617A610028A4DA7A6890468022920006
:10827000934200D3E3E0DA085809012383404046E3
:1082800018438046D300DB199A687860E360A260E7
:108290009C60D46001208B10984040455CD84346D8
:1082A00003420AD103239943434640000431034269
:1082B00003D1400004310342FBD00323B3469C4664
:1082C0000E00B8460190F00040440100B246CB6871
:1082D0000BE064465A681F00A243DB68541B0F2C56
:1082E00000DDF3E0002C00DB0DE19942F1D1012328
:1082F0009946CA44534608319B07E8D1032205E05A
:1083000003680838013E834200D00AE23242F7D1C6
:108310004346019A5B68934342465360019A520078
:1083200001929A4216D8002A06D113E004229146FF
:10833000019ACA44520001921342F7D05646C2E74E
:108340000C23002033603EE780233F2240219046EB
:108350009B0059E75E4647460322BC686368934327
:108360009946AB4202D35B1B0F2B4EDC23004B44E0
:108370000293514B08201B6810335B19019300F0E6
:1083800079FA4E4903900B688B46013306D0844638
:10839000019B4242013B6344134001933000019929
:1083A00000F0C6F903008046013300D1DDE0029BF6
:1083B000834200D9D7E0019A414B944619689A4606
:1083C0006144039A1960029B0800013A434500D0BA
:1083D000EAE04346134200D0E6E0BB6898466346B5
:1083E0004B441A0001231A4343465A60354B186820
:1083F000884200D21960344B1868884200D2196054
:108400004446B4E07B68984644E7012229001343C0
:108410001143651961603000BD606B6000F0A2F926
:1084200020000830CFE6A268D0608260C1E66146D5
:1084300009E7DC680231A34200D104E7B2E65A0A38
:10844000042A00D888E0142A00D90FE110005B301C
:1084500082465C32D200082040428446BA189444D6
:10846000624692680B308146944500D1E5E00800F1
:10847000A2466146844602E09268914204D04C468E
:108480005068A0439842F7D8D368614654469C464A
:108490006346A260E3609C60D460FBE6142973D954
:1084A000542900D9EBE06E239846290B88446F319C
:1084B000CB00A9E6A0120020041B00209812002087
:1084C000D41A0020FC1A0020001B0020BA4601200C
:1084D00051468446491905435046456085684746DC
:1084E0006046EB605E469D6053463961796120438A
:1084F00008374860CF6030008F609C5000F032F940
:10850000504608305FE6BA4601205E465244516844
:1085100001435160BA683000D3609A6000F022F9DC
:10852000380008304FE62B00E908083332E66119BD
:10853000884601218C460D43414665603961796169
:10854000CA608A60624602434A60E050300000F030
:1085500009F92000083036E69A091000393238301F
:108560008246D20077E7BC4214D0BC68626803231D
:108570009A43531BAA4202D30F2B00DD45E730007C
:1085800000F0F0F800201EE65B23984688445C313A
:10859000CB0039E6644B9A461868019B9C465346CB
:1085A00060441860039B5A1E5B461B68013371D000
:1085B000434602995B1A51461B180B60072341463C
:1085C000404619400291184240D003980133844636
:1085D0005B1A0199984441440191634411405B1A2C
:1085E0001A4011003000934600F0A2F8431C78D0E6
:1085F0004346C01A03005B440193534619680120A7
:10860000594419604346019ABB6002435A60BC4218
:1086100000D1EBE64B460F2B40D907220C3B93438E
:108620006268024005201A436260E2185060906060
:108630000F2B4BD843465A68D8E65346981001236F
:108640008340404618438046786021E7019B0399A8
:1086500043441340CB1A1A4011003000934600F0F7
:1086600067F8431CC4D100239B46C6E7542A18D898
:108670001A0B10006F326E308246D200EBE6AA234E
:108680005B00994218D8DD3B9846E90B8844783165
:10869000CB00B9E55B46414619608FE74346586019
:1086A0006DE7AA204000824226D8DA0B100078320B
:1086B00077308246D200CEE61C4B994226D87C23E6
:1086C0009846A90C88447D31CB009DE521003000FF
:1086D000083100F037F953461968BB6898465A6864
:1086E00084E6019A029B94464246083B63449B1AE7
:1086F000019300239B4680E70C4882420CD89A0CD9
:1087000010007D327C308246D200A4E6FE237E2219
:108710007F2190469B0077E5FE227E2092008246D4
:1087200099E643465B68F9E5D41A00205405000039
:10873000002370B5064C050008002360ECF7B6F97D
:10874000431C00D070BD2368002BFBD02B60F9E7E1
:108750006834002010B5024800F088F810BDC0460B
:10876000D01A002010B5024800F082F810BDC046B3
:10877000D01A002030B5032A1AD90B0003439B07F7
:1087800011D0551E002303E05A1C9D4213D0130044
:10879000C25CCC5CA242F7D0101B0DE0043A04305E
:1087A0000431032A04D904680B689C42F6D0E8E738
:1087B000551E002AE6D1002030BDC046F0B58842E3
:1087C0000AD98B18984207D2531E002A03D0CA5CDC
:1087D000C254013BFBD2F0BD05000F2A0AD8561E39
:1087E000002AF8D00023CC5C1A00EC5401339642E6
:1087F000F9D1F0E703273E000D430C0003002E40A3
:108800002F422DD11500103D2D09AC462F013F18E8
:1088100025681D6065685D60A5689D60E568103429
:10882000DD601D001033BD42F2D165460F230C24DC
:1088300001352D01491913404519144213D0043B49
:108840009B0801339B008C59AC5104369E42FAD1EF
:1088500003231A40AD198919561E002AC2D1BAE75E
:108860000500561EBEE71A00B9E7C0467047C0466D
:108870007047C046802310B55B01082801D118005D
:1088800010BD00F049F916230360173BF7E7C04617
:10889000F0B5C646060000B508200D00FFF7EAFF58
:1088A00004003000FFF756FF234B210098469B68D9
:1088B0005F6803239F4338001138401B0019EAF713
:1088C0002DF9451E6543AC4208DC00213000FFF75E
:1088D0002FFF43469B68DB19984206D03000FFF714
:1088E00041FF002080BCB846F0BD30006942FFF770
:1088F0001FFF01300ED0012243467F1B9B681743A8
:108900000E4A5F60136830005B1B1360FFF72AFF9D
:108910000120E7E700213000FFF70AFF43469A688D
:10892000831A0F2BDADD064C04492468001B08600B
:1089300001210B435360D1E7A0120020D41A00207C
:1089400098120020F8B5CE46474605000C0080B5C9
:10895000002957D0FFF7FEFE012321009C4608396D
:1089600048686246030003249343CF187A68654E33
:10897000A243B468BC4200D170E0BC18A146644672
:108980007A60044221D10868091A1B188868804659
:10899000484640682040340008348146A04551D004
:1089A0004046CC68C460A0604846002811D19B189E
:1089B0005548BA68824200D17FE0F868D060826092
:1089C00001221A434A60CB5007E0484640682042E3
:1089D000EDD062461A434A603B6080229200934287
:1089E00014D2DA0858090123834070680343736086
:1089F000D3009B199A68CB608A609960D160280087
:108A0000FFF7B0FEC0BCB946B046F8BD5C0A042C06
:108A10003DD89C09200039343830E40034192268EC
:108A2000083C0327944203D140E09268944203D06B
:108A30005068B8439842F8D8D468CC608A60A16086
:108A4000D160DCE7002858D1B868D218FB68C36051
:108A50009860634613434B608A50D0E79A18634688
:108A6000034206D10B68C91A8868D218CB68C36064
:108A70009860012313434B60244BB1601B68934201
:108A8000BDD8234B28001968FFF702FFB7E7142C65
:108A900007D9542C1AD81C0B20006F346E30E40018
:108AA000BCE720005C345B30E400B7E701238010B2
:108AB0008340706803437360BFE7D1609160CA6010
:108AC0008A6001221A434A60CB5098E7AA225200DA
:108AD000944205D8DC0B200078347730E4009DE721
:108AE0000C4A944205D89C0C20007D347C30E40074
:108AF00094E7FE247E20A40090E762461A434A6071
:108B00003B607CE7A0120020A81200209C120020ED
:108B1000041B002054050000014B18687047C04634
:108B2000A8160020F8B5C04601B40248844601BC2E
:108B3000604700BF4901002001B40248844601BCDF
:108B4000604700BF8104002001B40248844601BC94
:108B5000604700BFA103002001B40248844601BC65
:108B6000604700BFC910002001B40248844601BC20
:108B7000604700BFC102002001B40248844601BC26
:108B8000604700BFC910002001B40248844601BC00
:108B9000604700BF9501002001B40248844601BC33
:108BA000604700BFE501002001B40248844601BCD3
:108BB000604700BF1103002001B40248844601BC95
:108BC000604700BF2502002001B40248844601BC72
:108BD000604700BF390E002001B40248844601BC42
:108BE000604700BF810D002001B40248844601BCEB
:108BF000604700BFC903002001B40248844601BC9D
:108C0000604700BFA90D002001B40248844601BCA2
:108C1000604700BF4105002001B40248844601BC02
:108C2000604700BFE90D002001B40248844601BC42
:108C3000604700BFE10000203929001065290010BD
:108C4000B12A0010C9320010353100104132001035
:108C5000D929001081290010A1290010B529001080
:108C6000091C0010BD290010ED1F00100129001083
:0C8C700005160010B1020010C9540010DD
:108C80006170692E7468696E67737065616B2E63BD
:108C90006F6D00004950207265736F6C7669646F68
:108CA0003A2025730A000000474554202F75706450
:108CB0006174652E6A736F6E3F6170695F6B657971
:108CC0003D514D4F5652543144454C59454E5A4DE5
:108CD00035266669656C6425643D256420485454D6
:108CE000502F312E310D0A486F73743A206170692C
:108CF0002E7468696E67737065616B2E636F6D0D9E
:108D00000A436F6E6E656374696F6E3A20636C6FB1
:108D100073650D0A0D0A00002564000053455520B7
:108D2000494400004E41564547554520434F4D00AC
:108D30004549584F20590000444F204A4F59535439
:108D4000494B00004120504152412053454C45437E
:108D5000494F4E415200000054656E74616E646F5D
:108D6000206E6F76616D656E74652E2E2E0000008C
:108D70007365677265646F3031000000434F535470
:108D80004120324700000000454E5452414441000A
:108D90004D4152434152205341494441000000009B
:108DA0004F204A4F59535449434B2045000000007F
:108DB00053454C4543494F4E4520434F4D204100BC
:108DC0004D415243415220454E54524144410000CE
:108DD0005341494441000000434F4E454354414EE6
:108DE000444F0000434F4D204F2057494649000053
:108DF0004441444F5320454E564941444F5300008F
:108E000050415241204F205345525649444F520041
:108E10005553452042205041524120564F4C544119
:108E200052000000454E5649414E444F20444144B3
:108E30004F5300004461646F7320656E766961640E
:108E40006F732070617261206F2073657276696440
:108E50006F7200004572726F205443503A202564AF
:108E60000A000000436F6E6578C3A36F205443501F
:108E7000206573746162656C656369646120636F0A
:108E80006D206F207365727669646F720000000058
:108E900046616C6861206E6120636F6E6578C3A364
:108EA0006F205443503A2025640A00004461646FE7
:108EB0007320726563656269646F7320646F2073E9
:108EC00065727669646F723A20252E2A730A000053
:108ED000436F6E6578C3A36F20656E6365727261C0
:108EE00064612070656C6F207365727669646F725F
:108EF0000000000046616C686120616F20696E6946
:108F00006369616C697A61722063797734335F6178
:108F10007263680054656E74616E646F20636F6E77
:108F2000656374617220C3A020726564652057690F
:108F30002D46693A2025732E2E2E0A0046616C6854
:108F40006120616F20636F6E656374617220616F71
:108F50002057692D46690000436F6E656374616434
:108F60006F20616F2057692D466920636F6D2073F4
:108F700075636573736F00005265736F6C76656E11
:108F8000646F20686F73746E616D653A2025732E6F
:108F90002E2E0A0054696D656F7574206E61207203
:108FA00065736F6C75C3A7C3A36F20646F20686F70
:108FB00073746E616D653A2025730A004572726F95
:108FC000206E61207265736F6C75C3A7C3A36F2099
:108FD000444E5320706172612025733A2025640A43
:108FE00000000000486F73746E616D65202573206A
:108FF0007265736F6C7669646F20706172613A207C
:1090000025730A0046616C686120616F2072657388
:109010006F6C76657220686F73746E616D65202564
:10902000730A0000636C69656E745F6372656174D6
:10903000653A20706172C3A26D6574726F732069A6
:109040006E76C3A16C69646F732028706362206FB1
:10905000752069705F61646472206E756C6F2900A1
:1090600054656E74616E646F20636F6E65637461C6
:109070007220616F207365727669646F7220544349
:10908000502E2E2E0000000046616C686120616F3A
:1090900020696E6963696172207463705F636F6ECB
:1090A0006E6563743A2025640A00000054696D659A
:1090B0006F757420616F20636F6E656374617220D9
:1090C000616F207365727669646F7220544350003B
:1090D000636C69656E745F77726974653A2070615C
:1090E00072C3A26D6574726F7320696E76C3A16CD2
:1090F00069646F732028706362206F7520646174E7
:1091000061206E756C6F290046616C686120616F2B
:10911000206573637265766572206461646F733A6B
:109120002025640A000000004572726F20616F20E4
:10913000666F72C3A76172207463705F6F7574701D
:1091400075743A2025640A00496E696369616E642A
:109150006F20656E76696F206465206461646F734B
:109160002070617261206F207365727669646F721E
:109170002E2E2E0054696D656F757420616F206509
:1091800073637265766572206461646F73207061C9
:109190007261206F207365727669646F72000000DF
:1091A000636C69656E745F777269746520636F6E56
:1091B000636C75C3AD646F000A2A2A2A2050414EA1
:1091C0004943202A2A2A0A004E6F207370696E6C68
:1091D0006F636B732061726520617661696C616297
:1091E0006C6500004E6F2075736572204952517393
:1091F0002061726520617661696C61626C65000056
:10920000486172647761726520616C61726D2025BE
:109210006420616C726561647920636C61696D655D
:1092200064000000486172642061737365727400A9
:109230006D697373696E6720646F75626C65206613
:10924000756E6374696F6E004F7574206F66206D64
:10925000656D6F727900000052656C656173650021
:10926000626F6F74325F77323571303830000000D2
:10927000302E3100322E312E300000007069636FC5
:109280005F7700007069636F000000004665622030
:109290003133203230323500666E692B0000000019
:1092A000666E69006E616E00666E692D00000000DA
:1092B00055534220737464696E202F207374646F59
:1092C0007574000052617370626572727920506922
:1092D000000000005069636F00000000426F61727F
:1092E000642043444300000052657365740000002D
:1092F000556E68616E646C65642049525120307807
:1093000025780A0065702025303258207761732057
:10931000616C726561647920617661696C61626C0F
:109320006500000043616E277420636F6E74696E80
:1093300075652078666572206F6E20696E61637452
:10934000697665206570202530325800646E732080
:10935000736572766572206F7574206F6620617216
:1093600072617900617272617920696E646578203A
:109370006F7574206F6620626F756E6473000000F5
:10938000756E6B6E6F776E20646E735F7461626C66
:109390006520656E7472792073746174653A00009B
:1093A0006D656D5F667265653A2073616E6974798B
:1093B00020636865636B20616C69676E6D656E74B0
:1093C000000000006D656D5F667265653A20696C2E
:1093D0006C6567616C206D656D6F727900000000CF
:1093E0006D656D5F667265653A20696C6C65676175
:1093F0006C206D656D6F72793A20646F75626C6573
:1094000020667265650000006D656D5F667265655A
:109410003A20696C6C6567616C206D656D6F72795F
:109420003A206E6F6E2D6C696E6B65643A20646FC6
:1094300075626C652066726565000000706C75670A
:109440005F686F6C65733A206D656D203C207261BA
:109450006D5F656E640000006D656D5F7472696DAF
:109460003A206C6567616C206D656D6F72790000E4
:109470006D656D5F7472696D2063616E206F6E6CD7
:109480007920736872696E6B206D656D6F727900FB
:10949000696E76616C6964206E6578742070747290
:1094A000000000006D656D5F6D616C6C6F633A204C
:1094B000616C6C6F6361746564206D656D6F72794A
:1094C000206E6F742061626F76652072616D5F65DA
:1094D0006E642E006D656D5F6D616C6C6F633A201C
:1094E000616C6C6F6361746564206D656D6F72791A
:1094F0002070726F7065726C7920616C69676E653F
:10950000642E0000696E76616C696420706F6F6C08
:1095100020646573630000006D656D705F6D616C44
:109520006C6F633A206D656D702070726F7065723C
:109530006C7920616C69676E656400006D656D70A3
:109540005F667265653A206D656D2070726F70653B
:10955000726C7920616C69676E6564006E65746910
:109560006620616C72656164792061646465640081
:10957000746F6F206D616E79206E65746966732CEF
:10958000206D61782E20737570706F727465642021
:109590006E756D626572206973203235350000008A
:1095A000706275665F667265653A20702D3E726501
:1095B00066203E2030000000696E76616C69642090
:1095C000706275662074797065000000706275665F
:1095D0005F616C6C6F633A206572726F6E656F7558
:1095E0007320747970650000706275665F726561E2
:1095F0006C6C6F633A207020213D204E554C4C001E
:10960000706275665F7265616C6C6F633A20712081
:10961000213D204E554C4C006D656D5F7472696D37
:109620002072657475726E65642072203D3D204E17
:10963000554C4C006D656D5F7472696D2072657478
:1096400075726E6564207220213D2071000000005B
:109650007020213D204E554C4C0000007062756614
:1096600020726566206F766572666C6F7700000009
:10967000702D3E746F745F6C656E203D3D20702DC3
:109680003E6C656E20286F66206C6173742070627A
:10969000756620696E20636861696E2900000000AC
:1096A0006F66667365745F746F203C3D20705F74F5
:1096B0006F2D3E6C656E00006F66667365745F6645
:1096C000726F6D203C3D20705F66726F6D2D3E6C39
:1096D000656E0000706275665F74616B653A206943
:1096E0006E76616C696420706275660064696420DE
:1096F0006E6F7420636F707920616C6C206461748C
:1097000061000000636865636B20706275665F735B
:109710006B697020726573756C7400007062756699
:109720005F636F7079206661696C6564000000009A
:109730007261772070636220726563762063616C6A
:109740006C6261636B20616C746572656420706229
:109750007566207061796C6F616420706F696E74DA
:10976000657220776974686F757420656174696EBD
:1097700067207061636B6574000000007063622095
:10978000213D204E554C4C007463705F66726565D8
:109790003A204C495354454E000000007463705FFA
:1097A0007570646174655F7263765F616E6E5F771A
:1097B0006E643A20696E76616C6964207063620041
:1097C0006E65775F7263765F616E6E5F776E642041
:1097D0003C3D20307866666666000000646F6E2748
:1097E000742063616C6C207463705F72656376656E
:1097F0006420666F72206C697374656E2D7063628D
:10980000730000007463705F736C6F77746D723AED
:1098100020616374697665207063622D3E737461A4
:10982000746520213D20434C4F5345440000000007
:109830007463705F736C6F77746D723A20616374D8
:10984000697665207063622D3E73746174652021B2
:109850003D204C495354454E000000007463705F36
:10986000736C6F77746D723A2061637469766520EA
:109870007063622D3E737461746520213D205449EC
:109880004D452D57414954007463705F736C6F7779
:1098900074696D723A2070657273697374207469AB
:1098A000636B696E67207769746820696E2D666CDA
:1098B0006967687420646174610000007463705F9C
:1098C000736C6F7774696D723A2070657273697327
:1098D00074207469636B696E6720776974682065AA
:1098E0006D7074792073656E64206275666665724A
:1098F000000000007463705F736C6F77746D723A70
:10990000206D6964646C652074637020213D20744F
:1099100063705F6163746976655F70636273000092
:109920007463705F736C6F77746D723A20666972DE
:10993000737420706362203D3D207463705F6163C7
:10994000746976655F706362730000007463705FB2
:10995000736C6F77746D723A2054494D452D5741A1
:109960004954207063622D3E7374617465203D3DDF
:109970002054494D452D5741495400007463705F90
:10998000736C6F77746D723A206D6964646C6520D6
:1099900074637020213D207463705F74775F70631F
:1099A000627300007463705F736C6F77746D723AEA
:1099B00020666972737420706362203D3D20746379
:1099C000705F74775F706362730000007463705F30
:1099D0007365675F636F70793A20696E76616C6951
:1099E0006420736567000000696E76616C696420AD
:1099F000736F636B657420737461746520666F7236
:109A000020726563762063616C6C6261636B000039
:109A1000696E76616C696420736F636B6574207323
:109A20007461746520666F722073656E7420636163
:109A30006C6C6261636B0000696E76616C696420B6
:109A4000736F636B657420737461746520666F72E5
:109A5000206572722063616C6C6261636B00000050
:109A60007463705F7063625F72656D6F76653A20D4
:109A7000696E76616C696420706362007463705F04
:109A80007063625F72656D6F76653A20696E7661AC
:109A90006C6964207063626C69737400756E7365C1
:109AA0006E74207365676D656E7473206C65616B91
:109AB000696E6700756E61636B6564207365676DC1
:109AC000656E7473206C65616B696E6700000000E1
:109AD0006F6F736571207365676D656E7473206C4D
:109AE00065616B696E670000646F6E277420636147
:109AF0006C6C207463705F61626F72742F7463703A
:109B00005F6162616E646F6E20666F72206C697354
:109B100074656E2D70636273000000007463705F83
:109B2000636C6F73655F73687574646F776E3A20EA
:109B3000696E76616C696420706362007063622D87
:109B40003E666C61677320262054465F5258434C32
:109B50004F534544000000007463705F6672656592
:109B60005F6C697374656E3A20214C495354454EBD
:109B7000000000007463705F6E6578745F697373D2
:109B80003A20696E76616C6964207063620000003F
:109B90007463705F6566665F73656E645F6D737333
:109BA0005F6E657469663A20696E76616C696420DF
:109BB0006473745F697000007463705F70617273C6
:109BC000656F70743A20696E76616C6964207063A9
:109BD000620000007463705F6F6F735F696E73651E
:109BE00072745F7365676D656E743A20696E766135
:109BF0006C69642063736567000000007063622D08
:109C00003E736E645F71756575656C656E203E3D73
:109C100020706275665F636C656E286E6578742D62
:109C20003E7029007463705F726563656976653A9A
:109C30002076616C6964207175657565206C656E50
:109C4000677468007463705F726563656976653A0E
:109C50002077726F6E672073746174650000000076
:109C6000696E7365672E7020213D204E554C4C0067
:109C7000696E73616E65206F66667365742100009E
:109C80007062756620746F6F2073686F7274210044
:109C90007463705F726563656976653A20736567A2
:109CA0006D656E74206E6F74207472696D6D65647D
:109CB00020636F72726563746C7920746F207263B5
:109CC000765F776E640000007463705F7265636531
:109CD0006976653A207365676D656E74206E6F7482
:109CE000207472696D6D656420636F727265637450
:109CF0006C7920746F206F6F736571207175657555
:109D0000650000007463705F726563656976653A2B
:109D1000207463706C656E203E207263765F776E90
:109D2000640000007463705F726563656976653A0C
:109D3000206F6F736571207463706C656E203E20B8
:109D40007263765F776E64007463705F696E7075BE
:109D5000743A20696E76616C696420706275660081
:109D6000702D3E6E65787420213D204E554C4C0080
:109D7000702D3E6C656E203D3D203000702D3E7490
:109D80006F745F6C656E203D3D20702D3E6E657872
:109D9000742D3E746F745F6C656E00007463705F49
:109DA000696E7075743A20616374697665207063BA
:109DB000622D3E737461746520213D20434C4F53E6
:109DC000454400007463705F696E7075743A206179
:109DD0006374697665207063622D3E737461746587
:109DE00020213D2054494D452D5741495400000044
:109DF0007463705F696E7075743A2061637469761C
:109E000065207063622D3E737461746520213D206E
:109E10004C495354454E00007463705F696E707511
:109E2000743A207063622D3E6E65787420213D2067
:109E300070636220286265666F7265206361636883
:109E4000652900007463705F696E7075743A2070E4
:109E500063622D3E6E65787420213D207063622020
:109E6000286166746572206361636865290000007B
:109E70007463705F696E7075743A2054494D452D56
:109E800057414954207063622D3E7374617465209C
:109E90003D3D2054494D452D574149540000000097
:109EA0007463705F696E7075743A207063622D3EE2
:109EB000737461746520213D20434C4F5345440029
:109EC0007063622D3E736E645F71756575656C6558
:109ED0006E203E20300000006E6F207365676D6558
:109EE0006E7420746F206672656500007063622D69
:109EF0003E6C697374656E65722D3E616363657057
:109F00007420213D204E554C4C0000007063622DA2
:109F10003E726566757365645F64617461203D3D82
:109F2000204E554C4C0000007463705F6372656195
:109F300074655F7365676D656E743A20696E7661EE
:109F40006C696420706362007463705F6372656142
:109F500074655F7365676D656E743A20696E7661CE
:109F60006C6964207062756600000000702D3E749C
:109F70006F745F6C656E203E3D206F70746C656E13
:109F8000000000006F7074696F6E73206E6F742034
:109F900066696C6C656400007463705F6F757470E3
:109FA00075745F636F6E74726F6C5F7365676D65F8
:109FB0006E743A20696E76616C69642070627566B1
:109FC000000000007463705F6F75747075745F617A
:109FD0006C6C6F635F6865616465723A20696E7668
:109FE000616C6964207063620000000063686563EF
:109FF0006B20746861742066697273742070627576
:10A00000662063616E20686F6C6420737472756380
:10A0100074207463705F6864720000007463705F22
:10A0200077726974653A207062756673206F6E206E
:10A030007175657565203D3E206174206C656173A6
:10A0400074206F6E65207175657565206E6F6E2D5D
:10A05000656D7074790000007463705F7772697465
:10A06000653A206E6F207062756673206F6E207186
:10A0700075657565203D3E20626F74682071756559
:10A0800075657320656D7074790000006D73735F82
:10A090006C6F63616C20697320746F6F20736D61E6
:10A0A0006C6C0000696E636F6E73697374656E74B7
:10A0B000206F76657273697A652076732E207370CF
:10A0C00061636500696E636F6E73697374656E7446
:10A0D000206F76657273697A652076732E206C65C1
:10A0E0006E000000756E73656E745F6F76657273D7
:10A0F000697A65206D69736D617463682028706387
:10A10000622D3E756E73656E74206973204E554CDA
:10A110004C2900006E65656420756E636861696E28
:10A120006564207062756600707265765F7365673E
:10A1300020213D204E554C4C000000007463705FA0
:10A1400077726974653A2076616C6964207175650F
:10A150007565206C656E6774680000007463705FDD
:10A1600073706C69745F756E73656E745F73656729
:10A170003A20696E76616C69642070636200000049
:10A1800043616E27742073706C6974207365676D0A
:10A19000656E7420696E746F206C656E67746820DC
:10A1A0003000000073706C6974203C3D206D737347
:10A1B000000000007463705F73656E645F66696EB3
:10A1C0003A20696E76616C696420706362000000F9
:10A1D0007365672D3E746370686472206E6F7420BF
:10A1E000616C69676E6564007463705F656E71753C
:10A1F0006575655F666C6167733A20696E76616C40
:10A200006964207365676D656E74206C656E677434
:10A21000680000007463705F656E71756575655FD9
:10A22000666C6167733A20696E76616C696420714F
:10A2300075657565206C656E677468007463705F22
:10A24000656E71756575655F666C6167733A206EE2
:10A2500065656420656974686572205443505F5376
:10A26000594E206F72205443505F46494E20696E0C
:10A2700020666C616773202870726F6772616D6D04
:10A2800065722076696F6C6174657320415049294D
:10A29000000000007463705F656E71756575655FC1
:10A2A000666C6167733A20696E76616C69642070D0
:10A2B000636200007463705F656E71756575655FDC
:10A2C000666C6167733A20636865636B20746861CC
:10A2D0007420666972737420706275662063616EA3
:10A2E00020686F6C64206F70746C656E00000000F5
:10A2F0007463705F7265786D69745F72746F5F709C
:10A300007265706172653A20696E76616C6964206D
:10A31000706362007463705F7265786D69743A206F
:10A32000696E76616C696420706362007463705F4B
:10A330007265786D69745F666173743A20696E76D0
:10A34000616C696420706362000000007463705F78
:10A350007273743A20696E76616C6964206C6F6305
:10A36000616C5F69700000007463705F7273743AAF
:10A3700020696E76616C69642072656D6F74655FCB
:10A38000697000007463705F73656E645F656D7003
:10A3900074795F61636B3A20696E76616C696420E1
:10A3A000706362007463705F6F75747075743A20C7
:10A3B000696E76616C69642070636200646F6E27F9
:10A3C000742063616C6C207463705F6F757470755A
:10A3D0007420666F72206C697374656E2D70636291
:10A3E00073000000525354206E6F742065787065BE
:10A3F0006374656420686572652100007463705F32
:10A400007265786D69745F72746F5F636F6D6D698B
:10A41000743A20696E76616C696420706362000032
:10A420007463705F7265786D69745F72746F3A20DF
:10A43000696E76616C696420706362007463705F3A
:10A440006B656570616C6976653A20696E76616CE2
:10A4500069642070636200007463705F7A65726F74
:10A460005F77696E646F775F70726F62653A2069BB
:10A470006E76616C69642070636200007379735F4B
:10A4800074696D656F75743A2074696D656F757464
:10A4900020213D204E554C4C2C20706F6F6C204D70
:10A4A000454D505F5359535F54494D454F555420C6
:10A4B000697320656D7074790000000054696D65E2
:10A4C0006F75742074696D6520746F6F206C6F6E8A
:10A4D000672C206D6178206973204C5749505F5577
:10A4E000494E5433325F4D41582F34206D736563AC
:10A4F000730000007564705F696E7075743A20694E
:10A500006E76616C69642070627566007564705F58
:10A51000696E7075743A20696E76616C6964206E3C
:10A520006574696600000000706275665F72656D33
:10A530006F76655F686561646572206661696C65E8
:10A5400064000000636865636B2074686174206652
:10A550006972737420706275662063616E20686F23
:10A560006C6420737472756374207564705F6864C2
:10A5700072000000646863705F6372656174655F98
:10A580006D73673A20636865636B2074686174203B
:10A59000666972737420706275662063616E2068EC
:10A5A0006F6C642073747275637420646863705F89
:10A5B0006D736700646863705F696E635F70636288
:10A5C0005F726566636F756E7428293A206D656DDC
:10A5D0006F7279206C65616B000000004448435045
:10A5E0003A20686F73746E616D6520697320746FB3
:10A5F0006F206C6F6E672100646863705F6F7074AA
:10A60000696F6E3A206F7074696F6E735F6F7574E7
:10A610005F6C656E202B2032202B206F7074696F69
:10A620006E5F6C656E203C3D20444843505F4F5048
:10A6300054494F4E535F4C454E00000064686370B0
:10A640005F6F7074696F6E5F627974653A206F70C6
:10A6500074696F6E735F6F75745F6C656E203C20FC
:10A66000444843505F4F5054494F4E535F4C454E02
:10A67000000000006E6574696620213D204E554C37
:10A680004C0000006468637020213D204E554C4C06
:10A69000000000006E6574696620616C726561641B
:10A6A000792068617320612073747275637420640B
:10A6B0006863702073657400646863705F706362C0
:10A6C0005F726566636F756E7428293A20726566DD
:10A6D000636F756E74206572726F7200696E766159
:10A6E0006C696420646863702D3E737461746500E6
:10A6F0006172705F7461626C655B695D2E71203D93
:10A700003D204E554C4C00006172705F7461626C6C
:10A71000655B695D2E7374617465203D3D20455411
:10A72000484152505F53544154455F454D50545930
:10A7300000000000636865636B20746861742066C4
:10A740006972737420706275662063616E20686F31
:10A750006C642073747275637420657468617270C0
:10A760005F686472000000006E657469662D3E6863
:10A7700077616464725F6C656E206D7573742062BE
:10A7800065207468652073616D6520617320455490
:10A79000485F4857414444525F4C454E20666F72B3
:10A7A0002065746861727021000000006172705F42
:10A7B0007461626C655B6172705F6964785D2E7351
:10A7C00074617465203E3D204554484152505F53AA
:10A7D000544154455F535441424C45006970616493
:10A7E000647220213D204E554C4C00006574685F1A
:10A7F00072657420213D204E554C4C006E65746985
:10A80000662D3E6877616464725F6C656E203D3DC5
:10A81000204554485F4857414444525F4C454E00E0
:10A8200074797065206F766572666C6F77000000D2
:10A830006E6F207061636B657420717565756573EB
:10A8400020616C6C6F776564210000007120213DF0
:10A85000204E554C4C00000069636D705F696E704E
:10A8600075743A206D6F76696E6720722D3E706147
:10A87000796C6F616420746F2069636D7020686506
:10A8800061646572206661696C65640069636D70FE
:10A890005F696E7075743A20726573746F72696E59
:10A8A00067206F726967696E616C20702D3E706100
:10A8B000796C6F6164206661696C656400000000FA
:10A8C000636865636B207468617420666972737471
:10A8D00020706275662063616E20686F6C64206909
:10A8E000636D70206D657373616765007072657666
:10A8F00020213D2069707200707265762D3E6E6574
:10A900007874203D3D2069707200000070627566A9
:10A91000735F6672656564202B20636C656E203CF6
:10A920003D203078666666660000000073616E69DF
:10A93000747920636865636B206C696E6B65642055
:10A940006C6973740000000069705F7265617373F5
:10A950005F70627566636F756E74203E3D20706235
:10A960007566735F667265656400000073616E6989
:10A97000747920636865636B0000000076616C6920
:10A98000646174655F646174616772616D3A6E657C
:10A9900078745F70627566213D4E554C4C00000026
:10A9A00069705F72656173735F70627566636F75FE
:10A9B0006E74203E3D20636C656E00006E6F7420E7
:10A9C0006669727374616C74686F756768206A7504
:10A9D000737420656E71756575656400746869735C
:10A9E000206E656564732061207062756620696EF3
:10A9F000206F6E652070696563652100702D3E7261
:10AA00006566203D3D203100636865636B20746896
:10AA10006174206669727374207062756620636168
:10AA20006E20686F6C642073747275637420697033
:10AA30005F68647200000000756E68616E646C652A
:10AA4000640000006E657469662D3E687761646419
:10AA5000725F6C656E206D757374206265203620A0
:10AA6000666F722065746865726E65745F6F757469
:10AA7000707574210000000063797734335F72656C
:10AA800061645F6279746573206572726F722025EC
:10AA9000640000005B43595734335D206379773499
:10AAA000335F6B736F5F736574282564293A206682
:10AAB00061696C65640A00005B43595734335D205B
:10AAC000427573206572726F7220636F6E64697471
:10AAD000696F6E20646574656374656420307825E1
:10AAE000780A00005B43595734335D206572726FFA
:10AAF000723A20686472206D69736D6174636820B6
:10AB000025303478205E20253034780A000000009B
:10AB10005B43595734335D205354414C4C282575C1
:10AB20003B25752D2575293A2074696D656F7574FF
:10AB30000A0000005B43595734335D20646F5F693E
:10AB40006F63746C3A20676F7420756E65787065FA
:10AB500063746564207061636B65742025640A000A
:10AB60005B43595734335D20646F5F696F63746C66
:10AB70002825752C2025752C202575293A207469E7
:10AB80006D656F75740A00005B43595734335D205F
:10AB9000636F7265206E6F7420696E2072657365D5
:10ABA000740000006275733A7478676C6F6D000012
:10ABB0006170737461000000616D7064755F626143
:10ABC0005F7773697A650000616D7064755F6D70A1
:10ABD00064750000616D7064755F72785F666163B3
:10ABE000746F72006273736366673A6576656E743C
:10ABF0005F6D7367730000005B43595734335D200A
:10AC00004661696C656420746F207374617274208E
:10AC1000435957343300000056657273696F6E3ABA
:10AC2000200000005B43595734335D20636F756C1F
:10AC300064206E6F742066696E642076616C69644E
:10AC4000206669726D776172650000005B43595739
:10AC500034335D2074696D656F7574207761697434
:10AC6000696E6720666F7220414C5020746F2062BD
:10AC700065207365740000005B43595734335D20D1
:10AC8000636F7265206E6F74207570005B43595757
:10AC900034335D204854206E6F742072656164798E
:10ACA000000000005B43595734335D204632206E6C
:10ACB0006F74207265616479000000005B4359572E
:10ACC00034335D20434C4D206C6F616420666169B4
:10ACD0006C6564006375725F657468657261646455
:10ACE00072000000706D325F736C6565705F726535
:10ACF0007400000062636E5F6C695F62636E0000E7
:10AD000062636E5F6C695F6474696D006173736F19
:10AD1000635F6C697374656E000000006273736337
:10AD200066673A7375705F77706100006273736372
:10AD300066673A7375705F777061325F65617076D0
:10AD4000657200006273736366673A7375705F774C
:10AD500070615F746D6F00007361655F7061737324
:10AD6000776F7264000000006D6670006A6F696E34
:10AD7000000000006273736366673A73736964006E
:10AD80006273736366673A777365630062737363B4
:10AD900066673A7770615F61757468007361655FBB
:10ADA0006D61785F7077655F6C6F6F700000000099
:10ADB00032675F6D7261746500000000627373003A
:10ADC0005B43595734335D2073656E645F65746807
:10ADD00065726E6574206661696C65643A202564ED
:10ADE0000A0000005069636F570000005B2520389F
:10ADF000645D204153594E4328253034782C00009F
:10AE000025730000257500002C25752C25752C2533
:10AE100075290A005345545F53534944000000000C
:10AE20004A4F494E000000004155544800000000C0
:10AE30004445415554485F494E4400004153534FE7
:10AE4000430000004449534153534F430000000066
:10AE50004449534153534F435F494E44000000005F
:10AE60004C494E4B0000000050534B5F535550006F
:10AE7000455343414E5F524553554C54000000002A
:10AE80004353415F434F4D504C4554455F494E44F9
:10AE9000000000004153534F435F5245515F494505
:10AEA000000000004153534F435F524553505F49E8
:10AEB000450000004E6F2050494F20737461746547
:10AEC000206D616368696E657320617265206176CB
:10AED00061696C61626C65004E6F20444D41206376
:10AEE00068616E6E656C7320617265206176616960
:10AEF0006C61626C650000006173796E635F636F03
:10AF00006E74657874206C6F636B5F636865636BE8
:10AF1000206661696C656400248E0110008E01104A
:10AF2000F08D0110008E0110E08F0110E08F0110F4
:10AF3000108E0110D88D0110E48D0110C08D01100C
:10AF4000E08F0110D08D0110E08F0110E08F011013
:10AF5000248D0110A08D0110B08D0110888D01107D
:10AF6000E08F0110908D0110E08F0110E08F011033
:10AF7000248D0110A08D0110B08D01100000000083
:10AF80000000000078141211121478007F4949491A
:10AF900049497F007E414141414141007F4141415A
:10AFA00041417E007F494949494949007F090909D2
:10AFB000090101007F414141515173007F08080898
:10AFC00008087F000000007F000000002141413F91
:10AFD00001010100007F0808142241007F40404029
:10AFE000404040007F02040804027F007F02040802
:10AFF00010207F003E41414141413E007F1111112F
:10B0000011110E003E41414951617E007F11111125
:10B0100031510E0046494949493000000101017F84
:10B02000010101003F40404040403F000F102040E0
:10B0300020100F007F20100810207F0000412214F4
:10B0400014224100010204780402010041615945C3
:10B05000434100003E41414941413E000000427FE2
:10B0600040000000304949494946000049494949E2
:10B07000494936003F202078202000004F494949A7
:10B08000493000003F48484848483000010101610C
:10B09000310D030036494949494936000609090975
:10B0A00009097F00AE200040A1A83FC8D300DA12F2
:10B0B000D580D9F1DB3081FFA4A68D142EAF00001E
:10B0C000FFFFFFFFFFFFFF7F06005250D3F07542E6
:10B0D0005892011006005250E182887F6092011060
:10B0E000060052503ABCA91170920110060052504D
:10B0F000ABB360537492011006005250BBFF3CB6D4
:10B100007C92011006005250861C030284920110AA
:10B11000060052505422A29D8C92011005005250FC
:10B12000DE65F46878460510143F0010C43E001038
:10B13000C43E00100C3F0010C43E0010C43E00107E
:10B14000C43E0010C43E0010C43E0010C43E0010B7
:10B15000C43E0010043F0010C43E0010FC3E00102E
:10B16000C43E0010C43E0010F43E0010C841001060
:10B170002A3F0010C24100102A3F0010AC410010CD
:10B180002A3F00102A3F00102A3F00102A3F0010DB
:10B190002A3F00102A3F00102A3F00101C3F0010D9
:10B1A0002A3F00102A3F00102A3F00102A3F0010BB
:10B1B0002A3F00101C3F0010504200107E3E00103D
:10B1C0007E3E00107E3E00107E3E00107E3E00104F
:10B1D0007E3E00107E3E00107E3E00107E3E00103F
:10B1E0007E3E00107E3E00107E3E00107E3E00102F
:10B1F0007E3E00107E3E00107E3E00107E3E00101F
:10B200007E3E00107E3E00107E3E00107E3E00100E
:10B210007E3E00107E3E00107E3E00107E3E0010FE
:10B220007E3E00107E3E00107E3E00107E3E0010EE
:10B230007E3E00107E3E0010DC4100101C420010DB
:10B24000DC4100107E3E00107E3E00107E3E00106D
:10B250007E3E00107E3E00107E3E00107E3E0010BE
:10B260007E3E00107E3E00107E3E00107E3E0010AE
:10B270007E3E00107E3E00107E3E00107E3E00109E
:10B280007E3E0010F04300107E3E00107E3E001017
:10B290007E3E00107E3E00107E3E00107E3E00107E
:10B2A0007E3E00107E3E00107E3E0010F0430010F7
:10B2B00062420010F0430010DC4100101C420010FC
:10B2C000DC41001000000000000000000000F03F22
:10B2D0000000000000002440000000000000594071
:10B2E0000000000000408F40000000000088C340C4
:10B2F00000000000006AF8400000000080842E4139
:10B3000000000000D01263410000000084D7974184
:10B310000000000065CDCD410D0A000000000000D6
:10B32000154F001000000000194F0010254F0010AD
:10B33000514F00104D4F0010000000000A000000A7
:10B3400000000306A6000800020002009C00140092
:10B35000030057494E555342000000000000000012
:10B360000000800004000100280044006500760011
:10B3700069006300650049006E007400650072009A
:10B380006600610063006500470055004900440005
:10B3900000004E007B00620063003700330039007C
:10B3A0003800630031002D00370033006300640073
:10B3B0002D0034006300620037002D003900380092
:10B3C000620038002D003900310033006100380080
:10B3D00066006300610037006200660036007D0091
:10B3E00000000000050F2100011C100500DF60DDDA
:10B3F000D88945C74C9CD2659D9E648A9F000003F6
:10B4000006A60001000000000600525053B4F4A14B
:10B41000B092011000000000C4920110D4920110FB
:10B42000C0E30020DC920110E892011009025400F0
:10B43000030100807D080B000202020000090400E5
:10B44000000102020004052400200105240100017E
:10B4500004240206052406000107058103080010E4
:10B4600009040100020A0000000705020240000072
:10B47000070582024000000904020000FF000105E8
:10B4800012011002EF0201408A2E0A00000101029F
:10B4900003010000185B0010805C0010D05C0010FD
:10B4A000585C00106A5C0010485C0010B85B00102B
:10B4B000645B0010585B00103A60001020600010C0
:10B4C000F05D00105A600010F05D00100860001080
:10B4D000F45F0010F05D0010E05F0010E65E001009
:10B4E000F05D0010C6620010B8620010AC6200107F
:10B4F000F05D0010F05D001096620010B862001060
:10B50000F05D0010F05D0010F05D0010F05D0010C7
:10B51000F05D0010F05D0010F05D00104C62001056
:10B520000A0F00200A0F0020540F0020740F002083
:10B53000B80F0020CA0F0020000F002000000000FC
:10B5400065680010E168001015690010616900105D
:10B55000116A0010F56A00100000000000000000F1
:10B56000F56B0010516C00106D6C00108D6C0010AC
:10B57000B54F0010C56D00100000000000B60110AE
:10B58000F4B50110E8B50110DCB50110D0B501101B
:10B59000C4B50110B8B50110ACB50110A0B50110CB
:10B5A000FC0518003839002004D2002010001000DB
:10B5B000DCC8002000D2002010000600F8CA0020DD
:10B5C00010D200202000050054CA00200CD2002018
:10B5D0001000200078CF00201CD200201C000800A2
:10B5E0005CCB002018D20020A400050040CC002035
:10B5F00014D20020200004007CD1002020D20020A2
:10B600001C000400E0C9002008D200209CE30020B8
:10B6100094E3002090E30020A4E3002003060C182C
:10B6200030607800010203040506070707070707D3
:10B630000700000026CC001026CC00101ECC001005
:10B640002CCE0010E8CC0010D0CD001090CD001012
:10B65000E8CC001044CD00100ECD0010FA00000020
:10B6600031B40010E80300006D1A0110E803000077
:10B67000F10C011060EA0000CD030110F40100009C
:10B68000A5050110E80300001187001004FD00105B
:10B6900060FE0010D6FC001044FE0010D6FC001026
:10B6A000D6FC00101AFE0010D6FC0010D6FC0010CC
:10B6B000D6FC0010D6FC0010D6FC0010D6FC001002
:10B6C000D6FC0010D6FC0010D6FC0010D6FC0010F2
:10B6D000D6FC0010D6FC0010D6FC0010D6FC0010E2
:10B6E000D6FC0010D6FC0010D6FC0010D6FC0010D2
:10B6F000D6FC0010D6FC0010D6FC0010D6FC0010C2
:10B70000D6FC0010D6FC0010D6FC0010D6FC0010B1
:10B71000D6FC0010D6FC0010D6FC0010D6FC0010A1
:10B72000D6FC0010D6FC0010D6FC0010D6FC001091
:10B73000D6FC0010D6FC0010D6FC0010D6FC001081
:10B74000D6FC0010D6FC0010D6FC0010D6FC001071
:10B75000D6FC0010D6FC001002FE0010E2FD001026
:10B76000CAFD0010B2FD0010D6FC0010D6FC00107F
:10B77000D6FC00109AFD001008FD001004FD00101A
:10B78000C0FC0010EAFE0010C0FC0010EAFE001031
:10B79000EAFE0010EEFE0010EAFE0010EAFE0010C5
:10B7A000EAFE0010EAFE0010EAFE0010EAFE0010B9
:10B7B000EAFE0010EAFE0010EAFE0010EAFE0010A9
:10B7C000EAFE0010EAFE0010EAFE0010EAFE001099
:10B7D000EAFE0010EAFE0010EAFE0010EAFE001089
:10B7E000EAFE0010EAFE0010EAFE0010EAFE001079
:10B7F000EAFE0010EAFE0010EAFE0010EAFE001069
:10B80000EAFE0010EAFE0010EAFE0010EAFE001058
:10B81000EAFE0010EAFE0010EAFE0010EAFE001048
:10B82000EAFE0010EAFE0010EAFE0010EAFE001038
:10B83000EAFE0010EAFE0010EAFE0010EAFE001028
:10B84000EAFE0010EAFE0010C0FC0010C0FC001070
:10B85000C0FC0010C0FC0010EAFE0010EAFE001060
:10B86000EAFE0010C0FC0010C0FC0010742901109A
:10B870004A2A0110382A01108A2A01105C2A011074
:10B88000FFFFFFFF000000000000000000000000BC
:10B89000FFFFFFFFFFFF0000A0B8011006FF000040
:10B8A0000160401080E042B00140841000000000C0
:10B8B0006514000091130000911300009113000023
:10B8C00091130000911300009113000091130000E8
:10B8D00091130000911300009113000091130000D8
:10B8E00091130000911300009113000091130000C8
:10B8F00091130000911300009113000091130000B8
:10B9000091130000911300009113000091130000A7
:10B910009113000091130000911300009113000097
:10B92000911300009113000091130000004800479C
:10B93000651400000000000000000000000000008E
:10B9400000000000000000000000000000000000F7
:10B9500000000000000000000000000000000000E7
:10B9600000000000000000000000000000000000D7
:10B9700000000000000000000000000000000000C7
:10B9800000000000000000000000000000000000B7
:10B990000000000000000000000000004442505081
:10B9A000186001000000000000000000C51B00003E
:10B9B000C51B0000C51B0000C51B0000C51B000007
:10B9C000C51B0000C51B0000D9130000D5130000E3
:10B9D00015140000DD3D0000793900003B33000004
:10B9E000D93D0000C9350000B13900001D3E0000FE
:10B9F0004FD50100D93A0000133400007F34000015
:10BA0000893E00008B3E0000FB380000AD3D000089
:10BA10004DD50100C51B0000C51B0000C51B000063
:10BA2000C51B0000C51B0000C51B0000C51B000096
:10BA3000C51B0000C51B0000C51B0000C51B000086
:10BA4000C51B0000C51B0000C51B00009FDC0000DB
:10BA5000C51B0000C51B0000C51B0000C51B000066
:10BA6000C51B0000C51B0000C51B0000C51B000056
:10BA7000C51B0000C51B0000C51B0000C51B000046
:10BA8000C51B0000C51B000047FC0000C51B0000D3
:10BA9000A3FD0000C51B0000C51B00009FFD0000AA
:10BAA0002BFC0000C51B0000C51B0000C51B0000CF
:10BAB000772E01005B3301001B3501006F3401005C
:10BAC000DF3301001F320100C51B0000C51B000051
:10BAD000C51B0000BD350100C51B0000C51B0000D3
:10BAE000C51B0000C51B0000C51B0000C51B0000D6
:10BAF000C51B0000C51B0000C51B0000C51B0000C6
:10BB0000C51B0000C51B0000C51B0000C51B0000B5
:10BB1000C51B0000C51B0000C51B0000C51B0000A5
:10BB2000C51B0000C51B0000C51B0000C51B000095
:10BB3000C51B0000C51B0000C51B0000C51B000085
:10BB4000C51B0000C51B0000C51B0000C51B000075
:10BB5000C51B0000C51B0000C51B0000C51B000065
:10BB6000C51B0000C51B00007916000081160000EF
:10BB7000191F0000352E0000892E0000ED3F000047
:10BB8000F93F000069510000D1B10000B9DC0000AC
:10BB9000B1FB0000C1350100691600008D160000E0
:10BBA0009D1700009D180000E51B0000851C00008B
:10BBB000F51C0000791D0000251F0000A12E0000CB
:10BBC000953F00000540000005490000474C00007B
:10BBD0009D4D0000A54D0000A94D0000C51B0000B3
:10BBE000C54D0000FD4D0000054E00005B4E0000FD
:10BBF0005F4E00006D4E0000956C0000C51B0000FC
:10BC000085510000C51B0000056D00003D9400003B
:10BC100081A2000059A30000C9A30000C5CA00000A
:10BC2000E5CA0000E1CE0000C1DC0000D1DC00006C
:10BC30002FE2000049E4000091E8000083FB0000CF
:10BC400089FB00001D170100010000000000000832
:10BC5000200000000002000004000000FF030000BC
:10BC60005000000001000000010000000A07080168
:10BC700000000000080000000104000001000000B6
:10BC800004000400080001000000000000000000A3
:10BC900000000000000000000000000000000000A4
:10BCA0000000000000000000000000000000000094
:10BCB0000000000000000000000000000000000084
:10BCC0000000000000000000000000000000000074
:10BCD0000000000000000000000000000000000064
:10BCE0000000000000000000000000000000000054
:10BCF0000000000000000000000000000000000044
:10BD00000000000000000000000000000000000033
:10BD10000000000000000000000000000000000023
:10BD20000000000000000000000000000000000013
:10BD30000000000000000000000000000000000003
:10BD400000000000000000000000000000000000F3
:10BD500000000000000000000000000000000000E3
:10BD600000000000000000000000000000000000D3
:10BD700000000000000000000000000000000000C3
:10BD800000000000000000000000000000000000B3
:10BD900000000000000000000000000000000000A3
:10BDA0000000000000000000000000000000000093
:10BDB0000000000000000000000000000000000083
:10BDC0000000000000000000000000000000000073
:10BDD0000000000000000000000000000000000063
:10BDE0000000000000000000000000000000000053
:10BDF0000000000000000000000000000000000043
:10BE00000000000000000000000000000000000032
:10BE10000000000000000000000000000000000022
:10BE20000000000000000000000000000000000012
:10BE30000000000000000000000000000000000002
:10BE400000000000000000000000000000000000F2
:10BE500000000000000000000000000000000000E2
:10BE600000000000000000000000000000000000D2
:10BE700000000000000000000000000000000000C2
:10BE800000000000000000000000000000000000B2
:10BE900000000000000000000000000000000000A2
:10BEA0000000000000000000000000000000000092
:10BEB0000000000000000000000000000000000082
:10BEC0000000000000000000000000000000000072
:10BED0000000000000000000000000000000000062
:10BEE0000000000000000000000000000000000052
:10BEF0000000000000000000000000000000000042
:10BF00000000000000000000000000000000000031
:10BF10000000000000000000000000000000000021
:10BF20000000000000000000000000000000000011
:10BF30000000000000000000000000000000000001
:10BF400000000000000000000000000000000000F1
:10BF500000000000000000000000000000000000E1
:10BF600000000000000000000000000000000000D1
:10BF700000000000000000000000000000000000C1
:10BF800000000000000000000000000000000000B1
:10BF900000000000000000000000000000000000A1
:10BFA0000000000000000000000000000000000091
:10BFB0000000000000000000000000000000000081
:10BFC0000000000000000000000000000000000071
:10BFD0000000000000000000000000000000000061
:10BFE0000000000000000000000000000000000051
:10BFF0000000000000000000000000000000000041
:10C000000000000000000000000000000000000030
:10C010000000000000000000000000000000000020
:10C020000000000000000000000000000000000010
:10C030000000000000000000000000000000000000
:10C0400000000000000000000000000000000000F0
:10C0500000000000000000000000000000000000E0
:10C0600000000000000000000000000000000000D0
:10C0700000000000000000000000000000000000C0
:10C0800000000000000000000000000000000000B0
:10C0900000000000000000000000000000000000A0
:10C0A00000000000000000000000000000F459B291
:10C0B00000000000FFF75E9F0000000000F463B185
:10C0C00000000000FFF7419D00000000FFF76D9C9D
:10C0D00000000000F3F7AE9800000000E9F7679E4B
:10C0E00000000000E5F7989D00000000E4F7829F43
:10C0F00000000000D3F77C9B00000000CFF7EC9914
:10C1000000000000C9F7D89E00000000C8F75A9F41
:10C1100000000000C8F7B49C00000000C2F7549F64
:10C1200000000000C0F7449C00000000C0F7329AF5
:10C1300000000000BFF78C9D00000000BFF7569F75
:10C1400000000000C2F71E9D00000000E1F7C29C45
:10C1500000000000BFF7049800000000BEF7A69E94
:10C1600000000000BDF77C9F00000000BBF76D9C45
:10C1700000000000A2F73E9D00000000B7F7E29A21
:10C1800000000000DDF7329B00000000B9F7889E38
:10C1900000000000B2F7669B00000000B2F7F69ABC
:10C1A00000000000B2F77C9900000000B1F7869A09
:10C1B00000000000DAF7669C00000000B0F76E9EF9
:10C1C00000000000C1F7FE9A00000000AEF73B9BA4
:10C1D00000000000A0F7F69D00000000A0F7169CEC
:10C1E00000000000ABF7F09E00000000A2F7E09C0A
:10C1F00000000000A2F7DE9A00000000A0F7FB9804
:10C20000000000009FF7AE9F000000009EF7B69967
:10C21000000000009DF77C9D000000009BF7329D10
:10C22000000000009AF7F89F00000000A0F7E09ED1
:10C2300000000000A0F70F9F0000000099F7DE9AB1
:10C2400000000000A0F7939C00000000D7F7289F93
:10C2500000000000D7F71C9A00000000D7F7169CDA
:10C2600000000000D9F78A9C0000000093F7709A44
:10C270000000000093F776990000000093F7CD9D31
:10C280000000000093F77D9B0000000093F7B89A30
:10C290000000000092F7649F0000000092F7029DEA
:10C2A0000000000092F7D29A0000000092F7009977
:10C2B0000000000092F714980000000092F7129B13
:10C2C000000000008FF7249900000000D7F7449B7E
:10C2D00000000000D7F7129B00000000D6F7989EE0
:10C2E000000000008CF7539C000000008CF7939D29
:10C2F000000000008BF74B9F000000008CF78E9928
:10C300000000000089F7749E00000000000000009B
:10C31000000000000000000000000000000000001D
:10C32000000000000000000000000000000000000D
:10C3300000000000000000000000000000000000FD
:10C3400000000000000000000000000000000000ED
:10C3500000000000000000000000000000000000DD
:10C3600000000000000000000000000000000000CD
:10C3700000000000000000000000000000000000BD
:10C3800000000000000000000000000000000000AD
:10C39000000000000000000000000000000000009D
:10C3A000000000000000000000000000000000008D
:10C3B000000000000000000000000000000000007D
:10C3C000000000000000000000000000000000006D
:10C3D000000000000000000000000000000000005D
:10C3E000000000000000000000000000000000004D
:10C3F000000000000000000000000000000000003D
:10C40000000000000000000000000000000000002C
:10C41000000000000000000000000000000000001C
:10C42000000000000000000000000000000000000C
:10C4300000000000000000000000000000000000FC
:10C4400000000000000000000000000000000000EC
:10C4500000000000000000000000000000000000DC
:10C4600000000000000000000000000000000000CC
:10C4700000000000000000000000000000000000BC
:10C4800000000000000000000000000000000000AC
:10C49000000000000000000000000000000000009C
:10C4A000000000000000000000000000000000008C
:10C4B000000000000000000000000000000000007C
:10C4C000000000000000000000000000000000006C
:10C4D000000000000000000000000000000000005C
:10C4E000000000000000000000000000000000004C
:10C4F000000000000000000000000000000000003C
:10C50000000000000000000000000000000000002B
:10C51000000000000000000000000000000000001B
:10C52000000000000000000000000000000000000B
:10C5300000000000000000000000000000000000FB
:10C5400000000000000000000000000000000000EB
:10C5500000000000000000000000000000000000DB
:10C5600000000000000000000000000000000000CB
:10C5700000000000000000000000000000000000BB
:10C5800000000000000000000000000000000000AB
:10C59000000000000000000000000000000000009B
:10C5A000000000000000000000000000000000008B
:10C5B000000000000000000000000000000000007B
:10C5C000000000000000000000000000000000006B
:10C5D000000000000000000000000000000000005B
:10C5E000000000000000000000000000000000004B
:10C5F000000000000000000000000000000000003B
:10C60000000000000000000000000000000000002A
:10C61000000000000000000000000000000000001A
:10C62000000000000000000000000000000000000A
:10C6300000000000000000000000000000000000FA
:10C6400000000000000000000000000000000000EA
:10C6500000000000000000000000000000000000DA
:10C6600000000000000000000000000000000000CA
:10C6700000000000000000000000000000000000BA
:10C6800000000000000000000000000000000000AA
:10C69000000000000000000000000000000000009A
:10C6A000000000000000000000000000000000008A
:10C6B000000000000000000000000000000000007A
:10C6C000000000000000000000000000000000006A
:10C6D000000000000000000000000000000000005A
:10C6E000000000000000000000000000000000004A
:10C6F000000000000000000000000000000000003A
:10C700000000000000000000000000000000000029
:10C710000000000000000000000000000000000019
:10C720000000000000000000000000000000000009
:10C7300000000000000000000000000000000000F9
:10C7400000000000000000000000000000000000E9
:10C7500000000000000000000000000000000000D9
:10C7600000000000000000000000000000000000C9
:10C7700000000000000000000000000000000000B9
:10C7800000000000000000000000000000000000A9
:10C790000000000000000000000000000000000099
:10C7A0000000000000000000000000000000000089
:10C7B0000000000000000000000000000000000079
:10C7C0000000000000000000000000000000000069
:10C7D0000000000000000000000000000000000059
:10C7E0000000000000000000000000000000000049
:10C7F0000000000000000000000000000000000039
:10C800000000000000000000000000000000000028
:10C810000000000000000000000000000000000018
:10C820000000000000000000000000000000000008
:10C8300000000000000000000000000000000000F8
:10C8400000000000000000000000000000000000E8
:10C8500000000000000000000000000000000000D8
:10C8600000000000000000000000000000000000C8
:10C8700000000000000000000000000000000000B8
:10C8800000000000000000000000000000000000A8
:10C890000000000000000000000000000000000098
:10C8A000000000000000000000000000D41B800019
:10C8B0000400000000080000B42280000400000012
:10C8C0000808000078238000040000001008000021
:10C8D000C4278000040000001808000030288000F1
:10C8E0000400000020080000D817810004000000A8
:10C8F0002808000000D0810004000000300800007B
:10C900001C1482000400000038080000283882004F
:10C9100004000000400800006C6683000400000072
:10C9200048080000ACAD830004000000500800007F
:10C930000808840004000000580800001C1A840045
:10C940000400000060080000982284000400000039
:10C95000680800002C8A84000400000070080000B1
:10C96000D8BE84000400000078080000C0BF840026
:10C97000040000008008000010C3840004000000D0
:10C980008808000078C984000400000090080000B6
:10C990002C91840004000000980800000C4C8200D8
:10C9A00004000000A0080000FCD98400040000007E
:10C9B000A808000084E3840004000000B008000020
:10C9C00018EC840004000000B80800000C19850071
:10C9D00004000000C008000084C0860004000000BD
:10C9E000C80800004466850004000000D00800006C
:10C9F00010A2820004000000D8080000003B85005F
:10CA000004000000E008000084B685000400000077
:10CA1000E8080000E8B6850004000000F008000007
:10CA2000CCBA850004000000F8080000F8C88500B2
:10CA30000400000000090000B0BE820004000000F5
:10CA400008090000ACD485000400000010090000B3
:10CA5000E09B84000400000018090000B8FB85007A
:10CA6000040000002009000038E3860004000000F4
:10CA7000280900006CEA860004000000300900006C
:10CA8000282586000400000038090000F0C0860058
:10CA900004000000400900003CC3860004000000C0
:10CAA0004809000018F98600040000005009000041
:10CAB00064FA860004000000580900004409870059
:10CAC000040000006009000010138700040000004B
:10CAD000680900001033870004000000700900009E
:10CAE0005C3B87000400000078090000A0D98600A4
:10CAF000040000008009000058DA860004000000ED
:10CB000088090000B8608700040000009009000058
:10CB100018E086000400000098090000ACE48200E0
:10CB200004000000A009000058EF8200040000008B
:10CB3000A8090000E4F1820004000000B009000030
:10CB4000C0F2820004000000B8090000D4D18700C0
:10CB500004000000C0090000D4D4870004000000D5
:10CB6000C8090000BCD6870004000000D0090000FE
:10CB7000F4D9870004000000D8090000C0DA87005B
:10CB800004000000E0090000DCDC87000400000075
:10CB9000E8090000F8DC870004000000F00900004C
:10CBA00088DD870004000000F80900007CE28700AF
:10CBB00004000000000A0000CCE38700040000002D
:10CBC000080A0000F4E5870004000000100A0000D5
:10CBD0009026880004000000180A0000A40B8300BF
:10CBE00004000000200A00007C0E83000400000006
:10CBF000280A00000819830004000000300A000021
:10CC00005058880004000000380A000020598800AD
:10CC100004000000400A0000D46288000400000004
:10CC2000480A00008469880004000000500A0000DF
:10CC3000DC98880004000000580A000068468369F8
:10CC400041690BB503695A4651460EB44A464146FE
:10CC500006B4C36882684168FEB40368C269EFF332
:10CC600003810EB48269EFF3058106B403480168BD
:10CC70000029FED06846884714B000BD3C1400006F
:10CC800062B6704772B6704704490840002803D066
:10CC900003490A6802430A6070470000FFFF000072
:10CCA00000E100E004490840002804D003490A6874
:10CCB000C04302400A607047FFFF000080E100E0CF
:10CCC0000249096890228858704700004414000007
:10CCD000024909689C2288507047000044140000F3
:10CCE000DDBAADBB00000000000000000000000045
:10CCF0000000000000000000000000000000000034
:10CD0000024A11681060081C704700003C140000C3
:10CD10005648574900220A500168564A0A40564F61
:10CD20000F403F4206D15046004202D040460042EA
:10CD300029D1FEE7FC2141580A680F2313400F2B2D
:10CD4000F1D0012B01D00431F6E708314B4B1340F1
:10CD50004B4CA34206D100F0C1F8804600F0CAF85F
:10CD60008146E9E7474CA342E6D10B1F1B68464CBE
:10CD700023401824E3409C4600F0B0F8824600F0BF
:10CD8000B9F88346D8E7414921224250374A404901
:10CD90008958FF23194219D051683E4B194215D0CA
:10CDA0001168344B1940D36A10E0A3420ED0C0463C
:10CDB0000CE039498958194208D038498958194036
:10CDC0009942FAD1364B11691942FCD049463F428B
:10CDD00004D19823CB581024E34001E0314BCB58C9
:10CDE0001C242340002B01D000F092F840462E492D
:10CDF000086048462D49086050462D490860604645
:10CE00002C4908602C490F602C4D2D490D602D4890
:10CE10002D49002204C08142FCD8043DAD46009D4E
:10CE2000EC431023DD41AC4210D1240CA400274D6B
:10CE30002C606B461B1B2648264D2860002C05D015
:10CE40001D68056004330430043CF9DC81B0224BDA
:10CE50001B490D68ED1A0D606C46E41AA54668463C
:10CE600000090001854600F0D7FCFEE7000000182D
:10CE700014060000FFFF0000000000F000FF0F009C
:10CE8000002A0800000E0800000000FFE00100007A
:10CE90000406000000003800180600000C06000020
:10CEA00000100000080400004414000048140000B2
:10CEB0004C14000050140000401400000000080052
:10CEC000945C0100BC5F01009C6601009C5C010059
:10CED0008C750200985C01000000010008680F22B8
:10CEE00004310240052AF9D1014A1040F7460000FA
:10CEF00000F0FFFF08680F2204310240052AF9D133
:10CF000080221042F6D0014A1040F74600F0FFFFA1
:10CF1000FEE7000000487047BC5F01000048704712
:10CF2000FC5F0100004870476060010000487047E6
:10CF30000860010003F04ABA01238B402DE9F74F46
:10CF4000B3F5001F28BF4FF40013042B38BF042390
:10CF50000330019320F00304FFF7E0FF354B00227C
:10CF6000D3F800B015469446134627E0D1F800A048
:10CF7000A24522D301F10807019E07EB0A08C6F17A
:10CF80000009C4EB080609EA0606BE4215D3DDF81F
:10CF9000049009F1FF3919EA070FCDF8009002D08B
:10CFA000F71B072F09D9C4EB0A075F4505D2424694
:10CFB00035466FB1BB4684460B460846416800299A
:10CFC000D4D13BB91C4A18461168013111602FE0D9
:10CFD00084460B46521B111B072909D918682A19C8
:10CFE000401A083918602951596851605A60224620
:10CFF0001968891A072903D85A68CCF8042004E074
:10D000005A50A1F108021A605B180C4800221968F6
:10D010005A6002688A180260094801680831016094
:10D020008918084A1068814288BF116003F108001E
:10D03000BDE8FE8FF4030000F003000014040000BC
:10D04000480400000460010038B5194B50F8082C62
:10D05000196805468A1A1A60164BA0F108041A6866
:10D06000083A1A60FFF75AFF02E0A34203D21846BB
:10D070004368002BF9D155F8082CA9188B4205D12B
:10D0800019685B685218083245F8082C6360036819
:10D0900003F108028218A24207D155F8082C9B1808
:10D0A000083303606368436000E04460002038BDDB
:10D0B000140400004804000010B50021402204467A
:10D0C00005F04ADC104B2360104B6360104BA360EB
:10D0D000104BE360104B2361104B6361104BA36155
:10D0E000104BE361104B2362104B6362104BA36241
:10D0F000104BE362104B2363104B6363104BA3632D
:10D10000104BE36310BD00BF00000000F8370100C2
:10D11000F8370100915C0100945C0100BC5F0100E4
:10D12000BC5F01009C6601009C660100FCB6020029
:10D13000FCB602008C6A0300FC0000000001000045
:10D140000000000000000000F0B52D4D91B06846D1
:10D15000FFF7B2FF2978002937D10898099C241AD3
:10D1600006D0224605F0F8DB0898214609F06EDD6E
:10D1700022462449244805F015DC244B00241C7069
:10D1800001232B70224D09F091DC2B68002B33D04A
:10D190001A78002A30D09F895E890CE02B681D4ADE
:10D1A000D98910680AF076DC0134014630B1184B99
:10D1B000186806F0B1DBA319BB42EFDB164B2968F8
:10D1C0001868012206F0ECDB16E0144E317899B9AC
:10D1D0000A980B9C241A06D0224605F0BDDB0A985B
:10D1E000214609F033DD08480D49224605F0DADB17
:10D1F00000232B700123337009F058DC11B0F0BD0F
:10D20000FC0300009AFB88005539010014600100FE
:10D2100044040000900400002C0400006C60010035
:10D22000521E8900014B1868704700BF945C0100D2
:10D23000002070472DE9F04F9DB00AA8FFF73CFF92
:10D24000FFF7F0FF0446FFF7F3FF0A9B0B9A0F99D5
:10D25000D21A0E9B0D9DC3EB01091199109B6E4EC6
:10D26000CB1A0C99DFF80082C1EB050B93443268AE
:10D27000D8F8001002F50052521A4A44D2185A4403
:10D28000141924180994DFF8E4A1644C644F22684F
:10D29000DAF800506348AD183A680893C5EB020C01
:10D2A000CDF81CC005F07EDB089B09F57E7101936B
:10D2B00003F57E7307339B0A07310BF57E72890AEB
:10D2C000073202930823920A0091039359464B4672
:10D2D000554805F067DB336820683968DDF81CC005
:10D2E0000190039300F57E7003F57E730CF57E7656
:10D2F00001F57E7207300733800A9B0A0732073632
:10D30000B60A920A0290049348486346009605F0D4
:10D3100049DB099905F57E7201F57E7307339B0A97
:10D320000732920A00932946099B414805F03ADBEF
:10D33000404B414F1968414805F034DB3968404B98
:10D340000A6846469A4203D03E4805F02BDB25E0AA
:10D350001A910B4604E015683948131D854203D124
:10D360001A461BAB9A42F6D333681AAD009336487F
:10D370002B461A9205F016DB3B681A9AE91A3348D5
:10D38000D31A0A46009305F00DDB33681A9A591B2D
:10D390002F489B1A0A46009305F004DB2D4B1B68AF
:10D3A0004BB31A783AB35989DD891A8901FB05F61E
:10D3B00038354D4306F57E7307339B128DE8280000
:10D3C00005F57E7307339B1202932348334605F01D
:10D3D000E9DA2368DAF80020991B9B185B1B03F538
:10D3E0007E7001F57E720730800A07320090920A43
:10D3F0001A4805F0D7DA1A4B1D6809F081DD04469A
:10D4000009F078DD294603462246164805F0CADAB7
:10D410001DB0BDE8F08F00BF0460010014040000DF
:10D42000F40300008839010097390100D639010062
:10D430001B3A0100F003000068600100563A010049
:10D440004B415453713A0100953A0100CC3A010026
:10D45000F13A010044040000173B0100443B010085
:10D46000040400006C3B010010600100480400004F
:10D4700008B57146034805F095DA0120BDE808407B
:10D4800009F0249E9A3B0100004870471860010093
:10D490002DE9F34107460C4609F032DD10B909F0D9
:10D4A00035DD3AE0002620460DF106016A46ADF86A
:10D4B0000660009607F103080AF072D9009D28F073
:10D4C0000308454440F638039D4226D82DB328462C
:10D4D0003146FFF731FD0446F8B13146009A05F0B8
:10D4E0003BDA009BA781ED1AE218C8EB050802EBB6
:10D4F0000803A3606368013D62F3140363601B0CBF
:10D5000065F34F13E380204609F0DEDC0123208021
:10D51000A370BDF80630E38104E0044B00241A68D0
:10D5200001321A602046BDE8FC8100BF4C040000B7
:10D5300038B50446E389590621D4A278013AD2B21B
:10D54000A270002A27D1E27862B1134B204653F82B
:10D550002250E9890AF0D4D928462146BDE838404E
:10D5600006F0509ADA0516D40C4B2046A3602188A9
:10D5700009F0D4DC2046BDE83840FFF765BD074B15
:10D580002046A3602188A56B09F0C8DC2046FFF780
:10D590005BFD2C46CEE738BD50610100EFBEADDE2D
:10D5A000F8B51F4E01220D463068002102F0AAFF97
:10D5B000002108220746306802F0A4FF022D014630
:10D5C00010D107EA000414F4806406D0306821F416
:10D5D0008061002202F096FF2C46FA041ED544F02A
:10D5E00004041BE0052D10D107F40064D4F10104FC
:10D5F00038BF0024BB0511D5306841F4806100229A
:10D6000002F080FF44F0200408E035B93068294674
:10D610000522BDE8F84002F075BF00242046F8BDA1
:10D620000004000029B9034B11461868072202F0D4
:10D6300069BF7047000400002DE9FF470446FFF76B
:10D6400023FF2368C462032B03D1474B18680FF0F4
:10D65000EFD92368A3F110020F2A04D804B0BDE863
:10D66000F04709F0CF9B032B0FD1404AE36C22F027
:10D670000102934209D1626C06339361636C4FF0EF
:10D68000FF321A6004B0BDE8F087656CFFF7CAFD91
:10D69000374E636CF169C3EB000A3268354805F018
:10D6A00081D9A36C21680093636C22460193A3681F
:10D6B00031480293E36800270393E36C05F072D9C5
:10D6C000E36904F110010093236A2C480193636A13
:10D6D0004FEA9A0A0293A36AB94603930EC905F06A
:10D6E00061D9A36B04F12C010093E36B24480193EF
:10D6F000236CB84602930EC905F054D9EB68214853
:10D70000009395E80E0005F04DD9EB6905F1100185
:10D7100000931D480EC905F045D918E07A59D30782
:10D720000FD5FF2A0DD9194B9A4204D902F1624351
:10D73000B3F5801F05D81648394605F033D909F1ED
:10D7400001090437B9F10F0F08F1010801D8D045DC
:10D75000E4D13368002043F4806386E8180004B005
:10D76000BDE8F04709F0B29C00040000D1C0800081
:10D7700070600100C63B0100DC3B0100113C010070
:10D78000443C0100733C0100913C0100F83701006A
:10D79000AF3C0100036810B5022B044603D0084BD0
:10D7A00018680BF0BDDE2046FFF746FF2368022B0A
:10D7B00005D0034B1868BDE810400BF0F19E10BD7A
:10D7C00000040000014B1868704700BFB4600100FE
:10D7D0002DE9F04104464C200E46154698460AF0C5
:10D7E000D1D80746A0B100214C2205F0B5D84FF49E
:10D7F000F0637B634FF47A73FB631C233B640C235D
:10D800007B640423C7F80C803E607D60BC60BB6411
:10D810003846BDE8F081704710B515F04BFF15F0A4
:10D8200059FF15F0B3F816F005F8044615F06CF83A
:10D8300020461BF0D9FCFFF787FC2046BDE81040CE
:10D8400009F0AE9A002301E0013340080028FBD123
:10D85000C3F120007047C0177047431E23EA000041
:10D86000FFF7F9BF4840FFF7F8BF22EA000208407F
:10D870001043704708B5FFF7F8FFC0B208BD2DE9A7
:10D88000F843DDF8208006460D46144699460027E9
:10D8900007E0E95DE25D3046FFF7ECFF08F80700BE
:10D8A00001374F45F5D1BDE8F8830379013BDBB281
:10D8B000A3EB511300EB83008068D0F1010038BF67
:10D8C0000020704710F0010130B51AD00223012268
:10D8D000591E01249DB214FA01F1202D02D09C4062
:10D8E000013C01E04FF0FF3400FB02F52C40A14267
:10D8F00034BF891811460133212B0A46E8D1084666
:10D9000030BD084630BD38B5054600F51770FEF34A
:10D91000BDF700240AE004F1760005EB80004368BF
:10D9200013B10430FFF304F70134A4B2B5F8583151
:10D93000A342F0D838BD2DE9F041061D9AB0044647
:10D940000431304604321D46FEF384F60746002DAE
:10D9500030D0204601210AAA202305F10408FFF354
:10D96000FDF647B920462946FFF368F60028D4BFE4
:10D970000020012000E001200021FFF773FF314665
:10D98000054642463046FFF3FBF4012112AA20234C
:10D990002046FFF3E3F602AEE8B20AA912AA20235A
:10D9A0000096FFF76CFF63682046012132469B001A
:10D9B00000F0AEDA1AB0BDE8F081F0B5071D9BB0FB
:10D9C00004460431384604321D46FFF3D9F40646B6
:10D9D00025B320230AAA01212046FFF3BFF63046D3
:10D9E0000021FFF73FFF2A1D064639463846FEF361
:10D9F00031F6012112AA20232046FFF3AFF602AD33
:10DA0000F0B20AA912AA20230095FFF738FF636835
:10DA1000204601212A469B0000F07ADA1BB0F0BDB7
:10DA20002DE9F041B8B0154606468846FFF3C4F626
:10DA30006A68044602329300502B4FD8D8F804305D
:10DA400003339B00902B49D824A9FFF379F50746AF
:10DA5000002844D06A6805F10801920026A804F065
:10DA6000F7DED8F80420204669460332FFF368F554
:10DA70000446002833D02846FFF3A2F66D686D01F6
:10DA8000451B00E0203515F11F0FFBDB204641460A
:10DA9000FFF306F63DB13846294600F079DA204614
:10DAA000294600F075DA201D391DFFF39FF220464C
:10DAB0003946FFF3C3F5002805DB204621463A46E8
:10DAC0000023FFF77AFF1DB12046694200F060DABB
:10DAD00030462146FFF3E4F5012000E0002038B095
:10DAE000BDE8F08108B528B1FFF36AF6D0F1010076
:10DAF00038BF002008BD2DE9F0410446ACB00D460A
:10DB00001646FFF359F66B6862682B94B2EB430F2D
:10DB100001D3201D08E001210022DB00FFF3CAF43D
:10DB20002B9000284ED00430291DFFF3DBF2304645
:10DB3000FFF7D8FF0121FFF795FE20230BAA012153
:10DB400080462046FFF30AF62B981BAD201A18BF1B
:10DB500001200121FFF786FE2B9907462046FFF39F
:10DB60009FF5012113AA20232046FFF3F7F5F8B211
:10DB700013A90BAA20230095FFF781FE01212A4655
:10DB800020232046FFF3EAF5324620462B99FFF783
:10DB900047FF0646B8B1012123AA20232046FFF300
:10DBA000DDF503AE5FFA88F023A92A46202300960C
:10DBB000FFF765FE3246204601212023FFF3CEF514
:10DBC000012600E006462B9B9C4202D02BA8FFF3C7
:10DBD000AFF530462CB0BDE8F0812DE9F74FD2F813
:10DBE00004A007795FFA8AF991F80480144600F1DD
:10DBF000080609F1FF390D4630460021BA005FFAE8
:10DC000089F9083404F0A8DE013F08F1FF3104EB84
:10DC1000890B6FEA0909C9B24FEA8909FFB20835D1
:10DC20004FEA880805EB8105CDF80490002306EB48
:10DC30008706C8F1000900211DE05FFA8AF84FEA63
:10DC400088085C46C8EB0608304600270DE03A46D7
:10DC5000076854F804C90023D2196F5843F1000330
:10DC6000E7FB0C2340F804291F464045EFD10198FB
:10DC700004393350043E4945DFD10020BDE8FE8F12
:10DC80002DE9F04FBDB088464699D0F80C900C1D98
:10DC90008568039400684C6808F10401049109F157
:10DCA000040105910790114628461A460023FFF704
:10DCB00094FF98F8042099F804302E7908920021F6
:10DCC00009F108009A000835069306F1FF3A04F0BE
:10DCD00043DE039805EB8A0AA50040194FEAC40BFE
:10DCE0000A90CBEB0A0B5146A4460020AE462BE02F
:10DCF0000B68079A0A9F53430E4609932546002056
:10DD000002910EE057F8043931680B930023421852
:10DD10000B98099943F10003E1FB002346F804291D
:10DD2000184615F1FF35EDD20299A5004D1B07E00D
:10DD30001E680023821943F1000345F804291846A0
:10DD4000AB452B46F4D304391CF1FF3CD0D2059AE5
:10DD5000069B754602EB8306CBF80000CEEB0A0A61
:10DD60002246002303E05AF80310F150043B013A25
:10DD7000971CF8D10021D9F80800FFF773FD059929
:10DD8000039A07460498FFF3FBF202212B46404614
:10DD90000CAAFFF3E3F40498089900EB810303E075
:10DDA00056F8042943F8042914F1FF34F8D202216B
:10DDB0001CAA2B464046FFF3D1F42CACF8B21CA9A8
:10DDC0000CAA2B460094FFF75AFD4046022122463A
:10DDD0002B4600F09DD800203DB0BDE8F08F2DE926
:10DDE000F04F04468BB0184609921F460891FFF386
:10DDF000E3F47B6804F5AC7206929B0000220025D8
:10DE00000590A4F8582107932E4668E004EB860994
:10DE1000D9F80410002960D00698FFF3D7F08046A7
:10DE200000285AD101214246079B0598FFF342F38F
:10DE300005F1200A04EB8A0ACAF85C01D9F804004B
:10DE400004EB8503C3F85C01FFF7FCFCC0F11F0085
:10DE5000C0B204900999DAF85C01FFF321F4C146DD
:10DE6000DDF810A032E04FF0010B05F1200884F836
:10DE700060B204EB8808D8F85C1104F5177C6046A2
:10DE80000A460B46CDF80CC00097FFF7F9FE049A3E
:10DE9000DDF80CC053B2C9EB03030BFA03FB04EB30
:10DEA00086035B681BEA030F0AD0002384F8603204
:10DEB000D8F85C116046089A0B460097FFF7E0FE21
:10DEC0000AF1FF3A5FFA8AFA09F101091AF0800FA4
:10DED000C9D00135EDB2A4F858510136F6B294F824
:10DEE0004431B34292D801200BB0BDE8F08F2DE948
:10DEF000F04F8346ADF52F7D18461C468946924665
:10DF0000FFF35AF4676801258046BE0000212422F1
:10DF1000A1A804F021DD2946002233464046A19500
:10DF2000FFF3C8F2294600223346AB904046FFF388
:10DF3000C1F2294600223346AC904046FFF3BAF2C4
:10DF400002217B198B40AD90A1AA4046FFF3B2F2AB
:10DF5000AA90AB9800F008D8267904F10805013E94
:10DF6000F6B255F8260010F0010000F09380494603
:10DF7000AA9A2346AC98FFF32DF72346AB99AA9AA9
:10DF8000AD98FFF327F755F82600FFF79BFC00211B
:10DF900005464FF41E7203A804F0DEDC05236A4236
:10DFA00021469AA88DF80C30FEF37CF4514603A864
:10DFB000FEF3DEF3234603A8AC99AD9AFFF70FFFFB
:10DFC0009DF8507107F1FF381FFA88F80FFA88F3AF
:10DFD000002B4FDB03A800EB8303596859A8FEF31D
:10DFE000BBF61F2846D803A901EB8003D3F8DC1148
:10DFF000AD98FFF355F3C8F1000800252DE0AD9969
:10E0000001238DF86C329AA80A460B460094FFF75C
:10E0100037FEBB1E1BB203A8EA18C3185B1993F89E
:10E020000431314601369942E9DB00EB820359683D
:10E0300091B1002359A88DF86C32FEF38DF61F289C
:10E0400018D803A901EB8003AD990094D3F8DC2123
:10E050009AA80B46FFF714FE013D45454FF0000618
:10E06000D7D19AA85946AD9AAB9B8DF86C620094B3
:10E07000FFF706FE03A8FFF746FCACA8FFF358F332
:10E08000ADA8FFF355F3ABA8FFF352F3AAA8FFF333
:10E090004FF301200DF52F7DBDE8F08F2DE9F04FF6
:10E0A000B3B0039018461C468A469346FFF384F3A8
:10E0B000D4F80490012509F10107BF0080464FEA1A
:10E0C000890600213A4605A804F046DC29460022CC
:10E0D000334640460595FFF3EDF1294600223346CD
:10E0E0002E904046FFF3E6F12946002233462F905A
:10E0F0004046FFF3DFF12946002233463090404688
:10E10000FFF3D8F102213B46319005AA4046FFF3C8
:10E11000D1F12D902E98FFF327F7267904F1080509
:10E12000013EF6B255F82600DAF8047010F001004E
:10E1300000F08B8051462D9A23462F98FFF34AF624
:10E140002E992D9A23463098FFF344F655F8260071
:10E15000FFF7B8FB7F014242214626A8FEF3A2F357
:10E16000013F01E0A6F12007BEB258463146FFF755
:10E170009CFB0028F6D109F1FF393FB20BF1080AE8
:10E18000A9EB67175AF82700FFF75CFB361A3BE04C
:10E19000309901250A460B4626A88DF89C5000941C
:10E1A000FFF76EFD294616AA20233098FFF3D6F21A
:10E1B00030994FF000080B462F9A26A88DF89C80C6
:10E1C0000094FFF75DFD1EAA294620233098FFF337
:10E1D000C5F206F01F0015FA00F0A9EB67175AF810
:10E1E000273041461840FFF73DFB0EAFC0B216A9DD
:10E1F0001EAA20230097FFF742FB309829463A4693
:10E200002023FFF385F6013EB6B237B2002FBFDA06
:10E2100000230399309A8DF89C3026A82E9B0094F9
:10E22000FFF72EFD26A8FEF331F32FA8FFF380F2AF
:10E2300030A8FFF37DF22EA8FFF37AF22DA8FFF3AA
:10E2400077F231A8FFF374F2012033B0BDE8F08F0C
:10E250002DE9F04FBFB0039018461D4689469246FF
:10E26000FFF3AAF26E6802230124B60000278DF89E
:10E27000F7300A233C9321463A4633468046379787
:10E280003B978DF8F640FFF315F121462D903A4665
:10E2900033464046FFF30EF121462E903A46334670
:10E2A0004046FFF307F102212F903A46334640469D
:10E2B000FFF300F1214630903A4633464046FFF3E3
:10E2C000F9F0214631903A4633464046FFF3F2F0EA
:10E2D000214632903A4633464046FFF3EBF0214662
:10E2E00033903A4633464046FFF3E4F021463490FB
:10E2F0000DF1F60223463398FFF30AF621460DF19D
:10E30000F70223463498FFF303F621463A46334694
:10E310004046FFF3CFF0214635903A46334640461B
:10E32000FFF3C8F0214636903A4633464046FFF3A5
:10E33000C1F0214638903A4633464046FFF3BAF0E2
:10E34000214639903A4633464046FFF3B3F0214622
:10E350003A903CAA23463098FFF3DAF530982B46E2
:10E3600002462946FFF729FB03992A462D98FFF715
:10E37000C2FB2B4630992D9A2E98FFF32BF52E9940
:10E380002A462F98FFF7B7FB2E982F9A01462B4667
:10E39000FFF7D1FA2E98FFF7A5FB2146FFF762FAA7
:10E3A00029468446349A2F982B46CDF808C0FFF7AB
:10E3B00004FB2E992F9A2B463198FFF76FFE4A46A1
:10E3C0002B4630992E98FFF305F52E9829460246E4
:10E3D000FFF374F251462E9A2B463598FFF3FAF468
:10E3E00052462B462E982946FFF7E7FA484629461B
:10E3F0002F9AFFF363F22E982F9A01462B46FFF3D4
:10E40000E9F42F983399319A2B46FFF794FA2E9915
:10E410002F9A2B463698FFF3DDF4202321461DAAC0
:10E420003598FFF39BF12023214625AA3698FFF368
:10E4300095F1DDF808C00DF1540B5FFA8CF01DA9C1
:10E4400025AA3346CDF800B0FFF719FA3346214626
:10E450005A464046FFF32EF02A46014637902E9842
:10E46000FFF749FB2E98379A01462B46FFF3B2F48B
:10E470004946379A2B462F98FFF3ACF42E982F9AE3
:10E4800001462B46FFF757FA524639982E992B46EC
:10E49000FFF751FA30992D9A2B462E98FFF39AF4F4
:10E4A0002B462E99379A3898FFF394F438992A46D8
:10E4B0002E98FFF720FB2E98389A01462B46FFF343
:10E4C00089F44946389A2B462F98FFF383F42E9807
:10E4D0002F9A01462B46FFF72EFA52463A982E996C
:10E4E0002B46FFF728FA339A2B462E982946FFF73A
:10E4F00064FA2E982146FFF34BF52E982B460246E0
:10E500003999FFF7CBFD2E98FFF7ECFA21468146AB
:10E510002E98FFF3AFF2214640EA0900FFF7A2F977
:10E52000214681461DAA20233998FFF317F15FFA8F
:10E5300089F92023214625AA3A98FFF30FF148468E
:10E540001DA925AA3346CDF800B0FFF798F921465A
:10E550005A4633464046FEF3ADF720233B90214612
:10E560001DAA3798FFF3FAF02023214625AA3898F0
:10E57000FFF3F4F00DF1140A48461DA925AA33460D
:10E58000CDF800A0FFF77BF92023284621461DAADD
:10E59000FFF3E4F006F1FF393EAB994419F8843CEF
:10E5A00003F00303032B03D0444804F0FBD954E0E9
:10E5B0003A46404621463346FEF37CF73B468046CA
:10E5C0002946339A2E98FFF7B6F92E980221FFF3C9
:10E5D000DFF42B463B992E9A4046FFF75FFD21461C
:10E5E0001DAA20230398FFF3B9F025AA2023214672
:10E5F0004046FFF3B3F019F8840C19F8641C00F0DE
:10E60000010001F00101FFF72DF929462B460746CD
:10E6100042462E98FFF7D1F921461DAA20234046F5
:10E62000FFF39CF0214625AA20232E98FFF396F0B5
:10E630000AEB0605F8B21DA925AA33460095FFF797
:10E640001EF92146524633464898FFF361F4499833
:10E6500021462A463346FFF35BF42DA8FFF368F00A
:10E660002EA8FFF365F02FA8FFF362F031A8FFF3A7
:10E670005FF030A8FFF35CF032A8FFF359F033A845
:10E68000FFF356F034A8FFF353F035A8FFF350F032
:10E6900036A8FFF34DF037A8FFF34AF03BA8FFF38D
:10E6A00047F038A8FFF344F039A8FFF341F03AA847
:10E6B000FFF33EF000203FB0BDE8F08FE93C0100E1
:10E6C00000487047883D010000487047103D010038
:10E6D000004870474C3D010000487047C43D0100B0
:10E6E000012801D1FFF7F0BF022801D1FFF7F0BFE9
:10E6F000032801D1FFF7F0BF042801D1FFF7E0BFE5
:10E700000020704700487047DC60010000487047F7
:10E71000305D0100014B43F820107047506101004B
:10E72000034B53F82000431A584240EB0300704754
:10E730005061010042893C2928BF3C210346914297
:10E740002CBF0846104698817047000000F1340243
:10E75000342A08B5034606D905482021054A04F0A5
:10E7600061D9034808BD044A434252F8230008BD5A
:10E77000306101007F3E01000CA2880038B5049C86
:10E780001D467CB1FF2B0DD002B95BB96B1C20700C
:10E79000A170637025B11146E01C2A4604F058D8D8
:10E7A00003356419204638BDC0F38040704700002F
:10E7B000044B00F44032134303420CBF00200120FD
:10E7C000704700BFD091540038B50546FFF7F0FF01
:10E7D00038B10B4B2B4033B915F4900418BF1824F3
:10E7E00002E0044600E01024284605F0BDDF20B119
:10E7F000034B2B40002B18BF1024204638BD00BF10
:10E80000C4D1040000487047685D010000487047AB
:10E81000785201000020704708B5FFF7F3FF4178F8
:10E820000278012313FA01F113FA02F20A43817804
:10E830008B4042EA030008BD2DE9F7434FF0000882
:10E8400004460F46164699464546012303FA08F347
:10E8500013EA090F2BD063692046222B0ADDE369F6
:10E860005A0607D540F6270100220EF0AFDA01461E
:10E87000204600E000214FF4C4620EF047D9C0F8F2
:10E88000008063692046222B0ADDE3695B0607D519
:10E8900040F6270100220EF099DA0146204600E0FA
:10E8A000002140F224620EF031D903681D4308F1C3
:10E8B0000108B8F11F0FC8D19DF828304BB145B100
:10E8C0000123009320462B4639463246FFF7B4FF1A
:10E8D00005432846BDE8FE83816838B540F63C0311
:10E8E0009942044628D1C3680B2B03D84FF0A87176
:10E8F000994001D40C2B1FD949F218239A4205D014
:10E9000049F640439A4217D10C4D00E00C4D636923
:10E910002046222B0ADDE369590607D540F6270178
:10E9200000220EF053DA0146204600E0002140F2BA
:10E93000DC620EF0EBD8056038BD00BF9901010024
:10E94000B601010038B543690446222B0ADDC369CC
:10E950005D0607D540F6270100220EF037DA0146A2
:10E96000204601E0204600214FF4C0620EF0CED8D0
:10E970000568204605F07C05AD08FFF747FF03E07A
:10E980008378AB4207D00C3010B10388002BF7D14D
:10E990002046FFF73FFF03884FF47A70584338BD95
:10E9A00070B5044616460D460AF0B0DD94F86023B3
:10E9B000094B002818BF0123012A94F8682308BFD7
:10E9C000D4F85C33012A0CBFD4F864236FF0004202
:10E9D0002B60326070BD00BF0100820E2DE9FF4741
:10E9E0001D46436990460022222B04468946029226
:10E9F000039209DDC3695F0606D540F627010EF0D4
:10EA0000E5D90146204601E0204600214FF4C462CA
:10EA10000EF07CD80560236A20460C2B636916DD56
:10EA2000222B0ADDE3695E0607D540F627010022A6
:10EA30000EF0CCD90146204600E000214FF4C5621B
:10EA40000EF064D807683F0CBF05BF0D14E0222B01
:10EA50000ADDE369590607D540F6270100220EF0CA
:10EA6000B5D90146204600E000214FF4C5620EF002
:10EA70004DD807683F0AFFB20123AB40002620466D
:10EA8000494642460096FFF7D7FE0546012212FA94
:10EA900006F32B4207D00092204649464246FFF734
:10EAA000CBFE25EA000501361F2EEFD1204602A934
:10EAB00003AAFFF775FF029B002625EA030A3546E5
:10EAC0000123AB4013EA0A0F08D0204649464246CC
:10EAD000EBB2FFF783FF864238BF064601351F2D94
:10EAE000EED1B81C801904B0BDE8F0872DE9F041E3
:10EAF000069E044615461F46FFF78EFE002870D07E
:10EB000010EA060800EA07072CD063692046222B8A
:10EB10000ADDE3695A0607D540F6270100220EF008
:10EB200055D90146204600E0002140F21C620DF05C
:10EB3000EDDF63690646222B20460ADDE3695B06AA
:10EB400007D540F6270100220EF040D901462046A5
:10EB500000E0002140F21C620DF0D8DF036843EAB8
:10EB600008033360002F2BD063692046222B0ADD77
:10EB7000E3695E0607D540F6270100220EF026D98C
:10EB80000146204600E000214FF4C3620DF0BEDFD5
:10EB900063690646222B20460ADDE369590607D53C
:10EBA00040F6270100220EF011D90146204600E070
:10EBB00000214FF4C3620DF0A9DF03681F433760E3
:10EBC000079B9A0305D4BDE8F0810A2008F0C8DB52
:10EBD00001E040F2DD54D5F8E0319B0301D4013C63
:10EBE000F3D1BDE8F081F7B51E4643690446222BF8
:10EBF0000F4615460BDDC3695A0608D540F62701B6
:10EC000000220EF0E3D800970146204602E000976C
:10EC1000204600214FF0FF334FF4CA620EF026DC8D
:10EC20006369222B0CDDE3695B0609D540F62701F9
:10EC3000204600220EF0CAD800960146204602E087
:10EC400000962046002140F254622B460EF00EDC66
:10EC5000FEBDF7B51E4643690446222B0F461546F6
:10EC60000BDDC3695B0608D540F6270100220EF0D4
:10EC7000ADD800970146204602E0009720460021CB
:10EC80004FF0FF334FF4CB620EF0F0DB6369222BC1
:10EC90000CDDE369590609D540F62701204600221C
:10ECA0000EF094D800960146204602E000962046D9
:10ECB000002140F25C622B460EF0D8DBFEBDF7B5BA
:10ECC0001E4643690446222B0F4615460BDDC369D9
:10ECD000590608D540F6270100220EF077D8009794
:10ECE0000146204602E00097204600214FF0FF3306
:10ECF0004FF4CC620EF0BADB6369222B0CDDE369C2
:10ED00005A0609D540F62701204600220EF05ED8AB
:10ED100000960146204602E000962046002140F27F
:10ED200064622B460EF0A2DBFEBD436913B5222BB5
:10ED300004460DDDC3695B060AD540F627010022B3
:10ED40000EF044D84FF4806301460093204604E05F
:10ED50004FF480630093204600214FF4C0620EF010
:10ED600085DB1CBD2DE9F04F013AD2B2082A85B0EF
:10ED700004469A4615D8374B9E5C374B9F5C374B01
:10ED800013F80290364B9B5C0393364B13F802B09A
:10ED9000354B9B5C0293354B13F80280344B9D5CE2
:10EDA00007E00025A8460295AB460395A9462F46E5
:10EDB0002E466369222B0DDDE3695B060AD540F61A
:10EDC0002701204600220EF001D8CDF80090014620
:10EDD000204603E0CDF80090204600214FF0FF339D
:10EDE0004FF4CB620EF042DB6369222B0FDDE36947
:10EDF00058060CD540F62701204600220DF0E6DF2C
:10EE000007EA0A03B34001460093204605E007EAFB
:10EE10000A03B34020460093002117FA06F340F29C
:10EE20005C620EF023DB039B83B148FA0BF208EA25
:10EE30000A0848FA0BFB2046029C2946A2400BFA1E
:10EE400004F305B0BDE8F04FFFF703BF05B0BDE820
:10EE5000F08F00BF5C510100655101006E5101004F
:10EE60007751010080510100EC530100F85101007D
:10EE7000015201002DE9F843044689460DF040DEB9
:10EE80000021064620460EF0EBDB80462046FFF7C9
:10EE9000B9FC074620460EF055DA4946054642467B
:10EEA0003B782046FFF79AFD0B2302305843074B6F
:10EEB0003146EB18B3FBF5F5454320460EF0D0DBA9
:10EEC0000A23B5FBF3F5A8B2BDE8F8833F420F0073
:10EED00038B543690446222B0ADDC3695D0607D5B0
:10EEE00040F6270100220DF071DF0146204601E0C7
:10EEF0002046002140F214620DF008DE63690568C7
:10EF0000222B20460ADDE369590607D540F6270182
:10EF100000220DF05BDF0146204600E0002140F2B8
:10EF200014620DF0F3DD03689D4214D0636920463E
:10EF3000222B0ADDE3695A0607D540F62701002295
:10EF40000DF044DF0146204600E0002140F214624B
:10EF50000DF0DCDD0568284638BD38B51C461D6857
:10EF6000FFF7B6FF03462360401B38BD2DE9F7438A
:10EF7000002504460F46164698469DF828900195B0
:10EF8000FFF7A6FF019063692046222B0ADDE369A3
:10EF90005B0607D540F6270100220DF017DF01467A
:10EFA000204600E000214FF4C2620DF0AFDDB9F160
:10EFB000010F006801D108B90EE050B9B8EB451F48
:10EFC00009D920463946324601ABFFF7C6FF2D1856
:10EFD000D9E7002000E001200B9B6D011D60BDE81A
:10EFE000FE832DE9F04F002685B080468946924683
:10EFF0000396012503AF40464946524643F69823FF
:10F0000000950197FFF7B2FF044688B98DE88100AB
:10F010004023404649465246DDF80CB0FFF7A6FFB4
:10F02000039B38B99B445E4443F697239E42E0D944
:10F03000284600E0204605B0BDE8F08F2DE9F843F2
:10F04000994643690446222B0E461546DDF820807A
:10F05000099F0ADDC3695A0607D540F62701002239
:10F060000DF0B4DE0146204601E0204600214FF4B9
:10F07000C3620DF04BDD03682046C9F800306369B8
:10F08000222B0ADDE3695B0607D540F62701002243
:10F090000DF09CDE0146204600E0002140F21C629B
:10F0A0000DF034DD03682046C8F80030D5F8E031B3
:10F0B0003B60FFF7B1FB0746002872D0D5F8E0317E
:10F0C000990304D4204631462A46FFF78AFF636934
:10F0D0002046222B0ADDE3695A0607D540F62701B0
:10F0E00000220DF073DE0146204600E000214FF4BF
:10F0F000C3620DF00BDD63690646222B20460ADD54
:10F10000E3695B0607D540F6270100220DF05EDEBD
:10F110000146204600E000214FF4C3620DF0F6DC0A
:10F120000368FF433B40336063692046222B0ADDBE
:10F13000E3695E0607D540F6270100220DF046DEA2
:10F140000146204600E0002140F21C620DF0DEDCAA
:10F1500063690646222B20460ADDE369590607D576
:10F1600040F6270100220DF031DE0146204600E086
:10F17000002140F21C620DF0C9DC036840F2DD544E
:10F180001F40376002E00A2008F0EAD8D5F8E031E5
:10F190009A0301D5013CF6D16420BDE8F84308F09C
:10F1A000DF98BDE8F88337B5044601AB4FF4006142
:10F1B0006A460EF063DA63692046222B0ADDE369B2
:10F1C0005D0607D540F6270100220DF0FFDD014660
:10F1D000204600E000214FF4CE620DF097DC056878
:10F1E00015F0005316D063692046222B0ADDE3692F
:10F1F000590607D540F6270100220DF0E7DD01464C
:10F20000204600E000214FF4CE620DF07FDC056067
:10F21000012500E01D4620469DE806000EF04CD971
:10F2200028463EBD70B504460E460DF069DC00214F
:10F23000054620460EF014DA314602462046FFF716
:10F2400081FB2946064620460EF00ADA304670BD9C
:10F25000014B1860704700BF94610100F8B5484F3A
:10F2600004463A68002A40F089804369222B09DD70
:10F27000C3695B0606D540F627010DF0A7DD014600
:10F28000204601E02046002140F214620DF03EDCF1
:10F2900063690568222B20460ADDE3695E0607D50F
:10F2A00040F6270100220DF091DD0146204600E0E6
:10F2B000002140F214620DF029DC03689D4214D055
:10F2C00063692046222B0ADDE369590607D540F61B
:10F2D000270100220DF07ADD0146204600E00021E2
:10F2E00040F214620DF012DC056842F2107008F072
:10F2F00037D863692046222B0ADDE3695A0607D511
:10F3000040F6270100220DF061DD0146204600E0B5
:10F31000002140F214620DF0F9DB63690668222BCC
:10F3200020460ADDE3695B0607D540F62701002287
:10F330000DF04CDD0146204600E0002140F2146251
:10F340000DF0E4DB03689E4214D063692046222B53
:10F350000ADDE3695E0607D540F6270100220DF0BD
:10F3600035DD0146204600E0002140F214620DF038
:10F37000CDDB0668751B642675433D603868F8BDB3
:10F38000946101002DE9F74F0446884691461F46D7
:10F390000DF0E8DF8346002840F0D98020460DF0CC
:10F3A000AFDB5946824620460EF05AD963690546BE
:10F3B0002D2B0CD1D0F8F430B9F1000F02D023F08E
:10F3C000007301E043F00073C5F8F430B8E0204664
:10F3D000FFF718FAC37801269E4000F0B180B9F11A
:10F3E000000F5ED063692046222B0ADDE3695906CF
:10F3F00007D540F627015A460DF0E8DC01462046C5
:10F4000000E000214FF4C3620DF080DB0368414649
:10F410003B6043EA06070123009320463B462A4609
:10F42000FFF70AFA63690743222B20460ADDE369E6
:10F430005A0607D540F6270100220DF0C7DC014629
:10F44000204600E000214FF4C3620DF05FDB41462F
:10F4500007602A462046FFF7C4FD4FF47A7007F094
:10F460007FDF40F2DD5702E00A2007F079DF6369B1
:10F470002046222B0ADDE3695B0607D540F627010B
:10F4800000220DF0A3DC0146204600E0002140F2FE
:10F490000C620DF03BDB0368334242D1013FE3D104
:10F4A0003FE03A689AB963692046222B09DDE36997
:10F4B0005F0606D540F627010DF088DC01462046A0
:10F4C00000E000214FF4C3620DF020DB026822EA65
:10F4D00006070123009320463B4641462A46FFF794
:10F4E000ABF96369074337420CBF00260126222B84
:10F4F00020460ADDE369590607D540F627010022B8
:10F500000DF064DC0146204600E000214FF4C362A8
:10F510000DF0FCDA414607602A462046FFF761FD00
:10F5200000E0012640F22D1702E00A2007F018DF64
:10F530002B6903F48053B3EB063F01D0013FF4D1B4
:10F540002046514603B0BDE8F04F0EF0899803B055
:10F55000BDE8F08FF0B589B004460D4606AA07ABAA
:10F560004FF400610EF08AD829462046FFF75AFE74
:10F570004FF47A760022B0FBF6F6134602212046BD
:10F58000FFF79DFB00220746134600F00F050321FD
:10F590002046FFF794FB4FF680733B40DF094FF4A2
:10F5A000000320F07F42009303A804A9334603F030
:10F5B0009DDE05A80399049A1823774303F0DADE49
:10F5C00005B92D60059A4FF4006300934FF4805302
:10F5D00003A804A9BA1893FBF5F303F087DE02A889
:10F5E0000399049A0C2303F0C5DE20460699079A76
:10F5F0000DF062DF029809B0F0BD10B504460DF0C1
:10F60000E7DE01462046BDE81040FFF7A3BF70B516
:10F6100004461646FFF7F1FF63690546222B204694
:10F620000ADDE3695B0607D540F6270100220DF0ED
:10F63000CDDB0146204600E000214FF4CC620DF006
:10F6400065DA04230360D6F864364FF47A70DBB2CF
:10F65000B5FBF3F5684370BD70B504460E460DF07A
:10F660004FDA0021054620460DF0FADF314602460A
:10F670002046FFF7CCFF2946064620460DF0F0DF76
:10F68000304670BDFFF7E8BF37B50446FFF7B5FF5A
:10F690004FF400616A4601AB054620460DF0EEDFEF
:10F6A0000022134620460421FFF709FB00F47F40A7
:10F6B000030A00B91B60B5FBF3F520469DE8060080
:10F6C0000DF0FADE28463EBD70B504460E460DF03C
:10F6D00017DA0021054620460DF0C2DF314602460A
:10F6E0002046FFF77EFC2046FFF78CF8636906464C
:10F6F000222B20460ADDE3695A0607D540F627018A
:10F7000000220DF063DB0146204600E0002140F2BC
:10F710000C620DF0FBD9F378012111FA03F30268B2
:10F7200029461A420CBF0026012620460DF098DF1C
:10F73000304670BD70472DE9FF47836E00220446B6
:10F740000D460292039263B1D0F8CC1000EB810118
:10F75000D1F8D400216E884205D1606E9847814669
:10F7600002E0994600E0914620460DF0C9D90021FB
:10F77000824620460DF074DF02A9804603AA204687
:10F78000FFF70EF9029F00260396F7B13B4620468D
:10F79000294642460096FFF74FF863693843222B0B
:10F7A000029020460ADDE369590607D540F6270195
:10F7B00032460DF00BDB0146204600E000214FF4FD
:10F7C000C3620DF0A3D9029B0360039EFEB1002724
:10F7D00033462046294642460097FFF72DF86369D5
:10F7E0003043222B039020460ADDE3695A0607D5F1
:10F7F00040F627013A460DF0E9DA0146204600E0DE
:10F80000002140F21C620DF081D9039B0360294660
:10F8100042462046FFF7E5FB204651460DF020DF2B
:10F82000E36E5BB1D4F8CC2004EB8202D2F8D410A2
:10F83000226E914202D1606E49469847BDE8FF872B
:10F8400010B500220C4608F0B1D8A0B90A4B1B68CD
:10F850008BB11A787AB1DA8994420CD8184604F040
:10F86000E1D820B1054B1A6801321A6010BD044B73
:10F870001A6801321A6010BD44040000986101004A
:10F880009C610100037E2BB14069D0F1010038BFBB
:10F890000020704701207047014B03EBC000704708
:10F8A000A0610100014B03EBC0007047C061010083
:10F8B00070B50C46164609F0B3DD80B10025284628
:10F8C000FFF7F0FF03681BB980E85000184670BDD1
:10F8D0000135EDB2042DF2D14FF0FF3070BD4FF085
:10F8E000FF3070BD6FF01600704770477047000022
:10F8F00003682DE9F041C0F8203143680022C0F8C8
:10F9000024318368C0F82831C368C0F82C310369FA
:10F91000C0F830314369C0F834318369C0F83831F8
:10F92000C369C0F83C3100F59073534E1C69DF6920
:10F930009559D3F814C07D194FEAB41787EAF42714
:10F9400087EA7467ED199F6927EA040704EA0C0443
:10F950007C402C198D1811F802C0EF78043247EA68
:10F960000C6795F801C0AD7847EA0C4747EA0525D2
:10F970006419DD61DD68402A2544DD6093E8A0104C
:10F9800087EA0C0808EA05080CEA070C88EA0C0765
:10F990004FEAB50C8CEA753C8CEAB5553D442C44D5
:10F9A00043F8044DC1D100F1E00306F13C0500F13C
:10F9B00020071A6955F8044FD9695E6961184FEA42
:10F9C000B21484EAF22484EA726409199C69D3F8B7
:10F9D0005CC024EA0204324062409E6B5C6A66446A
:10F9E0004FEA744C8A188CEAF44C996D8CEA942492
:10F9F00034194FEAF11686EAB14686EAD101611858
:10FA00005218D961D9688918D96093E8520084EAFC
:10FA1000060C0CEA010C26408CEA06044FEAB106FB
:10FA200086EA713686EAB1516118891843F8041DD7
:10FA3000BB42BED1036842685918436A0160D318BB
:10FA400043608268836AD3188360C268C36AD3182C
:10FA5000C3600269036BD31803614269436BD31817
:10FA600043618269836BD3188361C269C36BD31806
:10FA7000C361BDE8F08100BFC0540100F0B503468A
:10FA800096100F46002510E057F8044B01354FEA59
:10FA9000146C83F800C04FEA144C83F801C04FEA9D
:10FAA000142C83F802C0DC700433B542ECDB26EA88
:10FAB000E67312F0030200EB83000AD051F82340F2
:10FAC0001821002334FA01F5C55401330839934253
:10FAD000F8DBF0BD0048704764540100D0F8B43141
:10FAE00070B5D318934204460E461546C0F8B4319B
:10FAF00004D2D0F8B0310133C0F8B031D4F8AC2121
:10FB0000AB183F2B0AD8A21802F5B67031462A4628
:10FB100002F09EDED4F8AC315D1925E0E2B1A01808
:10FB20003146C2F1400200F5B67002F091DED4F821
:10FB3000B831201D04F5B6719847D4F8AC31C3F143
:10FB40004002403BB6185D1906E03146D4F8B831A2
:10FB5000201D98474036403D3F2DF6DC04F5B67039
:10FB600031462A4602F074DEC4F8AC5170BD000084
:10FB7000012910B5044640F8041B05D10A4B0B4976
:10FB8000C4F8B831142204E0094B0A49C4F8B8316A
:10FB9000202202F05DDE0020C4F8AC01C4F8B00100
:10FBA000C4F8B40110BD00BF0D430000C0550100F2
:10FBB00045400000A0540100F8B5044600F5AA76BF
:10FBC0000D4600F58A7721463046142202F040DEC9
:10FBD00030696649726841183068331F01EBF06183
:10FBE000F06820EA020CB06810408CEA00000918A6
:10FBF00046F8041C687895F800C0000440EA0C60E0
:10FC000095F803C04FEAB20240EA0C0095F802C032
:10FC1000043540EA0C2041189F42306146F8041C2C
:10FC200072601E46D4D304F5827530694F497268FC
:10FC3000411853F80409F76801EBF061B06827EA4E
:10FC40000207104078400918376BF0694FEAB2029A
:10FC50007840B76C72607840376D78404FEAF0704A
:10FC60003061081846F8040C043EAB42DDD804F1BC
:10FC7000B4061A4615693E495068691853F8045984
:10FC8000D76801EBF561956845407D404919176BD0
:10FC9000D5694FEAB0007D40976C50607D40176D8C
:10FCA0007D404FEAF57515614D1942F8045C043A40
:10FCB000B342DFD804F1640C1A4615692D49101DB2
:10FCC000691853F80459C1C801EBF56186EA0705C4
:10FCD0000540374085EA07068919D569166B4FEA52
:10FCE000B0007540966C50607540166D75404FEAD7
:10FCF000F57515614D1942F8045C043A6345DCD88A
:10FD000004F114061D691C49586869181D68DF68EC
:10FD100001EBF5619D681A4645407D4049191F6B0E
:10FD2000DD694FEAB0007D409F6C58607D401F6DDB
:10FD30007D404FEAF57549191D6143F8041C043BE9
:10FD40009E42DFD323685918216013686168CB187D
:10FD500063605368A168CB18A360E1689368CB180F
:10FD6000E3602169D368CB182361F8BD9979825A81
:10FD7000A1EBD96EDCBC1B8FD6C162CA30B503467D
:10FD800085B00C4615466846194607F0B3DE204696
:10FD90006946102DB4BF2A46102202F059DD05B085
:10FDA00030BD07F0039F08B507F0ECDE002008BD6A
:10FDB00038B504460D46FFF78DFE0346E4B1002238
:10FDC000226062600122AA4001680A420AD100F161
:10FDD00014014069024204D103F128019B6A1A42CE
:10FDE0000DD00B4604F1100063602560A0609B6895
:10FDF00029469847002038BD6FF0010038BD6FF0EC
:10FE0000160038BD08B5436813B1DB6880689847B1
:10FE100008BD08B5436813B11B698068984708BDE1
:10FE2000013806289ABF024B18560020704700BFC1
:10FE3000D4550100F8B5044600680E461546FFF794
:10FE4000EFFF00284AD0D4F8AC218021A31883F812
:10FE50006C11531CA842B8BF0546382BC4F8AC310E
:10FE600011D9A01800F5B6700021C2F13F0201308F
:10FE700002F072DDD4F8B831201D04F5B671984750
:10FE80000023C4F8AC31D4F8AC210021A01800F54F
:10FE9000B670C2F1380202F05FDDD4F8B021D4F8B8
:10FEA000B431D20042EA5372DB00C4F8B021C4F886
:10FEB000B431082204F5D27004F5D871271DFFF77C
:10FEC000DDFD384604F5B671D4F8B83198473046B0
:10FED00039462A46BDE8F840FFF7D0BDF8BD0728EF
:10FEE0000AD84FF0C243834004D44FF0F05383400C
:10FEF00004D401E040207047002070478020704704
:10FF00002DE9F0470C46B0B090469A4607460028C7
:10FF100046D00846FFF784FF81462046FFF7DFFF03
:10FF20005045064607F1800513DA21462846FFF7BB
:10FF30003FFF414652462846FFF764FF284620A966
:10FF40004A46FFF766FF4E45B4BFB246CA460DF1BA
:10FF50008008002309E018F8032082F0360182F0BF
:10FF60005C020DF80310FA5401335345F3DB2AEA1F
:10FF7000EA7A07E036230DF80A305C2307F80A30E6
:10FF80000AF1010AB245F5DB21462846FFF710FFCA
:10FF9000044638B9284669463246FFF733FF01E088
:10FFA0006FF00104204630B0BDE8F08710B180301A
:10FFB000FFF728BF70472DE9F843DDF8208004469D
:10FFC0001546994661B10E46002707E032881AB1FE
:10FFD00020467168FFF7EAFF01370836AF42F5DBCC
:10FFE000B9F1000F09D0B8F1000F06D020464946FC
:10FFF0004246BDE8F843FFF7D9BFBDE8F8832DE9D5
:020000041002E8
:10000000F0478A4690B09046064600282BD0D0F89C
:10001000807000F180043846FFF761FF8146384662
:10002000FFF7FEFE05462A4620466946FFF7F1FE29
:1000300039462046FFF7BCFE204631464A46FFF7C8
:10004000E1FE204669462A46FFF7DCFE2046694667
:100050002A46FFF7DEFE504669464545B4BF2A46AC
:10006000424602F0F5DB10B0BDE8F087F0B514466B
:10007000ADF5337D07460E461D4602A82346394698
:100080003246FFF73DFF044660B9BA9B02A80093D1
:100090002946B89AB99BFFF78EFF02A8BB99BC9A74
:1000A000FFF7ADFF20460DF5337DF0BD2DE9F04F94
:1000B00093B01E9F81468B4692461C461F9D002F83
:1000C00068D0002D68D02BB1184602F0F1DC00F1A9
:1000D000010800E098464846FFF7A2FE06460028C1
:1000E0005CD0431EEB1893FBF0F3FF2B079355DC1A
:1000F0004FF6FF73984551DC1D9A9A424EDC2B4B0C
:10010000ADF83420002C08BF1C461C9B01220E9326
:1001100012AB03F8012D1093032300930023ADF8D5
:100120002400ADF83C2001930293A842D4BF049070
:1001300004955946484652460BAB0C940A97ADF8C5
:100140002C800397FFF792FF044600282AD14FF036
:10015000020819E0AD1B002D0A9723DD042300934C
:10016000002301930293BF1948465946524609ABF2
:100170008DF847800397B542D4BF04950496FFF7E6
:1001800075FF08F1010860B9079A08F1FF3393423F
:10019000E0DD07E03C4605E02C4603E06FF0160486
:1001A00000E00446204613B0BDE8F08F05EA890060
:1001B0000B4B10B51A681C46904204D15A68914204
:1001C00001D1184610BD6369054A984206D190696D
:1001D000143281420CBF1046002010BD002010BD1B
:1001E0006C5D010073B504460CF0F6DE1423742236
:1001F000204640F60C410CF04FDE2046012104223F
:100200000DF030D82046022104220DF02BD8012514
:100210000021204640F61C624FF0FF3300950CF0A1
:10022000A7DE112300930021204640F618624FF00C
:10023000FF330CF09DDE41F20213009300212046B3
:1002400040F644424FF0FF330CF092DEF323204699
:100250004FF45E614FF0FF320CF01EDE00232046AB
:1002600040F6F8514FF0FF320CF016DE0023204626
:1002700040F6E4514FF0FF320CF00EDE082320462A
:1002800040F6EC514FF0FF320CF006DE0023204622
:1002900040F6E8514FF0FF320CF0FEDDDB23204644
:1002A0004FF45D614FF0FF320CF0F6DD0C220023BD
:1002B000204640F654410CF0EFDD284B002100931E
:1002C000204640F6BC524FF0FF330CF051DE244B79
:1002D00029460093204640F6BC524FF0FF330CF005
:1002E00047DE204B02210093204640F6BC524FF0DF
:1002F000FF330CF03DDE2A462B46204640F62461B3
:100300000CF0CADD40F6FF7300930021164E204624
:1003100040F6B4524FF0FF330CF02ADE00212046A5
:1003200040F6B8524FF0FF3300960CF021DE4BF64A
:10033000982300932946204640F6B8524FF0FF33E9
:100340000CF016DE20464FF45C614FF0FF3233466E
:1003500002B0BDE870400CF09F9D00BF1011121359
:100360001415161718191A1B1032547613B50C46AB
:1003700002B949B1084913B10B681C4003E00B688E
:100380001C4324EA030422400092002170222346E9
:100390000CF0BADB1CBD00BFA404000013B514466A
:1003A00042690A2A0FDD29B1012905D002290AD1A3
:1003B000842202E0782200E07C2200930021234680
:1003C0000CF0A2DB01E04FF0FF301CBD2DE9F04145
:1003D00004460CF07BDF00210A460B460746204608
:1003E000FFF7C4FF00210A460B4606462046FFF7EA
:1003F000D5FF00220546022120461346FFF7CEFF17
:10040000D4F8788015E0D8F8083083B198F8042043
:10041000002AD8F80C200CBF2846384600EA020013
:1004200012D03240904202D0D8F800109847D8F845
:100430001080B8F1000FE6D1204641462A462B46EF
:10044000BDE8F041FFF7AABF0028EDD1EFE74FF478
:100450008030704738B500251D70D1F8CC304FF48E
:10046000006113602A4604460DF0ECD8054638B109
:10047000D0F8E031DA0103D4204601210DF0BCDCD4
:10048000284638BD73B504460DF02AD818B9204661
:100490000DF0D2D860B3204621466A460DF107031D
:1004A000FFF7D8FF0646C0B140F22D1502E00A2042
:1004B00006F056DFD6F8D431180706D4013DF6D140
:1004C00003E00A2006F04CDF01E040F22D15D6F8DB
:1004D000D431590701D5013DF3D1204600210DF05B
:1004E0008BDC9DF807301BB9204600990DF0B8D879
:1004F0007CBD10B5044607F0CDD82046FFF7C2FFFB
:10050000012010BDF0B585B004460D4617460DF02C
:1005100093D8002800F09480A66E6EB1D4F8CC3049
:1005200004EB8303D3F8D420236E9A4203D1606E88
:10053000B047064600E000262046214602AA0DF1FB
:100540000F03FFF787FF002863D0082F61D8DFE88B
:1005500007F005141C2735404A550D00009520462C
:1005600000214FF49C724FF0FF334EE000210091C8
:1005700020464FF49C720B4647E04FF0FF33009348
:10058000204600214FF49A723FE0002120464FF4AC
:10059000EC720B4600910CF0B7DA00F0010539E07F
:1005A00025B1202300932046002103E0022300937D
:1005B000204629464FF4E872222326E000212046F7
:1005C0004FF49A720B4600910CF09EDAC0F3C025EE
:1005D00020E0002120464FF4E0720B4600910CF021
:1005E00093DAC5B216E0002120464FF49A720B460A
:1005F00000910CF089DAC0F340250BE0EDB20095D4
:10060000204600214FF4E072FF230CF07DDA05460E
:1006100000E001259DF80F301BB9204602990DF02E
:100620001FD8E36E6BB1D4F8CC2004EB8202D2F871
:10063000D410226E914204D1606E3146984700E09A
:100640000546284605B0F0BD00487047C05D010072
:100650000020704710B50C4641B18B6823B9C06FBC
:1006600009680EF029DBA060A06810BDC06F10BD46
:100670001FB5084A03460092074A08460192074AF6
:100680000749126802921A68064B02F0D5DB05B0E2
:1006900000BD00BF14560100403901009060010008
:1006A000E55501000856010008B1D0F888007047F0
:1006B000642910DC632921DA4A291FD005DC0729C7
:1006C0001FDB08291ADD3C2912E0502916D018DB5F
:1006D0005C39032911E0C32904DCC2290EDAA839E8
:1006E00002290AE0B1F5847F08D003DCB1F5807FF0
:1006F00007D103E0A1F58971012902D86FF0160036
:1007000070470020704700207047C88810F008002C
:1007100018BF6FF0160070474A6810B593424C88B6
:1007200029DBE30603D503681B7E002B26D12107B6
:1007300003D503681B7E002B23D0A20602D5437E7F
:10074000002B21D0630722D414F0030322D0029996
:100750004CF05EDE00281FD0E10702D58379002B24
:100760001DD114F002041DD08379002B0CBF6FF053
:100770000500002010BD6FF0010010BD6FF00400F7
:1007800010BD6FF0030010BD6FF00A0010BD6FF0D8
:10079000160010BD184610BD6FF01D0010BD6FF0A3
:1007A000060010BD204610BD37B50546900723D57D
:1007B0008C6A0CB3A168226963680905C3F300431E
:1007C000117A44BF43F00203DBB211B1D2F8080141
:1007D00001E0D2F804017F228DE80C0000223830BD
:1007E00004F13C01134675F081DB2846214603B035
:1007F000BDE830407CF0E69F03B030BD2DE9F04FFE
:1008000087B000230F4610AC1599049305938046DA
:10081000934694E87002DDF850A04CF0F9DDB7F98A
:100820000630002B1ADA1BF0010FB9883A890CD078
:100830004900CDF800900196CDF80890CDF80CA0B5
:10084000D8F810000131334605E08DE86006D8F88D
:1008500010004900234607F0B3FD0FE0032D0BD92C
:10086000042204A8214601F0F3DF072D04D905A8CE
:10087000211D042201F0ECDF6FF0160007B0BDE887
:10088000F08F000038B50C4605460846484902F08E
:10089000D3DA4849204602F0CFDA4749204602F031
:1008A000CBDA4649204602F0C7DA4549204602F035
:1008B000C3DA4449204602F0BFDA2046424902F03A
:1008C000BBDAD5F8340137F043DA20B9D5F838016E
:1008D00039F0DEDA18B120463C4902F0ADDAD5F83D
:1008E000340137F035DA18B12046394902F0A4DA7C
:1008F000D5F8380139F0CCDA18B12046354902F084
:100900009BDAD5F830013AF001DC18B120463249C3
:1009100002F092DAD5F8300105F0ACF918B12046B2
:100920002E4902F089DA20462D4902F085DAD5F801
:100930004C0165F04FDF18B120462A4902F07CDAFD
:100940002B6893F83B301BB12046274902F074DA3C
:100950002649204602F070DA2549204602F06CDA7A
:100960002B6A186909F020FC820707D52149204627
:1009700002F062DA2046204902F05EDA20461F4982
:1009800002F05ADA20461E4902F056DA20461D4986
:1009900002F052DA20461C4902F04EDA20461B498A
:1009A00002F04ADA1A492046BDE8384002F0449A7B
:1009B0001D56010021560100265601002B5601004C
:1009C000345601003D5601004156010046560100D3
:1009D0004D56010057560100615601006A5601004C
:1009E0007356010082560100875601008E560100A1
:1009F00095560100A1560100AA560100B756010004
:100A0000BC560100C6560100CB560100D05601006D
:100A1000D856010030B585B0054668460C4602F050
:100A2000F5D928466946FFF72DFF204605B030BDB1
:100A30002DE9F04F03F00103A9B004461493D4F854
:100A40007C3410691B680E46C358D0F858131B78C5
:100A500091460F93D4F88034B2681B681991C3583B
:100A600008901B7809921593138860680B9303F024
:100A70000C039B08022B08BF0B9913930B9A0CBF16
:100A8000C1F3C0130023DBB21A9302F44073A3F541
:100A900040756B4243EB050331461C93379F03F0CF
:100AA0008DDA369B04300E9083B11B7A0B2B07D165
:100AB000236893F8AD304BB136988379072B05D86E
:100AC00036990E9A91F90F30D2180E92D4F8B031AF
:100AD000002B2DDA369B03B31B7A022B1FD194F81F
:100AE000B022F2B90898036D13F008031CD13699AF
:100AF0008A792168D1F8B8108A4217D2032A15D909
:100B00000B2A13D8B269900010D4339A012A0FD15E
:100B10000E9B012008330E9304E0369A04E0002374
:100B200004E000200C9005E00C9203E00C9301E03F
:100B300000210C91B568B389AA1F7633A5F1760020
:100B40001D92B38100217022B060189001F004DF83
:100B5000B38BD90402D4B269520502D51B051B0D13
:100B600020E0D9F80420A04B1340BBB10B9901F051
:100B7000FC03882B12D1099A1379D8070ED4339825
:100B8000F289411E02F007023298583209EB420204
:100B90008842D38806D1591CD18003E013990129DA
:100BA00006D111E0139801280ED00021079102E030
:100BB00010220792002332981B019BB200F00F0213
:100BC00009991343CB8201E000220792099BA06898
:100BD000DA8AB38B23F47E6323F01F0343EA1213F4
:100BE000B38314F003DA010703D5B38B43F4005346
:100BF000B3833498042808D12046089935F82A2C64
:100C000014F080DEADF8980019E03299339801F0C5
:100C10000F02B4F85A33411E329842EA0312884256
:100C200092B202D10133A4F85A333499520147F6F3
:100C3000E073134001F007021343ADF8983099F8C0
:100C4000D7303BB90B9A02F0FC03802B02D00898F6
:100C500083791BB9079941F020010791634B3B4011
:100C6000002B40F0828007F04072B2F1807F00F0EC
:100C70008180139A012A30D9B369DA062DD4002B6A
:100C80002BDB96F91F30002B27DB226A574BD2F85B
:100C9000488008EA030323B908F04073B3F1807F6A
:100CA00003D109980379DF0766D4D2F844804F4B0B
:100CB00008EA030323B908F04073B3F1807F04D13D
:100CC00009990B7913F0010359D0099A1379D807C0
:100CD00003D4D9F80830190705D599F8407007F002
:100CE0007F07B84649E002238DF8863027AB009392
:100CF000D4F85C011FAB494626AA7CF053DD0B9863
:100D0000DDF87C8000F0FC03482B209F01D0C82B2D
:100D10000BD14146089800222AF0F4DE99F8407081
:100D2000804607F07F07002308E0B369329943F05B
:100D30000063B361D1F1010338BF0023BDF89C20EB
:100D4000D20703D5B26942F40052B261226892F828
:100D5000E120BAB1D4F8F8064946BDF898200593C9
:100D60007CF0D4DA059B12900DE00022B846129276
:100D7000134608E0B84603E04746002300E0474634
:100D8000129300E012922268D4F8840492F84F2063
:100D900090F80CB012F0030200F09C818278012AD6
:100DA00009D9216A91F94D10A1F1010EDEF100017E
:100DB00041EB0E0100E00021012A5FFA81FA17D908
:100DC000226A92F94D20013212D1D9F8042012F092
:100DD00080420ED00E300221059302F0E7DC021CA7
:100DE00018BF0122059B04E040000100FF0000C085
:100DF000002218F0407FD0B25FFA88F207D01F2A95
:100E000002D9202A07D0553A072A04D91CE0A04964
:100E10008A56002A18DAB8F1000F15DB28F480187A
:100E200028F4407818F0407209D0BAF1000F03D1CD
:100E3000B2F1807F03D110B148F4801804E0BBF117
:100E4000010F08BF48F4807817F0407FFAB207D04E
:100E50001F2A02D9202A07D0553A072A04D91BE0B5
:100E60008B498A56002A17DA002F15DB27F48017E2
:100E700027F4407717F0407209D0BAF1000F03D180
:100E8000B2F1807F03D110B147F4801704E0BBF1C9
:100E9000010F08BF47F48077B4F8582402F4605279
:100EA000B2F5C05F2CD118F4E0221FD118F0407FBA
:100EB00017D0D9F80420120313D5226892F83B20EA
:100EC00092B1089882797AB1D0F80821528E02F452
:100ED0006052B2F5C05F0CBF4FF400324FF4803265
:100EE00004E04FF4803201E04FF4003218F0407F0C
:100EF00013D05FFA88F1202908BF4FF400320CE0CC
:100F00005FFA88F2F9B2202A08BF4FF080782029D2
:100F100008BF4FF080774FF4803227F4E02A17F0B3
:100F2000407F28F4E02848EA020818BF4AEA020A8B
:100F3000226A08BF4AF4803A516C564A0A40002A95
:100F400053D101F04071B1F1807F4ED018F0407F55
:100F500094F81C2204D0012A02D148F4000802E0CF
:100F60000AB928F400081AF0407F94F81C2205D032
:100F7000012A03D14AF4000A00F009BE002A40F019
:100F800006862AF4000A00F002BED9F80410C8034D
:100F90002BD5D9F80810090627D5013225D118F02C
:100FA000407F0FD05FFA88F2A2F15701012909D9D9
:100FB000632A07D0642A05D0652A03D0662A18BFA1
:100FC00048F480081AF0407F0FD05FFA8AF2A2F14D
:100FD0005701012909D9632A07D0642A05D0652A57
:100FE00003D0662A18BF4AF4800A20464946059372
:100FF0001AF060DC18F04072059B45D01599022963
:1010000008D108F4E02BABF50032D2F1000B4BEB2A
:10101000020B01E04FF0000B5FFA88F21F2A04D8A0
:10102000072A94BF002101210AE0202A06D0A2F15C
:101030005501072994BF0021012100E00021C9B218
:1010400039B199F8FE1021B199F8FF10003118BF9D
:10105000012118F4000F11911ED01F2A04D8072A6D
:101060008CBF0022012209E0202A05D0553A072A28
:101070008CBF0022012200E00122D2B2002A0CBF64
:10108000024604220D9208E00D929346119204E06C
:1010900058168900FF0000C00D901AF0407226D04B
:1010A0001AF4000F25D05FFA8AF21F2A04D8072A03
:1010B0008CBF0022012209E0202A05D0553A072AD8
:1010C0008CBF0022012200E00122D2B2002A18BF08
:1010D00004200EE028F4E02827F4E02A48F48038C1
:1010E0004AF4803A10920D929346119202E01092C7
:1010F00000E0109093B1089A3398D2F8301102EBC7
:10110000C103C2B2C3F838210131089A01F03F018E
:10111000C3F83481C2F83011C9F820A218F0407722
:1011200003D15FFA88F31B9303E0404674F058DE66
:101130001B901398022800D088B9B4F868340E992F
:10114000994202DCB3695B010CD5099A11981379B5
:1011500003F00103002B08BF0120179004E0119950
:10116000179101E0119A1792236A597D41B10F9BA3
:1011700033B12FB9884A5FFA88F3D356002B07DBC7
:10118000236893F84F30980727D037B3159820B3CA
:10119000339A012A0ED90F9B002B0CBF4FF0300A57
:1011A0004FF0160AB3694AF4803A23F00063B36142
:1011B000D04612E089B10F9878B167B908F07F0383
:1011C000022B0AD0042B08D00B2B06D0162B18BFED
:1011D0004FF0010B01E04FF0010B18F040710F913F
:1011E0001AD108F07F03162B16D86C4A9A4013D5F3
:1011F000149A62B15FFA88F3022B0BD0D9F8103041
:1012000093F92C3113F1FF3318BF012300E0149B35
:101210000D9301E00F980D901AF0407116911BD1BB
:101220000AF07F03162B17D85C4A9A4014D5149AFB
:101230006AB15FFA8AF3022B0CD0D9F8103093F917
:101240002C2112F1FF3218BF0122109204E0169BEC
:10125000109301E0169810901399D9F804300229E0
:1012600008BFC9F8588113F480334AD094F80D327E
:10127000002B46D094F81132002B42D0159A032A45
:1012800030D00F9B4BB908F07F03022B2CD0042BDE
:101290002CD00B2B2DD0162B2ED00998037913F0C0
:1012A00001032BD10B9901F0FC02882A29D1349A31
:1012B000032A26D8B3691C9843F48053B361079B73
:1012C000099900280CBF18221E2243F4A04307935B
:1012D0008B5A23F060031B041B0C43F020038B523A
:1012E000012207E000230CE00F9808E00F990A9113
:1012F00008E00F9A0A9205E00F9B02E000200A9096
:1013000000E00A931D99204600910E9A41460B9BDE
:1013100020F08CD922AF204651460E9A0B9B0097A5
:1013200020F084D90622A5F14000394601F090DA78
:10133000169A62B90AF07F03162B08D8174A9A400A
:1013400005D50E9B05F83C3C1B0A05F83B3CB369F0
:101350000F995A0512D591B1369A22B1127A042A00
:1013600001D00B2A1CD143F40063B361179894F8A1
:10137000DA32002B18BF0120179011E081B9064A1C
:101380005FFA88F3D356002B0ADA15F8063C03F00F
:101390000F03149307E000BF5816890000021028BD
:1013A00015F8062C14920B9BA42B14D009980379E2
:1013B000DB0710D40A9981B9B36920465F0541461D
:1013C00002D517F021DD03E00D9A359B20F008D9F6
:1013D000099A508014E00A9B53B1414620460D9A69
:1013E00040F62A131FF0DCDE099980B202304880F3
:1013F0000B9AA42A04D10998438825F83A3C19E0AD
:1014000009990B79D90701D40A9A2AB1002305F862
:101410003A3C05F8393C0DE0B36920465A0551467F
:1014200002D517F0F1DC03E0109A359B20F0D8D8F4
:1014300025F83A0CB269930509D5B38C25F8343CEC
:10144000F38C25F8323C079B43F400530793329802
:1014500018B9079941F00801079109980379DF0746
:1014600012D4D00410D494F810320BB151060BD41E
:10147000520505D41A9919B1199A92F828301BB956
:10148000079B43F001030793924B34981399185C20
:10149000022915901CD1349A032A19D894F80D32D8
:1014A000B3B11B9B042B13D9D4F8340136F062DAA4
:1014B00070B91998159900EB41039B8B13B1B3696F
:1014C0005B0505D5119A1AB9079B43F4805307931E
:1014D000236A186966F018DC00F46050B0F5C05F4C
:1014E00003D1079840F4807007900C9919B1079ABE
:1014F00042F400420792079B25F8763C369810B3D9
:1015000094F8B03213BB08990A6D12F0080221D189
:10151000037A0B2B06D1236893F8AD30D3B18379CE
:10152000072B14D8369A93792268D2F8B8209342C0
:101530000FD2B26997000FD43698027B02F00702EF
:1015400042EA031203E03699079107E0002207926E
:1015500004E00023079301E00020079010994B1E40
:10156000DBB2012B04D8079A42F400539BB20793D5
:10157000A5F172000999022201F06AD9002305F849
:10158000703C05F86F3C05F84A3C05F8493C369B31
:10159000002B2FD094F8B032002B2BD10898036D7C
:1015A000180727D436990B7A0B2B06D1236893F8AA
:1015B000AD30FBB18B79072B1CD8369B9A79236809
:1015C000D3F8B8309A4215D2B369990012D41C9856
:1015D00018B9099901F1180202E0099B03F11E02F2
:1015E0001A9800B102320023009320461899369BC6
:1015F0002EF078DC099906220431A5F150001391F0
:1016000001F026D9BDF8983025F82A3CD4F84401D9
:10161000089960F0E7DC35F8303C80B243EA0023FB
:1016200025F8303C002305F8283C05F8273C05F850
:10163000263C05F8253C05F8243C05F8233C05F834
:10164000223C05F8213C05F8203C05F81F3C179A80
:101650001AB9BBF1000F01D1E1E09B4600224146DF
:1016600008982AF04FDA00220690514608982AF08E
:1016700049DA069B089013F04073189306D1069937
:10168000154BC8B21B56002B03DA14E0069874F011
:10169000A7DB023818BF012070B1D9F8103093F9D8
:1016A0002C31012B0AD0079A42F480439BB2079356
:1016B00001230C9304E018980C9001E000210C9198
:1016C000089B13F0407209D1D8B2034B1B56002B74
:1016D00007DA1DE06CE1880058168900089874F05C
:1016E0007FDB023818BF012078B1D9F8103093F9A8
:1016F0002C31012B0BD0079801216FEA40436FEA90
:1017000053439BB20793119103E0119001E0002233
:10171000119235F8763CBBF1000F02D043F4006320
:1017200001E043F0060325F8763CBBF1000F0CBF47
:101730004FF0140C4FF00E0CA5F11E0362460093FF
:10174000204606990B9BCDF814C01FF06FDFDDF823
:1017500014C024AF62460B9B2046089900971FF0E7
:1017600065DF39460622A5F1480001F071D80C98D2
:101770000D990E9AA5F118030B9300900191029216
:1017800000275946069A4346204603971FF06CDF10
:1017900025F8160C119B10980E9900930190029158
:1017A00020465946089A534603971FF05DDF25F8F7
:1017B000420CA5F11400BBF1000F09D06FF03B0300
:1017C00005F8183C05F8177C099A02F10A010EE0A9
:1017D0006FF04B0305F8183C05F817BC1399062267
:1017E00001F036D8099BA5F10E0003F10A0106228B
:1017F00001F02ED81498189A81B252B906989F4ACF
:10180000C3B2D356002B04DA15F81E3C03F00F03C5
:1018100001E015F81E3C1B02194314911FE05946C4
:101820000622A5F11E0001F097D859461022A5F115
:10183000180001F091D8A5F148005946062201F0A0
:101840008BD805F842BC05F841BCCDF820B0CDF8E6
:1018500018B0CDF82CB0CDF844B0CDF830B0B369A5
:101860005A050FD50F9969B128AB002223F8022D34
:101870000093D4F83401494642460E9B36F096D880
:1018800005F8430C079B25F8743C149825F8640C64
:101890001699B1F1807F0BD031B90AF07F03162B76
:1018A00002D8774A9A4001D4012002E0169800E05D
:1018B0000220069A80B202F04073B3F1807F0BD011
:1018C00033B902F07F02162A02D86D49914000D444
:1018D00001239B009BB200E008230899184301F004
:1018E0004073B3F1807F0BD033B901F07F02162A29
:1018F00002D86349914000D401231B019FB200E04C
:101900002027236A0743186966F0FED9C0B247EA68
:10191000002725F8627C0F9AB2F1807F0CD032B993
:1019200008F07F03162B02D8554A9A4001D40123B0
:1019300000E00F9B9BB200E002230D98ADF89A30B7
:10194000421ED2B2012A09D843F01003ADF89A30F2
:101950002368D3F888309A6901329A61414620465B
:10196000BDF89A707EF080DCB3690743B9B21B0101
:10197000ADF89A100ED5236893F8E13053B1236A7D
:10198000186967F099DB236A0DF19A011869129AB8
:1019900067F0ACDBBDF89A30414625F86E3CB4F8F0
:1019A0005824204627F09AD925F86C0C5146204639
:1019B000B4F8582427F092D925F86A0C179911B970
:1019C000BBF1000F0FD00699B4F85824204627F039
:1019D00085D925F8680C08992046B4F8582427F0D2
:1019E0007DD925F8660C0F9A4AB10D9B042B06D1C0
:1019F000204641460E9A1FF077DC25F8380C1698E1
:101A000048B11099042906D1204651460E9A1FF07C
:101A10006BDC25F8360CD9F80430580640F1AE805E
:101A20001A9A002A00F0AA801998159900EB410330
:101A30009B8B002B7BD0B369590500F19F80329AB4
:101A4000002A40F09B800E9B204641460D9A1FF0D5
:101A5000A7DB0B9B0990ABB106990C9A204617F0B7
:101A600041D808990746119A204617F03BD80B99A0
:101A7000B1F802B0BB4435F8427C1BE0581689002F
:101A8000000210280A9ABAB941460D9A0A9B2046CC
:101A90001FF0A6DD099B514600EB030B109A0E9B2D
:101AA00020461FF07DDB51460746109A20460A9BD0
:101AB0001FF096DDC71902E0DDF824B00B9F1FFA76
:101AC0008BF225F8702C25F84A7C1998159900EBB3
:101AD00041039B8B0998C3189B1A9BB21A0419D413
:101AE000204641460D9A16F0FFDFFF2805D9B4F8CD
:101AF0005A24904238BF024601E04FF48072349974
:101B000092B204EB4103B3F85C34934202D0204616
:101B100018F076D8236893F84430002B2ED0349AEE
:101B2000032A2BD8D4F8600115995A4623E023687C
:101B300093F8443013B3349B032B1FD81A480B99E6
:101B4000C75C204639B10C9A069916F0CBDF0B9B87
:101B50005A8882180CE041460D9A0E9B1FF020DB3C
:101B60000D9A0546414620460B9B1FF039DD421970
:101B7000D4F8600139464B4650F0F0D8B369BDF84F
:101B8000980043F08403B36129B0BDE8F08FD4F826
:101B9000842428F4800892F913202AF4800A012A68
:101BA0007FF4F3A9FFF7FBB96CE1880070B50B690E
:101BB00012B15478032C01D8002212E04D6845F48C
:101BC00080744C605679012E8DBF24F4806445F4F6
:101BD000A0654D604C605478052C2FD9062C03D19C
:101BE000012283F8A42370BD147A14F0040F4C680A
:101BF00014BF44F0806424F080644C60147A04F0D4
:101C00000804D4F1010438BF002483F8A4438B688E
:101C100023F004038B605478062C0FD9127AD20675
:101C20000CD5026843F004038B6092F80C21D007B6
:101C300004D592075CBF23F004038B6070BD0000E5
:101C40002DE9F04FB5B09A463F9B05460B2B8946D0
:101C500016463E9F409C40F2E6800C3B04931AF0EF
:101C60007DDE0021C8220590204600F075DE314659
:101C70000622204600F0ECDDFA7ABB7A494643EAB8
:101C8000022303F00302012AA4F86230E38808BFAC
:101C900084F83420BAF1000F14BF4FF48072002290
:101CA0001343E38028465BF09BDF60857A7A3B7ABA
:101CB00007F10C0B43EA022307AFE385002128223A
:101CC0000DF14408384600F047DE2DAE00212822F1
:101CD000404600F041DE4FF0FF3300210C22304639
:101CE000ADF8CE3000F038DE0DF1CE032F93049B1B
:101CF000BAF1000F0CBF4FF0600A4FF0700A8DE888
:101D000048002846002152465B462D97CDF8B88002
:101D10001CF0D6DA002840F08680059B4246DEB2F1
:101D2000284604F1380339461FF0D0DBBDF8CE3029
:101D30004FF6FF72934217D05A1E92B2DE2A75D820
:101D400043F480520E2B8CBF4FF440430023D5F850
:101D5000580143EA020152F043D858B9D5F864312A
:101D60009B889B0506D461E0731E9BB2DE2BADF809
:101D7000CE605BD8BDF8CE309E4203D1E28842F0FF
:101D80000202E280EB1893F83C20494684F8612077
:101D9000284652B25BF0C8DEBDF8CE30A08543F4D1
:101DA00080520E2B8CBF4FF44043002313436386B5
:101DB00000210C2230A800F0CFDD1F4B0DF16C0884
:101DC00030931E4B002128224046319325AF329597
:101DD00000F0C2DDBDF8CE300021202238468DF85B
:101DE00072301B9400F0B8DD049BD5F89406029382
:101DF0000021524630ABCDF8B080CDF894908DF8EC
:101E0000A4608DE8800857F011D988B9608E431E10
:101E1000DBB2DE2B0AD802F059DA00280CBF002012
:101E20006FF0130004E04FF0FF3001E06FF013009B
:101E300035B0BDE8F08F00BF112A8200812B8200EF
:101E40002DE9F04FA5B00446D2F808A18B461546FF
:101E50000021282205A8984600F07EDD0FA8002169
:101E6000282200F079DDD4F86C3313B104F55B70EF
:101E700008E0236893F82F3073B9236A5B7D052B44
:101E800004D1694805A973F0EFDF05E0042B03D105
:101E9000204605A91FF066DD05AF3B460FAE204684
:101EA00029460AF138020DF16409009628F090DA0B
:101EB00000212422484600F04FDD0021082222A8FC
:101EC0001A971B9600F048DD94F84135CDF88C90B8
:101ED000DA0702D52A6DD70708D49E0708D52B6DDF
:101EE00003F00603023B18BF012302E0002300E0D9
:101EF0000123226892F84F2012F003020BD0D5F88C
:101F0000EC2012F4805205D19DF8BC10002908BFC6
:101F10001A4600E0002224AB03F8082D1FFA8BF6C6
:101F2000009332460023D4F89406294657F056D839
:101F30002E9A00F10C0913680746994571D840465E
:101F400000210C2200F008DDBAF82E30A8F8083085
:101F5000AB7923B1012388F80A30002306E0D5F8D5
:101F6000EC2012F4803204D088F80A3088F80B3064
:101F700004E0022388F80A3088F80B202A6D40F22A
:101F80003713134043B195F858302BB1B8F80A30E5
:101F900043F01003A8F80A30236893F830306BB987
:101FA000236A1B68022B09D1BAF86230980605D55E
:101FB000B8F80A3043F02003A8F80A30236A5B7DA2
:101FC00043B194F872342BB1B8F80A3043F480630B
:101FD000A8F80A30236893F8A9305BB1D5F8EC3043
:101FE000590407D4AB792BB1B8F80A3043F48073A5
:101FF000A8F80A3022AB009308F10C030193D4F83F
:102000009406002329463246029756F055DFBBF16D
:10201000800F03D1D5F890301C9A5A612E9BC3F8DB
:10202000009025B0BDE8F08FD40D89002DE9F04F68
:102030004E688FB01746C6F3C0420C46D1F808A0D0
:1020400002920546002104A82822994600F084DC6B
:102050002369C6F3004B26F08646039326F4EA165E
:102060002AF083036660A360002F00F0BF803B78F6
:1020700097F8018043EA0828A4F80081BB7884F827
:10208000023146F4803363602B6893F84120B2B18B
:1020900093F842309BB146F4A026D4F82431666010
:1020A00093F85D307BB91AF4007F03D094F82430A4
:1020B000D90608D52846214636F04EDC03E02846EE
:1020C000214636F03BDC0622284621462DF05EDF15
:1020D000A26812F0006222D108F00C039B10012BC1
:1020E00094F8FE0094F8FF1006D0032B09D043B9F2
:1020F000012284F8FE2001E084F8FE3084F8FF30ED
:1021000003E084F8FE2084F8FF2094F8FE30834238
:1021100007D194F8FF60761A18BF012602E0002666
:1021200000E0012618F4407F03D0636843F0804349
:10213000636018F0010F03D0A36843F08003A3602D
:1021400018F0200F03D0A36843F00103A36018F038
:10215000400F03D0A36843F00203A360A3680AF012
:10216000030A03F003039A4518BF012618F0100F65
:1021700003D1636843F48013636018F4804F03D085
:10218000636843F000736360C8F34008B9F1000F5F
:1021900038D005F53E7003304946162200F058DB72
:1021A000B8F1000F03D099F80180C8F3800899F8BE
:1021B00001301A0703D5636843F08073636099F8B0
:1021C000023013F008030ED0039A41F61001D2F842
:1021D000083140F608425B8E03F44043B3F5404FAC
:1021E00014BF0B461346A5F8DC320BE02846214607
:1021F00006222DF0CBDE2846214636F09FDB3E46F8
:10220000B84619E01022F91C0DF1250000F020DB82
:10221000D5F8843404A8997873F0E4DED5F8681210
:10222000284624F095DEFF230190002204A80093A5
:102230000146134673F05ADEBBF1000F11D06368FC
:1022400013F4803310D009AA0023E11812F8010F0B
:1022500091F85110884206D10133102BF5D100239B
:1022600002E05B4600E00123626802F48031C2F3C1
:102270000042934500D163B104F1510029B10DF141
:102280002501102200F0E4DA02E0102200F064DB05
:102290000126B8F1000F03D0636843F400236360A4
:1022A000029B434500D146B1D5F8843493F87B3086
:1022B0001BB9284621467BF085DA0FB0BDE8F08FC8
:1022C00000F506612DE9F041093104464AF0D6DFF8
:1022D00094F872380546002B74D0002872D06A2119
:1022E000206948F0CFDC460006F114084146206919
:1022F00048F0C8DC002207464146206949F004DB6B
:10230000380406D4304831493A46BDE8F04100F07F
:10231000499BD4F88484012388F86D3198F82831DA
:102320003BB1A068D8F8301111F044DE002388F8E2
:102330002831204629460CF0C2F998F81D3153B1D6
:10234000012388F82831A068D8F83011D8F8242162
:10235000002311F009DE206906F1160148F092DC35
:10236000B4F8703883422DD10022134679B2284642
:10237000D5F810615BF094DC28465BF0D7DBAB79D5
:102380008BB9D5F81421D5F80831128A5A852B7CDF
:102390004BB1D5F8EC30990405D473791BB92846B4
:1023A000012144F0E5DA0023B37194F80C22D6F849
:1023B000F0309A4206D0284684F80C32BDE8F0414D
:1023C00024F04A9ABDE8F0811B5A8900F14D89003A
:1023D0002DE9FF4104460D4616461F460A994BF06B
:1023E00017D82046294632463B46FEF761F9B0F140
:1023F0000008C0F2A18023685B7E4BB9206956F0CB
:102400002BDC28B1A06811F0DBDD4FF0FF3893E042
:102410003EB1032F05D903A83146042200F018DA93
:1024200001E000230393342D18D008DC022D11DBCA
:10243000032D13DDA5F11B03012B0BD80EE0D62DC8
:102440000CD001DCA32D04E0FB2D07D040F20B13D0
:102450009D4203D0002E65D0002F63DD3E2D02D0BB
:10246000402D62D135E023681B7E002B60D0D4F86C
:102470008424039992F81C318BB1CBB282F8463197
:10248000D4F884241172D4F88424206992F8AC1012
:10249000012200920192002249F0C0DB3FE0204679
:1024A00049B27DF095DEB0F1000845DBD4F8843404
:1024B000039A20461A722CF095DF20467DF028DF23
:1024C0002046D4F8B0141EF051DA204624F038DA51
:1024D00032E0039B5A1C042A2CD8013301D1032378
:1024E0000393D4F88434039993F81C2172B1C9B2D0
:1024F00083F8AD10D4F88434002293F84531206974
:1025000000920122019249F089DB04E0236AC9B2FA
:10251000186965F07BDAD4F88434039ADA714FF0E5
:10252000000809E06FF0010806E06FF0160803E00C
:10253000984601E06FF01C08404604B0BDE8F08109
:102540002DE9F341089C07460E461546984600942F
:10255000FFF73EFF10F12F0F0CD010F1170F0BD12A
:10256000384631462A464346089402B0BDE8F04159
:1025700018F0B09B6FF0160002B0BDE8F08113B503
:1025800004462CF011D820461CF0B8DBD4F8843473
:10259000012293F8AD10206993F846310092019220
:1025A00049F03CDB206902B0BDE8104056F0669B64
:1025B00037B5036804465B7E002B40F01A81006942
:1025C00056F04ADB002840F01481236893F820304D
:1025D00033B9206947F072DE2368012283F8202096
:1025E000206905F012FE236893F8693113B1204683
:1025F0004BF042DCD4F88434032293F8513000923B
:102600008022002B14BF134600232046042126F00D
:102610004FDA2368DB6EE3B9206948F0CFDF093079
:1026200017D12268D36E13F0020512D143F00203D2
:10263000D366D4F86432595941B18B7933B94B79A7
:1026400023B10B7C13B120464AF05EDC0435202D0B
:10265000EFD12368DB6E1BB1204619F087D9C6E0A5
:10266000206948F0F7DC206990F934114D1C03D142
:10267000012148F0EDDC01E048F042DC0123637603
:10268000204627F0ABDD23682046596B03230093D7
:1026900021B14FF480720021134602E04FF48072A2
:1026A0000B4626F005DAA06811F006DD236801224A
:1026B0001A7694F8CF3173B120462CF093DED4F81B
:1026C00054332046598E2BF0BFD9002384F8CF31E4
:1026D000204624F035D9D4F844260321204624F09E
:1026E00033D9204616F0E8DBB4F83415204629F03B
:1026F00095D9206948F04EDF03232022009320461D
:102700001346012126F0D4D9236893F82F301BB14A
:10271000D4F818053BF0AADF20461DF08BD82046E0
:102720007AF0D0DD01254FF47A72D4F8E811012354
:10273000A06811F019DCD4F89C0184F82A5280F0CA
:1027400001DE20467DF0E4DDD4F88434204693F9A0
:10275000121017F0F1DD20462DF034DD20462DF06B
:102760001DDD204629462DF0BFDDE36884F8605664
:10277000D3F82421294642F04002C3F82421236AD9
:102780000022186965F048D9236884F88C5693F8BC
:10279000693113B120464BF0AFDB6A21206948F064
:1027A00071DA003018BF012084F873087E21206997
:1027B00048F068DA421E92B24FF6FD739A4206D88C
:1027C000430001304000A4F85038A4F85208B4F88F
:1027D000501821B12046B4F870272DF065DFB4F809
:1027E000521849B12046B4F854282DF05DDF00207E
:1027F00003E06FF0080000E008463EBD2DE9F04F11
:10280000B5B0DDF8FC800D93B8F80A700D46ADF850
:1028100058701146BFB29146129704461AF09ED8DE
:10282000B9F81670C0B21A97B9F8047010900D99E3
:1028300048461B9773F056DC419F4FF0000A87F81B
:1028400000A008F10C071597409F0F900C3F1897B8
:10285000109FDDF860B00C97159ECDF844A0CDF820
:1028600024A0CDF864A0CDF828A0CDF838A0CDF8EC
:102870002CA0CDF850A0CDF84CA0CDF820A0CDF8DC
:102880001CA02F464FE03378951C2D2B21D007D864
:10289000012B13D043D3032B12D02A2B40D114E0A9
:1028A0003D2B1DD005D80899322B08BF3146089121
:1028B00036E04A2B1BD0DD2B32D11FE007962FE0EC
:1028C000B2784FF0010A0C922AE0B31C13931492D1
:1028D00026E0204631462A4658F03ADA0A901FE0B0
:1028E000204631462A4658F009DA0E9018E0204674
:1028F00031462A4657F09CD9199011E0032A0FD986
:10290000B01C04229149FFF38FF7119B002808BFE8
:102910002B461193099B08BF3346099300E00B96A1
:102920007619C5EB0B0BBBF1010F03DD7278531C5D
:102930005B45A8DB3D46099F3FB10A9F2FB9204662
:102940000999119A58F0B8D90A90002D7AD1129F9E
:10295000BE0740F1DA830B9B002B00F0D6832046A4
:10296000991C5A784AF00EDD3190002800F0CD8392
:10297000037C002B40F0C983037A002B00F0C58351
:10298000D0F80831588E01F06FDC0C9F874240F080
:10299000BC83319F2046394617F054DD002847D0CC
:1029A000384649460D9A43461DF09ADF00283FD02D
:1029B00040993E9BD7F8046103F110020191204633
:1029C00049460123CDF800800296FFF739F9002827
:1029D00030D1B6F830B0BBF1000F2ED1216AD4F857
:1029E000843450315A469B7806F1380073F052D93E
:1029F0004099384600910D9A4946434643F034D9F0
:102A0000CDF800B0CDF804B03B7C2046D3F10103F3
:102A100038BF002302937D22394607F1DC03CDF84D
:102A20000CB0CDF810B01EF08DD901220B9206E04B
:102A30000B9504E000230B9301E000210B914FB3B1
:102A40003D4601E000270B971A9F3E9917F4404F2F
:102A50000CBF4FF0000B4FF0010B01F10A072046AD
:102A600029463A465B467AF04DDB064600BB2B7C96
:102A7000002B40F04D83204629463A465B467AF0CB
:102A800043DC0646002800F04383204631467AF0B6
:102A9000ABDA0DE094F88E32002B00F039833E9FC4
:102AA000204607F10A0131AA7AF0D6DA064610B1BB
:102AB0007368D80720D4089F27B17878B91C27F00D
:102AC0007BDD58B9079F67B1B91C787827F074DDB2
:102AD00010F1000B18BF4FF0010B04E04FF0010B99
:102AE00001E0DDF81CB066B1BBF1000F07D17368DF
:102AF00043F00103736004E04FF0000B01E04FF07E
:102B0000010BCDB1AB79DBB92B7A0BB3D5F808311A
:102B10005B8E079303F46053A3F5C052534243EB1B
:102B200002030798089301F09FDB0C9FC11B4842EA
:102B300040EB010009900EE00895079509950AE021
:102B4000002708970797099705E000BFFE370100A7
:102B5000089307930993B4F88E32002B7FD0236A31
:102B60005B7DC3B10C9FD4F87C040E2F8CBF4FF457
:102B70004042002247F48051129F114307F0200386
:102B8000D3F1010338BF00230193139A149BCDF8AE
:102B900000B071F0CDDE236893F84F309B0712D060
:102BA0000C9FD4F880040E2F8CBF4FF440430023B9
:102BB00047F48051089F19430E9A0A9BCDF800B044
:102BC000019772F0D9DB94F88E32002B47D00021A8
:102BD0000C222EA8FFF3C0F6944B1CAF2E93944BFF
:102BE0003846002128222F933094FFF3B5F6BDF824
:102BF00058100DF1980CDDF830E0ADF87610604615
:102C000000212022CDF818C01C968DF874E08DF8B4
:102C100078B0FFF3A1F62D970D9F236827973E9F6D
:102C200093F84F302897109F03F003038DF8A87096
:102C30000F9FDDF818C02B97159F8DF8B0300197C6
:102C4000189FD4F89406002190222EABCDF89890CE
:102C5000CDF8A480CDF800C0029756F0E7D994F8DB
:102C60008C32002B00F05682099F002F00F0528218
:102C7000236893F84F20970700F08A800E9F002F5B
:102C800000F086800A9F002F00F0828093F8A93020
:102C900033B1D4F87801294653F0F2DC002877D11B
:102CA0000E9F20467A78397824F0ACDC079F0346E3
:102CB00017F4404F0CBF002201220A3254F82220A0
:102CC0001192D5F8082162B1D28812F0200208D002
:102CD0000A9F3A7812F0020203D00E9F7A78C2F36C
:102CE00080020992BAF1000F0BD1109FDAB2BA42FA
:102CF00007D01846069301F0B7DAB842069B40F0B9
:102D00000982D5F80821002A2DD01846069301F033
:102D1000ABDA0746079801F0A7DA8742069B22D173
:102D2000D5F80821528E9A4232D0002E30D02A7A1D
:102D3000002A2DD0204611992A4625F055DEFF287D
:102D4000074600F0E781DDF824E0204629463A46B0
:102D50005FFA8EF315F088DED0B1204629463A4658
:102D60002DF0C6D914E0BAF1000F11D01846069321
:102D700001F07ADA0C9F069BB84200F0CB8103F495
:102D80006053B3F5805F03D0B3F5C05F40F0C281FC
:102D9000419F01233B702368D5F818A193F84F3069
:102DA000980716D0AEB10A9F37B1199F20460097F9
:102DB00031460A9A0E9B0AE02B7C53B97368D903FB
:102DC00007D50A9F2046009731463A463B4617F002
:102DD00075D92B7C002B00F0BF803E9F0D9B2046B9
:102DE00029464A468DE8800115F02ADF236893F8CA
:102DF0003B3043B10D9F2046294632464B468DE875
:102E000080015EF013DA9AF809301BB128460021E0
:102E10002BF028D99AF80D30DBB1D4F830371A6886
:102E20000AB11F7A37B12846002110E0F1CF8100A6
:102E3000F5CF810004F020D9D4F830371A69821A0E
:102E4000B2F57A7F05D901221A72284639462BF04D
:102E500001DCD4F830371B68002B48D01B9F0123BE
:102E6000C7F3C0120F9920461EF08EDB98F802308F
:102E700098F801101B0443EA012398F80010B8F8F1
:102E800008700B4398F80310024643EA016332933B
:102E900098F8063098F805101B0443EA012398F8C7
:102EA000041034A80B4398F80710002F08BF6427BC
:102EB00043EA016340F8043D32A900F0E7D93846FF
:102EC000329A339980F05ADAD4F83037BF021A6850
:102ED000BA1A90420BD95A68BA1A904207D23F1ACE
:102EE0005F60D4F84401294601225FF0CFDC236AF9
:102EF0005B7D2BB1129F2046C7F380212CF076DA40
:102F0000D4F85801079950F0B7DD80B1D4F85801D2
:102F1000079950F0A7D9236A186964F0F5DE079F76
:102F2000B84204D1002120460A4625F079DE4A46FF
:102F30000D9BD4F844012946CDF800805FF06ED88F
:102F4000D5F8EC309A0458D5D4F84C0129464246BD
:102F5000409B63F0F7DF50E0BBF1000F03D1129FFD
:102F6000C7F3401300E00123DBB23EB1726813B136
:102F700042F0040201E022F004027260226A527DF3
:102F80004AB10193D4F87C042946139A149BCDF8D6
:102F900000B071F025DD236893F84F309B070AD00D
:102FA000089FD4F8800429460E9A0A9BCDF800B0F9
:102FB000019772F039DA0B9FFFB9D4F868329D425D
:102FC0000CD0284649460D9A43461DF089DC28B1AD
:102FD000284649460D9A43462CF0BEDA94F88E32C4
:102FE0005BB9D4F868329D4207D1284615F090DECF
:102FF00018B1204641461BF02BD800210C222EA8E8
:10300000FFF3AAF4454B1CAF2E93454B0021282219
:1030100038462F933094FFF39FF4BDF85810DDF835
:1030200030E01C9626AE2022ADF876103046002106
:103030008DF874E08DF878B0FFF38EF42D970D9F26
:10304000236827973E9F93F84F302897109F03F0EF
:1030500003038DF8A8700F9F8DF8B0302B97159F44
:1030600080220197189F2EABD4F894062946CDF8FC
:103070009890CDF8A4800096029755F0D7DF9AF883
:103080000230013BDBB2012B13D8AB798BB92A7C20
:103090007AB1D5F8182192F86C20022A09D14FF0A4
:1030A000FF3201922046294605F1DC02009329F007
:1030B0007DDD0F9F17F0407F01D1384602E00F9869
:1030C00072F08EDE00F07F0002280AD0042808D0BB
:1030D0000B2806D0A0F1160CDCF1000040EB0C0030
:1030E00000E001200190B9F80400B9F80610800B47
:1030F000029001200022039099F91C302046090A11
:10310000009204950BF00DFB04E000270B97C1E43F
:103110000026D0E435B0BDE8F08F00BFF1CF8100CC
:10312000F5CF81002DE9F04F91F91530A1B00025C0
:1031300004468A461E951F9573B11BF0D7DD58B122
:103140002368BAF81C20D3F88830D3F8C8118A183D
:10315000C3F8C82100F0A3BCBAF80230606803F0DD
:103160000703052B0B900A9300F2A48463690A9964
:1031700053F82100002800F09D849AF81820022AB4
:10318000089200F08984714B0221DB6B98478146DD
:1031900038B920460A9914F0BDDE8146002800F0B7
:1031A00089842046494611AA23F0FEDF236893F85C
:1031B0009C30012B06D0BAF80220BDF848309A4264
:1031C00040F07384B9F80E30614E03F007030993A1
:1031D000604DF35C4946EB5C11AA0C93189B0D9370
:1031E00018881EAB0E90009320461FAB18F094D9A0
:1031F000236893F84F309B0717D011A81BF0A4DC6D
:1032000038B12368D3F88830D3F8A4220132C3F848
:10321000A42211A81BF0AADC38B12368D3F88830A7
:10322000D3F8AC220132C3F8AC22D9F818305D05CE
:103230006CD511AD204629462CF040DE08BB534624
:10324000D4F834011E994A46009534F05DDB2368BA
:1032500093F8E130002B59D01E99002956D0BDF8C3
:103260005000BAF802200090BDF84E30D4F8F806AD
:103270007AF086D8D4F85C011E990C9A7AF0D2DBE9
:1032800044E01F99A1B1089A072A11D1D1F8EC3076
:1032900098030DD4D4F84C0163F0C0DC28B9D4F8FD
:1032A0004C011F9963F01CDD10B11F984AF0F2DA4F
:1032B00011AB0093D4F8340153461E994A4634F0BA
:1032C00085DA2368054693F8E13093B11E9981B100
:1032D000BDF85000BAF802200090BDF84E30D4F886
:1032E000F8067AF04DD8D4F85C011E990C9A7AF061
:1032F00099DB1F98002800F0D2838379002B40F0DF
:10330000CE830AF108016FF0B9DBC8E3204611A9AA
:10331000D9F834701BF040DCBAF81C60FF0E07F0DF
:1033200001070F90BAF81A80E6B12368D3F8883005
:10333000DA68013A9219DA601E9B9BB167B1D3F843
:103340002C22013A9219C3F82C220BE010A7880016
:10335000BAD588006CE18800D3F83822013A921976
:10336000C3F83822B8F1000F06D02368D3F88830AC
:10337000DA68013A4244DA600E98494600F4806304
:10338000D3F1010338BF00230B98079300F016DE3A
:10339000D9F818509AF91930C5F3C06B002B00F01A
:1033A000868023681E98D3F88830D3F8A82101328C
:1033B000C3F8A821D3F8C821013A9219C3F8C8214B
:1033C00028B103691BB1DB68DA6B0132DA63012EC5
:1033D00005DDD4F88C54013DAD19C4F88C5407991F
:1033E00000294DD02368D3F88830D3F8D821013292
:1033F000C3F8D82128B103691BB1DB685A6B0132CD
:103400005A6301230999002208F065F8D4F88C3436
:103410007BB12368D3F88830D3F8B4210132C3F8E4
:10342000B4211E9B2BB11B691BB1DB68DA6A013228
:10343000DA62D4F88C34012B14D923681E98D3F89F
:103440008830D3F8B8210132C3F8B82128B1036914
:103450001BB1DB681A6B01321A6309990C22012334
:1034600008F039F81E9B5BB12FB1D3F82822013246
:10347000C3F8282204E0D3F834220132C3F83422FE
:103480001E9B13B12268926A9A621F9B002B00F068
:1034900015829A79002A40F01482197C002900F0E4
:1034A0001482D3F8103101259A7190460FE215F479
:1034B000825543D023681E98D3F88830D3F8A821CA
:1034C0000132C3F8A82128B103691BB1DB68DA6BAC
:1034D0000132DA63079A0AB32368D3F88830D3F845
:1034E000D8210132C3F8D82128B103691BB1DB68A8
:1034F0005A6B01325A6301230999002207F0EBFF4E
:103500001E9B5BB12FB1D3F828220132C3F82822C9
:1035100004E0D3F834220132C3F834221E9A002A80
:1035200000F0D8811F9B002B00F0DA819D79002DDF
:1035300040F0DC8123689B6A9362D8E1089B032BEF
:1035400009D0042B0CD12368D3F88830D3F810228B
:103550000132C3F81022A8462F460126AB46DDE112
:103560000898052829D123685A6BD3F88C103AB1F2
:10357000B9F80E20954802F00702825C9448825CFC
:10358000143201EBC2014A68D3F8883001324A6034
:10359000D3F8A0221E980132C3F8A0220999042270
:1035A000012307F098FFB4F83455002D00F0A381F3
:1035B000204623F0DFDA00259DE10899012916D184
:1035C0001F9B93B19B7983B11E9B73B11A7DD20768
:1035D00004D493F824309B0740F165822046494685
:1035E0005246079B3CF09ADC4BE0089E4DE0089A5F
:1035F000062AB0D0072A51D11F99002900F0538222
:10360000D1F8EC309F0040F14E829E030DD4D4F8E7
:103610004C0163F003DB28B9D4F84C011F9963F027
:103620005FDB10B11F984AF035D91E99002900F0D0
:103630003A821F9B9B795BB191F824309D0707D597
:103640008B68580604D50122204613463CF0B4DBB3
:10365000D9F81830590544BF43F48073C9F81830BD
:10366000D9F8183023F40043C9F818301F9BD3F859
:10367000EC309A0340F1178220461E994A4625F005
:10368000BBDB0646002800F03A81002520460AF1FF
:1036900014011BF021DBA8462F465FE7BAF806307D
:1036A00033B12368D3F888309A6B01329A6352E7BA
:1036B0001B9B1B78DB0741D57EB12368D3F888308C
:1036C000D3F8A8210132C3F8A8211E9B2BB11B6996
:1036D0001BB1DB68DA6B0132DA63079B002B00F069
:1036E000138123681E98D3F88830D3F8D82101328B
:1036F000C3F8D82128B103691BB1DB685A6B0132CA
:103700005A6309990022012307F0E5FE002E00F01C
:10371000FD8023681E9DD3F88830D3F8AC21013298
:10372000C3F8AC21002D00F0CD812D69002D00F0F3
:10373000C981EB689A6B01329A63C2E11F9B002B2F
:1037400048D09A79002A45D11B7C002B42D00D9895
:10375000037CDD073ED53EB12368D3F88830D3F82B
:10376000A8210132C3F8A8210799002900F0CC80D4
:1037700023681E98D3F88830D3F8D8210132C3F8D3
:10378000D82128B103691BB1DB685A6B01325A6337
:1037900009990022012307F09EFE002E00F0B6805A
:1037A00023681E9DD3F88830D3F8AC210132C3F8CA
:1037B000AC21002D00F086812B69002B00F07C816C
:1037C000DB689A6B01329A6376E100BFBAD5880054
:1037D0006CE188000F9AB4F86A341AB1984503DA9C
:1037E000B4F86C349E4261DB22680798D2F88830C6
:1037F000D3F8C851AD19C3F8C851002800F089802A
:10380000D3F8B0110131C3F8B011D4F8843493F86F
:103810001D1109B3D4F868128979E9B992F86421C5
:1038200022B193F86D210AB183F86D11D4F8841494
:10383000204601F582710BF048F9D4F88434012256
:1038400083F82821D4F88434A068D3F83011D3F851
:103850002421002310F088DB1E9860B12FB1D0F82E
:1038600030320133C0F8303230E1D0F83C3201332D
:10387000C0F83C322AE101230999082207F02BFE07
:103880001E9B2BB11B691BB1DB689A6A01329A62DD
:10389000002502238DE8280020461F9914221B9B37
:1038A0000295039504951DF04DDA33E02368002559
:1038B000D3F88830DA690132DA614CE6012598469E
:1038C00005E001254FF0000801E0012588462F465C
:1038D0002E4623E00127154690463E4693461DE0BE
:1038E00001271D4698463E469B4617E000250127C6
:1038F000A8463E4632E6A8462F4601260EE005467B
:1039000080460746834609E0079DDBE03546B04622
:10391000D9E0079D4FF001082F464646B4F83435EC
:1039200043B1D4F838352BB10899052902D0204687
:1039300023F00ED9BBF1000F4ED01E9B002B4BD0B5
:1039400011A81BF001D99DF84E30834603F0030304
:10395000023BDBB2012B04D8204611A92CF0B6DAC9
:1039600000E0FF200A9A032A0AD85B498B5C04EB2B
:103970004303B3F83622130903F00F03120B03E0DD
:10398000B4F86E34B4F87024009200220392BDF8AB
:103990004C200190C2F300320492D4F85C011E99CD
:1039A0005246CDF808B07AF0BFD8236893F8E130DA
:1039B00093B11E9981B1BDF85000BAF80220009071
:1039C000BDF84E30D4F8F80679F0DADCD4F85C01B2
:1039D0001E990C9A7AF026D820460A9901222CF0DA
:1039E000E7D81E9860B15EB1E368D3F88021D9F8BA
:1039F00030309A4204D91DB10999D21A07F079FDE5
:103A00001F9DB5B10AF1140120462CF03DDB0146A3
:103A100028462CF0EFDB0E9A02F0FC03082B01D0B5
:103A2000882B06D1079B23B11F980AF108016FF07C
:103A300025D81E99C9B10B7DD80716D41F9BA3B1F9
:103A40009A7992B91A7C82B11A7A72B1D3F8EC20C1
:103A500092040AD4D3F810315B7933B92046524628
:103A60003B46CDF8008043F075D97EB10AF11401D0
:103A700020462CF009DB49460246D4F8880463F05E
:103A80001DDE0B984946012203F0B2DF079828B1EA
:103A90000025C4F88C5402E0002500E0079D28466C
:103AA00021B0BDE8F08F0126EFE50B9849460122D1
:103AB00003F09EDF0125F2E7D5F868310133C5F840
:103AC00068310025A84601273E4627E7D0F84C314B
:103AD0000133C0F84C31CEE66CE188002DE9F04F9F
:103AE000002BB5B007930CBF04230A230993079B4F
:103AF00015690DF12C0918BF2023044615AF88461F
:103B000093460021282248460693D5F80C610DF112
:103B1000B80AFEF321F7002128223846FEF31CF7ED
:103B200000210C225046FEF317F7336B20468DE838
:103B300008042946069AF36ACDF8B8902F9714F036
:103B4000F3DD002840F0F880B8F80630D80715D526
:103B5000216A4B7D93B10A6D0CA854310B92FEF390
:103B600077F6D5F8EC30990405D5D4F84C01294600
:103B70004A4663F08BD90023159308E015AB0093F8
:103B80002046294608F138020BAB26F021DCF36A07
:103B900083B128A800211822FEF3DEF6F36A2D94E3
:103BA0002893336B2993674B2B93674B2A93674B6F
:103BB0002C9328AB1FAF0021242238460893FEF334
:103BC000CBF60BAB00210822219331A815AB229331
:103BD000CDF87CB0CDF88080FEF3BEF62368294690
:103BE00093F84F2034AB12F0030218BFDBF8042027
:103BF000D4F8940618BFC2F3004203F80C2D0093CA
:103C0000069A089B329755F0E9D9099B069900EB73
:103C1000030A33AB02932046424605F1E2038DE8E6
:103C2000000523F03FD8074630B920463946B5F89D
:103C30002E2140F015DB80E0204629464246DDF883
:103C4000CC901CF05BDBA9F80000738CA9F8023063
:103C5000339B04333393079B13B9AAF1040A13E08F
:103C600006F124094846FFF3E3F410B933984946B6
:103C700002E0339805F1F8010622FEF3E9F5339BE3
:103C8000AAF10A0A0633339331AB0093339BD4F87D
:103C9000940601932946069A089BCDF808A055F092
:103CA0000BD9814628B160683946012203F0A0DEB5
:103CB00042E0339B009001900290039320462946F6
:103CC00057224B46CDF810A01DF03CD8706B18B1B0
:103CD00003F06ADEC6F83490079B23B1339B0AF1E8
:103CE000060A063B3393339B0AF1040A043B3393E1
:103CF000079B504686F83C3003F044DE706308B9F9
:103D0000B06305E033995246FEF3A2F5C6F838A039
:103D1000B8F862300095C3F3401301930023029377
:103D2000039339462046D4F8BC255B4626F09AD941
:103D3000002808BF002700E00027384635B0BDE85E
:103D4000F08F00BFCDCE8100DDCE8100FDCE8100A1
:103D50002DE9F04F95B0064606910792209C219DD3
:103D6000D0F800909B46002B00F0B380ECB91E9A6F
:103D7000012A1CD11F9A931E012B18D8032A16D191
:103D8000002D40F0AB80C36E5A1C05D01C3350F898
:103D90002350002D40F0A28048460021B6F82E2185
:103DA00040F0D6DD4FF0000894E0002500E0254605
:103DB0004FF0B00806270DF1200A002124225046BA
:103DC000FEF3CAF51E9B1F9A0893229B099211A825
:103DD00000210822CDF828B00B930594ADF83040AF
:103DE000FEF3BAF5CDF848A044B1089B032B0FD1E0
:103DF0004C2C0DDB4D2C01DD7E2C09D111AB009339
:103E0000D9F894063146B022002355F0E7D83F1880
:103E1000079B41468DE8880013AB02934846069AFB
:103E200006F1E20322F03EDF8046002852D075B151
:103E30000023009301932A46139B4846314658F0CD
:103E40000DDC95F90E30139AFF1AD21813921E9BAF
:103E5000DDF84CA09AB2AAF800201F9BAAF8023005
:103E6000059BAAF804300AF1060313933CB1032A18
:103E700017D14C2C15DB4D2C01DD7E2C11D111AA54
:103E80008DE80C00063F0297D9F894063146B0221F
:103E9000002355F011D824B9BDF830300BB1AAF881
:103EA0000430B37913B1F368DA6801E0D9F8BC25BE
:103EB0009DF88C30414601930023039348465B46AE
:103EC0000096029526F0CED8002808BF4FF00008D3
:103ED00000E09846404615B0BDE8F08F95F90E70A9
:103EE00044F2B008063766E72DE9F0470446A4B06F
:103EF00090469A460D4600296DD0D1F86433002BC8
:103F000069D004AF0EAE33463A460DF1600923F096
:103F10001BD9002124224846FEF31EF5236A002106
:103F20006533082221A81893CDF864808DF868A025
:103F30001B971C96FEF310F52368CDF8889093F834
:103F40004F3013F0030307D0D5F8EC3003F480535F
:103F5000D3F1010338BF002324AF07F80C3D2946F5
:103F600040220023D4F89406009755F037D82D9BB3
:103F70000190009323AB02938046402120462C9A67
:103F800005F1E20322F08EDE064620B3239BD4F82F
:103F9000940601932946402200230097CDF808801B
:103FA00054F08ADF28B160683146012203F020DD39
:103FB00011E0D5F8EC3013F4005306D0D4F84C01DE
:103FC0002946324663F0D8D905E020463146D4F878
:103FD000BC2528F0DDDD24B0BDE8F0872DE9F043F5
:103FE00090F8A03787B004462BB1002380F8A037A3
:103FF0004FF0010800E0984623681A7E32B9B8F104
:10400000000F00F03B822046022135E2206954F087
:1040100023DE18B1A0680FF0D3DF27E220461BF0A3
:104020005DDB236A20461F69D4F86832D3F8142177
:104030009D79167C1CF0FCD9031C18BF012338465F
:1040400071B22A4663F094DC94F88C36ABB12369E4
:10405000D3F88830D3F8245115F040050DD120460F
:104060002BF0C0D9236A84F88C56186929462A4651
:1040700063F0D2DC204622F063DC236820469A6A93
:1040800001329A621CF0D4D918B9D4F8843483F878
:10409000290120460AF0B7FD236A186965F05AD84D
:1040A0000146204659F028DD236A186965F00CD9CD
:1040B0000146204659F0D8DC236893F93D307BB1A6
:1040C000D4F8240103A9002278F098DB01E0002352
:1040D000C361D4F8240103A978F0A6DB0028F6D147
:1040E00094F8D4314BB1204616F03EDB28B194F859
:1040F000E43113B1013B84F8E431204626F082D844
:10410000204617F01DDC204626F0D6D894F8D4318E
:1041100013B1204624F068DA2368DA6E002A40F0F2
:10412000A58193F8693113B120464BF023D920467D
:1041300047F030DB236893F82F20CAB193F8303072
:10414000B3B120461CF09CD890B1D4F8641200237F
:10415000CA582AB1907918B1507908B112791AB1B8
:104160000433202BF4D103E0D4F818053AF07EDABA
:10417000D4F828351B68A3B120462AF0CFDCD4F848
:1041800028355A681B68B2FBF3F103FB112313B9FE
:10419000204615F089D8D4F828355A6801325A607B
:1041A0000AE023689A6A1E23B2FBF3F103FB112392
:1041B00013B920462AF0B2DC94F88C3243B194F85B
:1041C000F034013BDBB2022B02D8204615F048DE6A
:1041D0000025D4F864325F591FB3BB790BBB3B7A1F
:1041E000FBB1D7F818319B7ADBB1384625F090DE69
:1041F000B8B13B7CABB1D7F818319B7A8BB13B7A25
:104200007BB107F1DC063046FFF312F2034640B9FA
:104210004FF0FF320090019220463946324628F096
:10422000C5DC0435202DD4D1204616F003DB236AEB
:104230005B7DB3B123689A6A3C23B2FBF3F503FBC1
:10424000152575B9D4F86432585938B183792BB92A
:10425000037A1BB1037C0BB917F028DC0435202D41
:10426000F0D120462AF038DC20B9D4F8180539F00E
:10427000A9DF38B1236A20211869002264F03ADDF1
:10428000002604E0236A202118690122F6E7D4F809
:1042900064329D59FDB1D5F8A83013B1013BC5F882
:1042A000A830D5F8AC701FB1013FC5F8AC7012E072
:1042B000AB7983B12B6D99070DD595F8A43053B127
:1042C00002F0DADED5F8B01040F052DE18B1C5F8D1
:1042D000A87085F8A4700436202ED8D1B4F85037D1
:1042E0001BB1013BA4F8503702E0204622F076DDF6
:1042F000002635460BE0D4F8C4329B195B6A23B123
:10430000D4F8C82252F8250098470135383623687A
:1043100093F8B4209542EEDB93F83B5045B193F807
:104320003C502DB194F8FC5515B1E368D3F8805199
:104330000026D4F8643253F80690B9F1000F40D04B
:1043400099F80630002B3CD199F80830002B38D072
:1043500099F85633DA0704D52046494699F854238C
:1043600005E0980705D599F855232046494624F0DD
:10437000A7DB94F8FC3523B399F804300BB3D9F8D4
:1043800018314A461978204629F02CDE236893F824
:104390003B20B2B193F83C309BB194F88E3283B994
:1043A000D9F80831D4F85001DF8D93F86030BF029E
:1043B00001335F4399F844102B463A465CF066DFC0
:1043C000ED190436202EB4D1236893F83B206AB14E
:1043D00093F83C3053B194F88E223AB994F8FC35F6
:1043E00023B1D4F8500101215CF07ADF002384F876
:1043F000FC352268D4F88434926AB3F89E30B2FB5C
:10440000F3F103FB112313B9204609F095FAD4F810
:10441000683223B1D3F818210AB112781AB1D4F84E
:104420006402002202E01B7ACBB9F8E7835893B10B
:104430009D79D3F8EC1015B1890405D40BE011F483
:10444000005F08D0C90306D4197A21B1D3F8183116
:104450000BB11B781BB10432202AE7D103E0A0681E
:1044600002210FF027DE204619F0ECDFB8F1000F33
:1044700004D02046022100222BF050DF07B0BDE817
:10448000F08300002DE9F04F92F82A301446B2F87C
:104490001CB08DB006460D46D0F804A00F695269D5
:1044A0002BB1936894F8228003F11A0903E0926813
:1044B000984602F11809A368072B0DD930464946E2
:1044C00013F0E8DC40B1B9F806304FEA132949EAA5
:1044D00003291FFA89F901E0B4F8089095F824300F
:1044E00003F01203022B0DD148F68E03994509D132
:1044F0002068D7F8081110300622FEF395F1002845
:1045000040F0C88394F82C30EBB9A38B1B051AD567
:104510003368D3F88830D3F84C230132C3F84C23E6
:10452000D5F824220132C5F8242205EB4802B2F85E
:10453000A410B4F87E20914205D1D3F8BC210132F9
:10454000C3F8BC21A6E3BB79CBF3802B002B32D17F
:10455000D7F818311A7B92B194F82C207AB9BBF1B4
:10456000000F0CD195F8CA10626A51FA02F2D00716
:1045700005D43846A18B029317F05CDB029B3268AE
:10458000526BC2B11B7FB3B194F82A309BB194F83F
:10459000283083B10021384629F008DAD7F8EC300A
:1045A000990408D5A28B12F4005204D1D6F84C011C
:1045B000394662F003D9238C5A0700F16B83A38B31
:1045C00003F4804363633BB93A6D40F23713134001
:1045D000EBB197F85830D3B10023A363304623469C
:1045E00051462A46CDF800807AF042DB636B40B931
:1045F000002B00F04F83D5F864310133C5F86431E6
:1046000048E323B1D5F860310133C5F8603194F83F
:104610002C3043B908F15003B4F87E0005EB430396
:104620009A88988000E0002294F82C3043B36369A4
:1046300094F82A209B680AB11A3300E01833B9F5C0
:10464000006F40F06E81A268072A40F26A811A7AF0
:104650001209042A40F065819A6912BA002A00F012
:1046600060815B7C012B40F05C8102F07043B3F110
:10467000604F00F05681D2B2FF2A40F00B8350E128
:10468000B4F87E0008F1180910F00F0340F0A38081
:1046900005EB8909D9F8041079B11A4650460293FE
:1046A00003F0A6D9029B05EB8802C2F8843008F11A
:1046B0004A02C9F8043045F82230BBF1000F00F07F
:1046C0003081E3686269039305EB88035A66A16B46
:1046D00031B105F51C70053014311022FEF3B8F02D
:1046E00063699A685868510DC0F3140E9889DB8885
:1046F00049058E44C3F34A133168013302EB000CC1
:104700007344C969CCEB0303CEEB020E896803EB5B
:104710000E021018884234DA5046FBF791F808F17F
:10472000180905EB8909C9F80400002800F0B282D5
:10473000626980689168536821F07F4E2EF4600EA4
:104740009289C3F31403C3EB0E03C91A9A18FEF33C
:104750007FF061698B684A6823F07F4323F460032C
:10476000C2F314029A1AD9F8043098688018986035
:104770009889821A9A81888900229881504603F08C
:1047800037D9D6F8E015039B05EB880259186FF06E
:1047900005035B1A3168A148C96989685B18C2F8CA
:1047A000843061680822FEF33FF06B6810B943F073
:1047B000080301E023F008036B6099486168082250
:1047C000FEF332F0AB6810B943F0200301E023F0B0
:1047D0002003AB60A5E005EB8901496800293ED0C4
:1047E000504020F00F0020B902F00F020132934236
:1047F0000FD00022504603F0FBD808F1180205EB59
:1048000082020023536008F1200205EB820253600C
:1048100021E0A16B49B105F51C700530143110225F
:10482000FEF302F0002840F0358208F1200905EB84
:104830008909A368D9F8042008F1180C93421DD9FE
:1048400005EB8C0750467968002203F0D1D800238D
:104850007B60C9F8043008F14A0845F8283033680D
:10486000D3F888301A6E01321A662B69002B00F0DB
:104870001182DB685A6D01325A650BE28DE808043B
:1048800005EB8C0CDCF80410304609F10402636877
:10489000CDF808C013F036DF50466169002203F0FE
:1048A000A7D8DDF808C0BBF1000F3AD1DCF804202E
:1048B00008F14A036261CCF804B045F823B093686C
:1048C000928903F11801C9F804B06160A2F11801DE
:1048D000A16094F829102360E26021B103F11E0168
:1048E0001E3A6160A26094F82A203AB1626884F8A6
:1048F000228002326260A268023AA2601A785B7873
:1049000042EA0323A383636B5BB1A36B4BB193F9BF
:104910000E2061688A18626093F90E30A268D31A7B
:10492000A360A36B63B11B7A042B04D130462146EC
:104930007AF02ADA04E00B2B02D120461AF0ACDB25
:10494000BBF1000F40F0C481626993695B0613D527
:10495000BB792BB9D4F88010384618316EF08ED858
:1049600063699B69180640F19581D6F830012946A4
:10497000224601F0B5F9ABE123689888D988ADF8F3
:104980001000ADF8121018895989ADF81400ADF86F
:1049900018109889D989ADF81A00ADF81C10188A3A
:1049A000598AADF82000ADF82210988A94F82910A1
:1049B000ADF8240041B1198B588B9B8BADF82810B2
:1049C000ADF82A00ADF82C30A38B13F4807F03F4EC
:1049D000007304D104A9616723B108AB05E008A9FD
:1049E00061670BB906AB00E00AAB616823679368A7
:1049F0003046C3EB010813F04DDA6369998988B139
:104A0000072940F247819A68A8F106084244C8EB9A
:104A100001089A60A3F80C80E26615E02C1D89005D
:104A2000033801000D2940F235819A68A8F10E087B
:104A30004244C8EB01089A60A3F80C802389E2661F
:104A4000190A41EA03239381A36B6BB11B7A012BF3
:104A50000AD0032B08D0304651462A46234679F027
:104A6000C7DE002800F01681A36B33B11B7A022B3E
:104A700003D1304621467AF087D997F85C339BB151
:104A8000E36E9B891A0A42EA0323934A1BB29342BC
:104A90000AD1304661690622002315F0BBDD18B14A
:104AA0003046394649F006D9626FE36E11881980A5
:104AB0005088588091889980216F0888D8804888CC
:104AC000188189885981616994F822E0C8890EF0BB
:104AD000070E20F007004EEA0000C8811178C907D0
:104AE0000BD53168D1F88810D1F8D0010130C1F868
:104AF000D001F968886D0130886597F8591061B167
:104B000095F82410C80608D49989080A40EA0121BA
:104B1000714809B2814240F0BD80D6F89811795CA5
:104B200079B195F82410C9060BD49B89190A41EA7A
:104B300003236A491BB28B4203D026398B4240F0D3
:104B4000A980BB79EBB992F8008018F0010818D160
:104B5000D7F81831384693F87420013283F874205E
:104B6000D4F8801018316DF089DF61695046FFF389
:104B700025F20121034642463846CDF800806DF00B
:104B8000FDDFD6F8D0361B68FB58002B35D01B68EC
:104B9000002B32D0D4F86C80B8F80C301A0A42EAF4
:104BA00003234D4A1BB2934227D197F8A73313B181
:104BB00097F8F6330BB350466169424612232BF047
:104BC000C1DB00283BD0B8F8103050461A0A42EA40
:104BD0000323616908F112029BB22BF0B3DB0028BA
:104BE0002DD0636BD6F8D006003318BF01233946A9
:104BF00042467DF077D900284CD17B69002B2FD01D
:104C0000D4F86C80B8F80C301A0A42EA0323324A0E
:104C10001BB2934224D150466169424612232BF0C5
:104C200091DB60B1B8F8103050461A0A42EA03230B
:104C3000616908F112029BB22BF084DB30B9336852
:104C4000D3F888305A6E01325A6623E0626B786975
:104C5000003218BF012241462B4643F0B3DAC8B9EF
:104C6000D5F89431DB070BD594F8293043B9E36EBE
:104C70009B891A0A42EA0323174A1BB2934209D1BD
:104C8000636994F82920009330462946636F26F023
:104C900045DC1DE033685A6BAAB161691048CA89C6
:104CA000D3F88C3002F00702825C0E48855C5046D7
:104CB0000C3503EBC5056B68AE6801336B60FFF321
:104CC0007DF18019A86050466169002202F090DEF3
:104CD0000DB0BDE8F08F00BF8E88FFFFB488FFFFE6
:104CE000BAD588006CE188002DE9F04F4FF0000A3A
:104CF000AFB0CDF8B0A0CDF8B4A0D68A9846109346
:104D00009B890446212B0F461546CDF864A08DF8EB
:104D10004EA0CDF850A08DF857A08DF854A08DF876
:104D20008CA08DF858A011922B92CDF888A001D8B4
:104D300003684AE0D8F808901046494671F0D2D985
:104D400009F106030890C8F82C000B93B9F8063057
:104D50001946ADF8483001F00C02184601F0F00396
:104D600001F44071A1F5407E92081B09DEF10001BB
:104D700041EB0E01022A08BF4FEAD30AADF84A20E0
:104D80005FFA8AF2ADF84C308DF855108DF8562048
:104D9000B5F804E00EF0030EBEF1020F04D100B22C
:104DA000002801DADB0800E00023D8B28DF85700B4
:104DB000002914BF2823222302B1023300B1043397
:104DC00010988089984206D22368D3F888305A6EAA
:104DD00001325A667EE399F80A3003F001038DF838
:104DE000583009F11E030C9311B109F124030C93FF
:104DF00000238DF859304AB10C9B5A781B7843EA4E
:104E00000222DB0907928DF8593000E007924146F3
:104E10003846FFF3D3F0109909908B683846063373
:104E20008B608B89063B8B819DF859301BB1FEF35B
:104E300065F501463846042202F084DD16F4404F41
:104E40009DF855200CBF4FF0000B4FF0010B0023D5
:104E50002D9302BBBDF848300B9913F4407F09D164
:104E600001F1100620460A315A462DAB78F00CDAD3
:104E70002C9005E0D80501D50E1D01E001F10A06D0
:104E80002D9B23B92046314648F0F8D92D902D9B13
:104E9000003318BF01238DF85C302D9B13F1000AFD
:104EA0009DF8583018BF4FF0010A43B90B992046BE
:104EB000043148F009DA061C18BF012600E000267C
:104EC000D4F804321BB9236893F82C306BB32368F1
:104ED00093F83E20002A08BF4FF0000A7EBBBDF8C1
:104EE0004820D20506D49DF858201AB1BAF1000F17
:104EF00040F0F6829DF8552012B19DF858203ABB3B
:104F000093F82C30002B00F0C982BAF1000F04D1C5
:104F10002046294658F064DEC0E22D9B9B79002B89
:104F200040F0BC824FF0010A14E09DF858301BB9E4
:104F3000002E00F0B38202E0002E00F0D1829DF836
:104F400055302BB9BAF1000F00F0A8829A4601E063
:104F50004FF0000A9DF856300BB39DF859304BB115
:104F600094F80E32002B00F09982109B9A6942F05F
:104F700040029A6107999E4A01F00703D25C9D495D
:104F80008DF84E308A5C0799149201F010021211CC
:104F90008DF854200C9A8DF88C3002320C92109BB4
:104FA000D989988911F4005218BFB3F850200C9990
:104FB0009B688218CB1A0E924146D21A38460D923F
:104FC0000693FEF3FBF7069B0B9AC31A0F93937D90
:104FD000D17D43EA0123ADF8AA30BAF1000F2FD1F9
:104FE0002CAB00930E9B204601932DA92B4618F065
:104FF000ABDE002840F0528274E22D99002900F0C7
:105000004D820B9A20460A325B4678F07BD82C9072
:10501000002840F06D820B9A2D9920460A325B469B
:1050200078F072D901462C9030B92368D3F88830D3
:10503000DA6E0132DA6631E2204677F0D5DF57E2E8
:10504000BDF8483013F4407F04D12D9B1B7C002B0E
:105050003AD106E09DF855301BB92D9B1B7C002BE7
:1050600032D020462D990A325B4678F04DD92C90EB
:1050700018B913E22C9B1B692D931EB123689A6A01
:105080002C9B9A622D9BD3F810210792BAF1000F46
:1050900021D19DF85520F2B99DF858201AB1BDF8DC
:1050A0004820D00510D49979BDF8482011B1D10518
:1050B0000AD510E01B7C02F44072002B14BF4FF4A1
:1050C000007300239A4206D02368D3F888309A6D83
:1050D00001329A65E2E12046294658F081DD00233D
:1050E00088F8230083462D9888F822308379ABB95D
:1050F000BBF1000F12D0594695F91D20334658F0E8
:10510000CFDD2946D4F8C426204658F00DDD3246BE
:10511000014688F822002D9858F010DE2C9B93F859
:10512000922112B9D3F8F42052B3BBF1000F27D06B
:10513000D3F8F010D3F8EC2042F821B0D4F884244E
:10514000517911F00100D3F8F01018BF95F91F0044
:1051500003EB8101C1F89C015279521012F0010158
:10516000D3F8F02018BF95F9201003EB8202C2F8A3
:10517000BC11D3F8F020013202F00702C3F8F0208E
:105180009DF855202D9B0AB1DB6D3CE09A792C9956
:10519000002A31D04B6B25934B685A061BD59DF8DE
:1051A0005620C2B1BDF8AA20100714D191F8D7201B
:1051B0008AB10A7DD2070ED4BDF84820D0040AD5A2
:1051C0009A0308D5149A91F8C9301341DB0702D528
:1051D00020463AF00FD9BDF8483013F4805F2C9B7D
:1051E0005A6814BF42F4003222F400325A600BE0D5
:1051F000BAD588006CE188004A6B25921A7C1AB9EE
:10520000DB6DD80700D525932D988379A3B9037C4E
:1052100093B19DF858307BB9BAF1000F0CD1079BC0
:1052200083F806A094F80C22D3F8F0309A4203D009
:1052300084F80C3221F010DB9DF85830FBB12D9929
:105240008B79002B40F02A810B7C43B10B98E23123
:1052500010300622FDF3E8F2002800F01F810B98C1
:105260000430FEF3D9F150B92D9890F8453033B998
:105270000B99043148F076D9002840F00F81BDF831
:10528000AA30089AA8F81C300B9BC8F82C201B7C6D
:105290002C9913F0010F099E4FF0000707D0D1F8A9
:1052A00054310133C1F85431F1E9622306E0D1F8F9
:1052B00050310133C1F85031F1E96023921943EBC9
:1052C0000703C1E900239DF858309BB999F80030D5
:1052D00099F801201A4399F8023013430AD0D8F8FC
:1052E0002C10D4F85C016A8A78F0C6DB2C9B0899F4
:1052F000C3F85C1199F90330002B07DA2368D3F85F
:105300008830D3F8A8220132C3F8A82299F80330D4
:1053100013F0300F07D02368D3F88830D3F8B022C9
:105320000132C3F8B0229DF85830002B71D1D8F863
:105330002C00236810F0407FD3F8886001D1C0B200
:1053400001E070F04DDD16283AD00CD80B2825D09E
:1053500004D8022816D004285BD119E00C2823D0E9
:10536000122856D126E030283CD004D818282DD059
:1053700024284ED130E0602840D06C2844D0482802
:1053800047D135E0D6F838320133C6F8383240E03C
:10539000D6F83C320133C6F83C323AE0D6F8403217
:1053A0000133C6F8403234E0D6F844320133C6F84F
:1053B00044322EE0D6F848320133C6F8483228E0AD
:1053C000D6F84C320133C6F84C3222E0D6F85032CF
:1053D0000133C6F850321CE0D6F854320133C6F817
:1053E000543216E0D6F858320133C6F8583210E07D
:1053F000D6F85C320133C6F85C320AE0D6F8603287
:105400000133C6F8603204E0D6F864320133C6F8DE
:1054100064329DF858301BB12D980BA91AF01ED993
:105420009DF858302BBBD8F82C0010F0407F01D0ED
:1054300070F0D6DC00F07F00022809D0042807D0E5
:105440000B2805D0A0F11601484240EB010000E016
:1054500001200022E98895F91C3000920190A8886B
:10546000090A800B02902D9803920490204609F0BF
:1054700058F92C994B685A030BD59DF8583043B90D
:10548000BAF1000F05D1D4F838010BAA33F038DE99
:1054900033E020460BAAFEF7F5FF2EE023685A6B97
:1054A000C2B19DF85820AAB910991548CA89D3F8F5
:1054B0008C3002F00702825C1248845C38460C345F
:1054C00003EBC4046368A56801336360FEF376F5FB
:1054D0004019A06038461099002202F089DA0CE0E9
:1054E000B24637E5BDF8483013F4407F3FF485AD50
:1054F0002D9B002B7FF4C1ADBCE52FB0BDE8F08F34
:10550000BAD588006CE188000B68C968DB691A6845
:1055100089B14B78012B0ED1B2F8BE3023F0400395
:105520001B041B0CA2F8BE308978890644BF43F0E7
:105530004003A2F8BE3000207047F8B591E888001B
:10554000DC6903680D461A6892F8626126B1D3F8E7
:10555000600806F073FF0646F86DF9F725F958B1B3
:1055600056B1E86858B14378012B04D00C23A380CE
:105570004FF0FF30F8BDA0610023A3800020F8BDEC
:1055800038B503684C681A6892F8625125B1D3F8AF
:10559000600806F053FF0546E06DF9F705F950B1D4
:1055A00045B9D4F8A00300F02000002814BF032060
:1055B000002038BD032038BD2DE9F84391E80802EA
:1055C0000568DC692B680E4693F86271D4F8008098
:1055D00027B1D5F8600806F031FF0746D9F85C001E
:1055E000F9F7E2F888B187B1F06888B14278012A0A
:1055F00005D00C2323844FF0FF30BDE8F8836062B0
:10560000D5F86008414607F0D9FC00232384002028
:10561000BDE8F8832DE9F04F1C4692F801909B6895
:10562000D1F85CC089B0002723F4C063B9F1010F41
:1056300080460E461546CDF810C005970697A36024
:1056400040F23C81D278AB7843EA0223012B40F050
:105650003581A9F10203DBB2032B0ED81CF0400FF9
:1056600000F02C8104222DF0F5DC002800F02681CA
:10567000402363630423A36329E12F1D3846964921
:105680000322FDF3D1F08246002840F01781404606
:105690003146EA792DF0DEDC002800F00F8104F1BC
:1056A000380B38465946FFF31DF0A9F10603DBB26B
:1056B000012B11D8049B5F0640F100814046314622
:1056C00004222DF0C7DC002800F0F880402363633B
:1056D0000423A3635746FAE06A7A2B7A43EA02234B
:1056E000012B40F0EB8005F10A0738467A49032286
:1056F000FDF39AF0002840F0E180404631466A7B95
:105700002DF0A8DC002800F0D98038465946FEF379
:10571000E9F7A9F10C03DBB2012B06D8049B58066C
:1057200040F1CC8040236363CEE0EA7BAB7B43EA6D
:105730000223012B40F0C08005F1100066490322CE
:10574000FDF372F0002840F0B780EB7C012B01D014
:10575000052B02D1049A510617D4062B02D1049AC4
:10576000120612D4D8F8002092F862212AB1082B30
:1057700003D1049A12F4802F05E0022B40F09C80A4
:10578000049A12F0800F00F097805A1FD2B2012ABB
:1057900001D9082B0BD1336D5B0504D4049B13F4A2
:1057A000922F00F08F80A36843F48063A360336D71
:1057B0005F0503D5A368580540F1848005F110000A
:1057C00004A90022FEF31AF7002877D0049BA9F160
:1057D0001202D2B2012A63638CBF2A7D0022B3F584
:1057E000802F01D151066BD5D8F87C06316D0DF1B3
:1057F0001F0304F05FFA002864D09DF81F301BB12E
:10580000A36843F40073A360A9F11407FFB2002F4B
:105810004AD095F801A0A9F11609C7EB0A0A05EBD1
:105820000A0393F803C003F1020B9B785FFA89F92E
:1058300043EA0C2C4FEA1919002723E00BEB07135E
:10584000023305931023ADF81C3004F114030093C8
:10585000636B3046019306A905AA07ABCDF80CC0CF
:1058600057F09ED901372028DDF80CC00AD1059ADF
:1058700062B1069B53B1012100914046214638F0A8
:1058800033D903E0674501D04F45D7D15544EA7875
:10589000AB7853EA022317D0059BBBB1069F002FBC
:1058A0000CBF3527002712E0404621463A463B46CA
:1058B000009738F019D90AE02B2708E00C2706E0FA
:1058C0002D2704E01F2702E0002700E03527384697
:1058D00009B0BDE8F08F00BF22380100F8B591E8AB
:1058E000280007685B681E683B6893F862415CB1FA
:1058F000D7F8600806F0A2FD31460446D7F86008E4
:1059000006F0A0FD064600E02646E86DF8F74CFFDD
:1059100030B124B1002E14BF03200020F8BD204672
:10592000F8BD2DE9F34191E8480007685B680C4633
:10593000D3F800803B6893F862315BB1D7F8600818
:1059400006F07CFD41460546D7F8600806F07AFD72
:10595000074601E01F461D46F06DF8F725FFA0B190
:105960009DB197B10122002101A8FCF3F5F701A830
:105970000521FEF3C9F30122A369F42001A9FDF377
:105980000FF52368A2695B681A620020BDE8FC81FC
:1059900073B503680C461A684D6892F8626126B1C7
:1059A000D3F8600806F04AFD0646E86DF8F7FCFEFD
:1059B000B8B11EB9D5F8A033980612D5012200213E
:1059C00001A8FCF3C9F701A80521FEF39DF301220C
:1059D000A369F42001A9FDF3E3F42368A2695B68DD
:1059E0005A6100207CBD73B503680C461A684D6887
:1059F00092F8626126B1D3F8600806F01FFD0646F2
:105A0000E86DF8F7D1FE98B11EB9D5F8A0339B0622
:105A10000ED50122002101A8FCF39EF701A8052163
:105A2000FEF372F3F42001A90122A369FDF3B8F497
:105A300000207CBD2DE9F3471746027A04460E4646
:105A4000D0F80090D1F800800AB1002B6AD0E31999
:105A50009D7A002D67D098F8023194F8272003F042
:105A60001C039B08934238BF13463371304630F015
:105A700093DD98F802314FF4005203F0030312FA59
:105A800003F3F36098F80231204603F003030D336B
:105A900086F83D31414607F1360A2FF00BD856F80B
:105AA0002A5045B94FF4417001F06CDF05460028DB
:105AB00039D046F82A00284600214FF44172FCF301
:105AC0004BF702232B700023AF7085F8ED30D9F827
:105AD0000030C5F8F48093F869318BB1484649F03D
:105AE00041DC38B1E37C984228BF184684F804347E
:105AF000E07405E094F8043413B1E37484F804040A
:105B0000A27CE37C009294F82F2048460192D5F8BD
:105B1000F4103A4632F036DFD4F850321A6D0132C2
:105B20001A6500E01D462846BDE8FC872DE9F041D6
:105B3000D0F8E822002507460E46A8462B46D2F8A4
:105B4000B0100432002918BF98460133182B0D44B9
:105B5000F5D128F007083046184908F10708FDF389
:105B60006BF105BB22E0D7F8E83204F12C0253F8C0
:105B70002220642353433046B3FBF5F31049FDF371
:105B80005BF1104B2340002B03DA013B63F007036A
:105B90000133072B05D1444503D030460A49FDF3B4
:105BA0004BF1013400E000244445DCDD3046074978
:105BB000FDF342F10020BDE8F08100BF2257010053
:105BC0002C57010007000080375701001A2D89006B
:105BD00037B500230193079B0546032B144604D9D0
:105BE00001A806990422FCF333F60E2C2B6806D18B
:105BF0001B68002093F8D120089B1A6001E06FF029
:105C000016003EBDF8B5C269002307460D461E4684
:105C1000D1580433602B0E44FAD128461149FDF3C4
:105C20000BF1C6B10024FB69284653F824206423F5
:105C300053430D49B3FBF6F3FDF3FEF004F0070305
:105C4000072B05D1172C03D028460849FDF3F4F0A3
:105C50000134182CE7D128460549FDF3EDF000206A
:105C6000F8BD00BF5C5701002C57010037570100F9
:105C70001A2D89000020704710B51C4603699B79D6
:105C80004BB9880501D5101D03E0C90510D502F1F7
:105C90000A00214608E0CB0502D502F10A0002E025
:105CA000880505D5101DA11D0622FCF3BDF580B9A0
:105CB000204602990622FCF3B7F568B12046039905
:105CC0000622FCF3B1F500280CBF4FF0FF30002096
:105CD00010BD4FF0FF3010BD4FF0FF3010BD000081
:105CE0002DE9F04F5D4B07461868EFB06A901546F6
:105CF0009A886C69ADF8AC2153F8060FA2686C90D5
:105D00009B880491ADF8B4317B68A98BD3F814B0AB
:105D10006B6805919B1A9BB2D218A260A289D5F834
:105D20001090D31AA3810026B84664E0642E64D094
:105D3000A368E28903F10E0712F4005218BFB4F809
:105D40005020BF07A089998905D04746FB6E1A6C81
:105D500001321A645BE01218DFF808A10F0A92B250
:105D600047EA01270392A18ADAF800200E3752F899
:105D70002120BFB21AB13A4AF91C0A4000E03A4663
:105D80000399914205D04746FB6EDA6B0132DA6324
:105D90003DE06AAA00926CAA0192049805992A68CB
:105DA000FFF76AFF002832D1E3899B0407D5B4F8D6
:105DB000503023B1A389FF1AA4F8507000E0A781E6
:105DC0002246D8F80000594619F0BCDEE38995F860
:105DD000222023F0070302F007021343E38106ABFE
:105DE00043F82640A28ADAF80030013653F8224000
:105DF000039BC3EB0909002C98D14746B9F1000F6A
:105E000001D105AB0FE0FB6E5A6C01325A64584663
:105E10006969002201F0ECDD1DE053F8042F002138
:105E2000918209F10109B145F7D124B158462146C3
:105E3000002201F0DDDD00240BE006AB53F8243036
:105E400095F829200093386804999B6825F066DB53
:105E50000134B442F1D16FB0BDE8F08F2B380100AE
:105E6000FCFF0100E80300002DE9F04FB1B0DDF8C0
:105E7000F480079300230F922F9308F138023A9B86
:105E80000B92D1F808215B880C92079A0E93138825
:105E9000814603F0FC03A3F120077B4243EB070399
:105EA0000C463C9E856908932BB13A9B4FF0300B12
:105EB00004330A9303E0089A4FF0100B0A92002172
:105EC000282210A8FCF348F51AA800212822FCF388
:105ED00043F5D5F86C332BB110A805F55B7128227A
:105EE000FCF3B6F40C9B0DF1400A03F138070DF1F9
:105EF000680C3A46534628462146CDF800C0CDF8F6
:105F000018C024F065DAD5F8843439469B7824AF7C
:105F100000220B986FF0BEDE384600212422FCF3ED
:105F20001BF508F14D03DDF818C02593CDF898A0B6
:105F3000B8F868300DF1B40A504600210822CDF8B7
:105F40009CC028932496FCF307F57368CDF800A055
:105F5000C3F300438DF8B43021465A460023D5F8E8
:105F600094062E9753F03AD804F1DC0300F1060AA8
:105F7000079A0D938DE808042FAB0A320293074667
:105F80005946284604F1E203099220F08BDE84464C
:105F900018B91122A8F86820E9E02F9B00220121FE
:105FA00019705A702A6A1268022A04D194F92C21B5
:105FB0000AB921221A70216D40F237120A4032B11B
:105FC00094F858201AB11A8842F010021A8095F8F5
:105FD000722432B12A6A527D1AB11A8842F4806260
:105FE0001A80B8F8682021465A80B8F820209A8094
:105FF0002F9B2DAA06338DE88C002F93D5F894069D
:106000005A460023CDF818C052F056DFDDF818C00C
:10601000002840F09980009498F81820E3680290D6
:1060200003900192DA6828463346614624F01AD874
:10603000B8F8683023B13046022176F0A5DB83E062
:106040002F9B063B2F93B36898050CD596F8243008
:1060500003F00303032B06D1D5F87C062146324614
:106060005DF0C6DA83E0B8F820303146A6F8CC30CF
:10607000284676F0B9DF0C9A022192F860300E9A29
:106080003046934238BF1346A6F8FA3076F004DE65
:10609000D4F8EC30190309D5284621461AF038DD2A
:1060A000012803D12846214646F0F2DE2B689B6A80
:1060B000F362089B53B10D980A990622FCF3B4F3DE
:1060C00020B148460999E26836F0A6DF0999E268EE
:1060D000484636F0C5DC2A68D4F8EC1092F84F2018
:1060E00011F4005318BF022312F0030205D0CA04B2
:1060F0005ABF7268C2F3004200227F218DE8060079
:106100000B9806F13C0100226FF0F0DE2846314684
:1061100077F058DB606920B106F11401012201F02B
:10612000D9FFD4F8EC309B0404D5D5F84C012146B6
:1061300060F064DB2B6893F8693133B1284621465F
:10614000012202F0BDFF00E0BA463B9B3A9A019360
:106150002F9B00920293484621460F9A079BCDF849
:106160000CA00496CDF8148036F054D905E04846CA
:106170002146079A434635F029D931B0BDE8F08F62
:106180002DE9F04F8569E3B0924698469DF8B42119
:10619000D5F864310C4607921BB19B79002B40F077
:1061A0006A812B6893F82F30ABB1236D990712D514
:1061B00094F8A4307BB100F05FDFD4F8B0103EF06B
:1061C000D7DE002800F06C810023C4F8A830C4F8A2
:1061D000AC3084F8A430A3791BB12379002B00F0F4
:1061E0004A81BAF800B01BF4804B65D00AF10A036B
:1061F000284621461A46069376F080DF0746002897
:1062000000F03981D0F8D030002B00F0348198F8BC
:1062100003909DF8B8314FEA99190BB3D5F89C3229
:1062200053F82960E6B13369D3B1337AC3B141463B
:1062300003225BA8FCF30CF35BA806F1140132699E
:106240000330FCF305F331695BA8033108AA02F0BF
:10625000AFDA6C9A08F10400111F08AA02F0CADA3A
:1062600009F11C0954F8293093B11A696C98414618
:10627000143308F0F5DCC0B90123009001930290BB
:1062800003900490214628461722069B1AF05ADDF7
:10629000D7F8D00001F088DB0023C7F8D030032303
:1062A0000F2606934FF00109D2E06C9A08F104081A
:1062B000083A6C920F2601E05E465F46B8F802305D
:1062C000B8F8009006932B6893F8623173B1B9F176
:1062D000030F0BD16C9A079B00920193D5F86008CD
:1062E00021465246434674F057D8C4E0069A032A22
:1062F00000F2C180BBF1000F67D1012A40F0CC80D1
:10630000B5F8AA0122F014D90AF10A0B031C2146A0
:1063100018BF012328465A4676F0F4DE014610B134
:10632000284676F0F1DE284621465A4676F0E8DF28
:106330000746002800F0B2804368DA0408D52A68CE
:1063400092F83020002A40F0A98023F48053436063
:106350002846394625F0B2DDB9F1000F03D0B9F176
:10636000010F2BD112E0B4F9543094F9442038468F
:1063700001211BB916B976F0B9DC01E076F01EDA1E
:1063800097F8243013F001031DD118E0B4F954300C
:10639000012B18D03846494694F9442076F00EDA9D
:1063A00000238DE8080202930393049328462146B4
:1063B00017225B461AF0C6DC0D2649E000230122B5
:1063C00000930192EFE7002E42D100210C225FA83A
:1063D000FCF3C2F2344B0DF5927B5F93334B0021FB
:1063E0002822584660936195FCF3B6F2069BADF8FF
:1063F000346153AE3046002120224A93CDF82491D7
:106400004B97FCF3A9F26C9A08F106030193931FD2
:1064100000960293D5F894062146B0225FABCDF8E2
:1064200068B152F003DEBDF834618EB987B197F8D8
:106430002430D8070CD52846214604220AF10A0345
:1064400000960196CDF80890039604961AF07ADC2F
:10645000069A2046531C0193002303930493079B41
:106460000AF10A01059304F1DC023B46CDF80090E5
:106470000296FDF76DFC284621460AF10A0276F0E5
:106480003DDE68B1A3795BB190F82430D90707D518
:106490002B689B6A836203E00E26D9E70126D7E7C3
:1064A00063B0BDE8F08F00BF1114840015148400A0
:1064B0002DE9F04F9A46836EADF5077D81468669DA
:1064C000CB58D1F80C01919C0D460D92DDF840821D
:1064D00012930C90002C00F0AA82002131A86C22AB
:1064E000FCF33AF29DF848320D998DF8DC30B4F89F
:1064F000CC303391CDF8D0A0CDF8C4903295CDF802
:10650000D480369423B9206947F04AD8A4F8CC0047
:10651000B4F8CC20D5F808310021ADF8E4204CA81F
:1065200028221093FCF318F20D98BAF80020038883
:10653000ADF82C2003F0FC03A3F12000434243EB11
:106540000003D9B28DF8473093B20A934B010E93F2
:1065500094F824300F9103F00303032B03D1A368B5
:10656000990500F13F82D6F864311BB19B79002B6D
:1065700040F05782336893F82F30ABB12B6D9A07F8
:1065800012D595F8A4307BB100F076DDD5F8B010C7
:106590003EF0EEDC002800F04A820023C5F8A83067
:1065A000C5F8AC3085F8A4300F9820B1B8F1090FC8
:1065B00040F2378209E0B8F1030F40F23282A8F1CD
:1065C00004010AF1040B099104E0A8F10A020AF19E
:1065D0000A0B099200276763A763304621463A46B3
:1065E00076F0B4D9099BCDF8F4B0012B3E93CDF8E9
:1065F000ECB040F316829BF80130099802339842C0
:10660000C0F20F8239460C2283A8FCF3A5F1704B2F
:10661000394683936F4B282284936AAB18460893BC
:106620008596FCF399F156AA0DF5E87C6B9260AA69
:106630006C92604639462022CDF81CC06A94ADF8B1
:10664000C871FCF389F1089B09997B933368DDF8E5
:106650001CC093F84F30029103F00303CDF800C043
:10666000CDF804B08DF8E8310E9AD6F89406294694
:1066700083AB52F0DBDCBDF8C8210E9208B117469F
:10668000BFE1BDF82C30D4F8E000A4F8F83038B100
:1066900041780231FDF322F7D0F1010038BF00202C
:1066A0000B900B98EB6D8DF8E60023B12A6D40F24C
:1066B0003713134013B92B6D5B060BD5D4F8E030BC
:1066C00043B9AB79002B00F08F81D5F8EC309804FA
:1066D00040F18A81304656A960AA4CAB1AF0F6DE2A
:1066E000002840F0858196F81C259DF844319A4297
:1066F00040F07E8194F8243099070BD594F8D73078
:1067000023B130462146012239F0C0D92046FE216E
:1067100076F03AD895F94430002BC0F2718194F8A4
:106720002430DA0740F16C81336893F8A9304BB11B
:10673000D6F870012AF04EDD022803D10A99CB0564
:1067400040F154816D2215A80021FCF305F10023CE
:10675000DDF830E11A4612E086A8C11811F8E41CF1
:1067600001F07F016C2909D81B48405C30B115AF9E
:1067700040B2795432EA200228BF01220133734526
:10678000EAD16168336A21F007016160587D12F136
:10679000000C18BF4FF0010C18B112B941F0010103
:1067A00061605B7D33B10A99480503D4636843F0A7
:1067B000020363600A9A12F02002139203D0636806
:1067C00043F004036360109B986B002314E000BF48
:1067D000B1118400CD138400581689001099CA188D
:1067E00092F83C20110606D502F07F0215A98A5CBA
:1067F000002A00F0FD8001338342EFD1336893F823
:106800004F309A072AD06D9941B34A783046023208
:10681000CDF81CC054F09CDA0022074600923046A6
:1068200021463A460023FBF701FCDDF81CC0AFB15E
:1068300051A810220130F91CFCF30AF051AA0023E0
:10684000F11891F8011312F8010F0840884240F046
:10685000CF800133102BF3D14FF0020C129B9C45DB
:10686000C0F0C680EA6D22B1296D40F237130B40AB
:1068700013B92B6D5B060BD5636B23B1A16B40F293
:1068800037130B4023B92B6D13F0410F00F0B88084
:106890000A98C00618D5296D40F237130B409BB9F2
:1068A000490601D50B9979B130460D9E002301228E
:1068B000009301920293039304932946172206F151
:1068C0000A031AF03FDA9BE0E2B12A6D40F2371377
:1068D0001340BBB1D30715D594F8D630012B11D195
:1068E000636B7BB105F1DC03009305F1E2030193D7
:1068F000022730462946224604F11403029726F067
:1069000097D87EE0336893F830304BB9336A1B6810
:10691000022B05D195F92C3113B91398002869D0B1
:10692000336A1B68022B05D199F8003013B10A991C
:10693000480561D5304619F07BDDD9F828309842FA
:106940005CD2304629461AF0E3D8D5F88430984214
:1069500054D2D5F8EC30990408D5D6F84C0121462C
:106960005A46099B60F016DA002849D10E9A4CA9C4
:10697000ADF82C213FA82822FBF36AF70C99486B4D
:1069800008B101F011D80F9A1AB1AAF1060A08F15C
:1069900006089DF847000C9B83F83C00404600F039
:1069A000F1DF0C99486308B9886306E04246514616
:1069B000FBF34EF70C9AC2F8388001238DF8F031C2
:1069C00004F11401002306227DA8ADF8F231FBF397
:1069D0003FF731AB0093304629467CAA234635F079
:1069E00051DD24E01E270CE00D270AE0162708E001
:1069F000122706E0132704E0192702E0112700E020
:106A00000C2731AB0393484629467CAA0D9BADF871
:106A10002C71CDF800A0CDF804800294FFF724FA81
:106A200005E0484629460D9A31AB34F0CFDC0DF530
:106A3000077DBDE8F08F00BFD1F80C0130B5446B85
:106A40004CB1816B39B190F83C50002D0CBF04253E
:106A50000A25A94203D200211160196030BD251D0D
:106A60001560196090F83C0018B106390A341960B5
:106A700014601A68043A1A6030BD0000024B00F03E
:106A80000F0053F820007047746501002DE9F04FA6
:106A9000CB88D0F810218BB09B0605460E460468C3
:106AA000D0F80C710892D0F804A11DD5036D9A0797
:106AB00012D558070BD501F16F0004217CF0BADC28
:106AC00090B906F1830004217CF0B4DC60B994F83D
:106AD000413513F0020F05E0DA0705D594F841358A
:106AE00013F0010F40F02B8320462946728E1623A7
:106AF0003CF0D6D8002840F04083738E204613F433
:106B0000404F0CBF002201220A3254F822902A463C
:106B1000494621F069DFFF28804600F02E8394F873
:106B2000903243F0040384F89032236893F83B30AA
:106B30003BB12046294642465AF000D9002840F091
:106B40001C83236A186961F0DFD840454DD0236A61
:106B5000186961F0D9D8FDF387F383464046FDF309
:106B600083F3834509D1236A186961F0CDD808F40D
:106B7000605300F46050984237DC7B68022B0AD1E6
:106B8000BAF8BE30DB0706D5BB68182B03D0089ACD
:106B9000536B042B29D1D4F8580141464CF062DBE9
:106BA000204628F01FDC7B68022B08D1B5F9543051
:106BB0002BB9D4F8D4062946324651F0B5DA20462E
:106BC000414626F041DF236893F83B304BB1D5F8BE
:106BD0003C335968D4F8C035994202D0204623F09E
:106BE000ABD820461FF0ACDE0FE0D4F85801414688
:106BF0004CF042DF48B1D4F8580141464CF032DB4A
:106C0000002120460A4622F00BD8236893F83B3037
:106C100093B1D5F83C335A68D4F8C0359A420BD0BA
:106C2000204628F0DFDBD5F83C332046596823F0B6
:106C300083D820461FF084DE09F15003C822504655
:106C400031460993FBF304F6D9F80030AAF83280F4
:106C5000022B07D199F81580D8F1010838BF4FF001
:106C6000000801E04FF00008F38813F020030DD076
:106C7000236893F84F3013F0030307D0D5F8EC30B6
:106C800003F48053D3F1010338BF0023DBB20AF1D0
:106C9000380B0793FF22B8F1000F18BF00238DE8CF
:106CA0000C0058465946002243466FF01FD9D4F8CD
:106CB00084345846099901229B786EF0EBDF002856
:106CC0002ED1B9F80820D9F80090B8F1000F05D1FD
:106CD00020464146069220F03BD9069ABAF8323057
:106CE00003F46053B3F5205F08D0B3F5C05F07D05D
:106CF000B3F5805F14BF0A23142302E0A02300E051
:106D00002823FF2101910290CDF800800393D4F84D
:106D1000843458461B79099904934B466FF0AAD8DE
:106D2000D5F8EC3098040CD52946204620F010D92F
:106D3000FF230093019059465846002202236FF02A
:106D4000D5D82046594623F0D9DA96F93420204682
:106D50000032294618BF012246F0F2DC96F93430A1
:106D6000E3B9D5F80831012283F86020D4F8440152
:106D700029465BF097D9284631463BF023DA28466E
:106D80000E213DF05BD82946204646F051DE2046D4
:106D900029467A68BB6845F007D8CCE1D5F8EC30D5
:106DA000990405D5D4F84C01294652465FF0BADC67
:106DB00020462946324676F0A3DA804638B9204686
:106DC00029463A460BB0BDE8F04F3BF09D9F079A2D
:106DD000F2B1DAF86830BAF86C900C33A9F10C090A
:106DE00019464A462046069353F0CCDF069B84465C
:106DF00019464A462046CDF818C053F099DFDDF811
:106E000018C00022034600922046414662460AE02E
:106E10004368DA0309D5F3889B0606D4079B20460E
:106E2000009341461A46FBF701F9D8F80430D5F82B
:106E3000EC2043F48053C8F8043012F400524FF0B1
:106E40007F0308F13C01009305D0079A5846019250
:106E50000223002203E0079B5846019313466FF07C
:106E600045D82046414676F0ADDC204629463AF02A
:106E7000C1DD236893F862315BB1EB6D580308D52F
:106E8000BAF8BE20D4F860084146C2F3801206F07A
:106E900095F898F8243013F00C0F40F04681B5F9BE
:106EA00054A02368C5F800A193F86231002B7DD06F
:106EB000EB6D190605D5D4F86008294673F054DB4C
:106EC00010B9EB6D5A033CD500232946C5F80031B3
:106ED000D4F8600873F032DA29468246D4F86008A4
:106EE00073F040DA88B14FF48029204629463246B3
:106EF00008238DE800063DF019D830B10323C5F80A
:106F00000031C5F85C909A461BE0D4F86008294629
:106F100073F02ADBA0B14FF0800B4FF00009204640
:106F2000294632460223CDF800B0CDF804903CF05B
:106F3000FDDF28B1C5F80091C5F85CB0CA4600E095
:106F40008246D5F80031032B0BD1D4F8DC06294654
:106F50003246EB6D6CF002D818B10023C5F8003151
:106F60009A46D5F80031032B20D1D4F8600805F0FB
:106F700065FA50B1D4F86008414605F063FA20B1D3
:106F8000D4F86008294605F01FF9D4F860082946AE
:106F90004246334673F092DA30B1284608210BB0EE
:106FA000BDE8F04F3CF04A9FC5F800A1D7F8049027
:106FB000B9F1020F1DD1BAF1000F1AD1D4F8D406DD
:106FC0002946324651F0C8D898B1D5F80801FCF3EB
:106FD0002FF370B9D4F8D00629463246C5F800918F
:106FE0007BF00EDAD4F8D4062946324651F016DB8F
:106FF000CA460C21404675F04FDE7B68022B23D138
:10700000089A536B093B012B1ED893464FF0000999
:10701000134616E00A2000FB0930D5F8081162304B
:1070200006220693FBF300F4069B30B94FF49672E8
:10703000ABF86820012283F8502009F101090BF117
:107040000A0BDA6C9145E5D37B68022B33D12B7A9E
:10705000002B30D0BAF1020F2DD1B6F8BE30DB07CD
:1070600029D5089A536B042B25D0BB68182B22D046
:10707000284622F04DDF18B12846002127F058D8C5
:10708000284618213CF0DADED8F80C30D4F8D406C3
:10709000D5F808211BB11969002908BF0023009306
:1070A000B6F862302946C3F340130193434651F0CA
:1070B00013DA064629E0284608213CF0BFDE4FF0EF
:1070C00001090023CDF800A0CDF8049002930393AA
:1070D0000493B6F862303246C3F340130593284652
:1070E000434608F11401FCF733FE2368064693F883
:1070F00069311BB12046494648F0D2D8A0683968AA
:107100004FF4967200230CF02FDF46B1D4F88804B8
:107110001B49B5F82E21334660F0F8DA0BE0A06881
:1071200039684FF49B72334603E00022A068396847
:1071300013460CF019DFBB7F0133BB771DE0F388EA
:10714000708E23F46663F380FDF38EF040F480507C
:107150001FFA80F8708EFDF387F0B6F8BE300E2867
:107160008CBF4FF44040002048EA000823F00A0397
:10717000A6F83280A6F8BE30B6E40BB0BDE8F08FBA
:10718000A59084002DE9F04F9A461388D0F80C6141
:10719000A3B003F0FC030993B36894460B3BBAF821
:1071A0000220012B04468B46DDF8B0900568D0F82C
:1071B0000471ADF828201FFA82F80BD80CF11000EA
:1071C00039460622CDF818C0FBF32EF3DDF818C0BF
:1071D000034660B1099A2046B2F1100318BF01239B
:1071E00000930023019306210CF10A0248E0306C61
:1071F00020B1069300F0D8DB069B7364484600F08C
:10720000C1DB306428B1C6F8449051464A46FBF3CE
:107210001FF32B6893F844303BB1D5F86001BAF8FE
:1072200002104AF037DCAAF80200B8F10B0F10D1B7
:107230007368012B13D0B3680C2B10D0002300937C
:10724000214628465A463B463BF0C6D820460C21EC
:1072500077E0B8F1000F16D0B8F11E0F13D07368A5
:10726000204613F1FF3318BF0123009397F9343000
:107270003A46D3F1010338BF00230193012143466D
:1072800039F0AEDBC1E02B684FF000089B6AA9F132
:107290000602CBF82C300AF10603079308920393F9
:1072A00004924346284621465822CDF80080CDF866
:1072B0000480CDF8088019F045DD41460C221FA856
:1072C000FBF34AF3524B41461F93524B2822209323
:1072D0000DAB184606932195FBF33EF3BDF828202D
:1072E0000DF15C094146ADF8382048462022CDF822
:1072F00034B0FBF331F3069B089A1E93079B02926E
:107300000193CDF80090D5F894062146099A1FAB59
:1073100051F08CDE8046002877D1BDF83890B9F165
:107320001E0F11D1129B2846F36421463AF062DB0E
:10733000F26CA86831681E3243460CF015DE204618
:1073400019213CF07BDD60E0D4F8EC309B0406D5DD
:10735000D5F84C015946079A089B5FF07BDDBAF8D7
:107360000420A4F8F62095F87338A5F8582383B1C3
:1073700092042869C421920C44F0C6DA05F506602F
:10738000093039460622FBF363F297F83230A5F84C
:1073900070387368204613F1FF3318BF0123009340
:1073A00097F934303A46D3F1010338BF00230193F3
:1073B00000214B4639F014DB204659463AF026DAD4
:1073C000D5F868329C4220D0E36DF3B9236DD8071D
:1073D0001BD5E36E591C18D01C3354F82320A2B1DE
:1073E000117A012901D003290FD15089D3798DE871
:1073F000030002F114010291002104910591039709
:1074000028462146126954F0C3DD23B0BDE8F08F51
:10741000D5548400616184002DE9F04FA5B09246F7
:107420000C939DF8B820D0F80C310D920993BAF85E
:107430000220D0F8043101F10A07BAF8049004469A
:107440000B9105680892384619460622BAF800B032
:107450001FFA89F80A93FBF3E7F100282ED128469A
:1074600021463A4675F04ADE0646002826D0099A9B
:107470009368082B01D00A2B20D1726842F4805205
:1074800072602A6892F8622172B1BBF1030F0BD1CE
:107490000C9B0D9A00930192D5F8600821460B9A37
:1074A000534672F079DF92E0082B02D1089B022B41
:1074B00003E00A2B07D1089A042A04D00023009382
:1074C0002046062180E0B8F1000F06D0CDF800B0CC
:1074D000204601213A46434677E041460C2221A846
:1074E000FBF33AF23B4B414621933B4B282222933C
:1074F0000FAB184607932395FBF32EF2089AADF8CD
:107500004C900DF164091092414620224846CDF876
:107510003CB01196FBF320F2079B0C9A20930AF1E2
:1075200006030193931F0293CDF80090D5F89406BB
:107530002146B02221AB51F079DD002847D1BDF8BA
:107540004C30002B3AD1BBF1010F37D1089A022AF7
:1075500034D10A2120463CF071DCF368129A06F11E
:1075600014011BB11869002808BF002303930D9B69
:1075700001204FF0030C4FF0000E8DE801500492F3
:107580000593204633460A9AFCF7E2FB214606465D
:1075900028463AF02FDA46B1D5F888040F49B4F8F6
:1075A0002E21334660F0B2D811E0099AA86811681C
:1075B00033464FF49B720CF0D7DC08E0191CCDF871
:1075C00000B0204618BF01213A463DF025D825B02D
:1075D000BDE8F08F6D61840071618400A590840026
:1075E0002DE9F041876806467D68B86851F8058046
:1075F0000C46FAF3D1F2C8F80400002830D06359E1
:1076000000215868E422FBF3A7F1F86854F80580DC
:10761000FAF3C2F2C8F8080010B363590021986861
:10762000E822FBF399F163592949D3F808803368BC
:107630003246C8F80030986800230CF03FDDC8F8E7
:10764000680068B163592349D3F80880336822463B
:10765000986800230CF032DDC8F8C00000282FD154
:1076600063599B68FBB1996E39B1336898680CF027
:107670000DDD635900229B689A6663599B68D3F8B5
:10768000C01041B1336898680CF000DD63590022E6
:107690009B68C3F8C0206359F8689968FAF3A2F2AE
:1076A000635900229A606359596861B1B868FAF366
:1076B00099F2635900225A606FF01A00BDE8F08118
:1076C0000020BDE8F0816FF01A00BDE8F08100BF36
:1076D00055BE84009DBC84002DE9F04F9FB0064646
:1076E0008B461446D0F800900493002B00F0DE8205
:1076F0008368049A5B681146D35848465D689B6866
:107700001CAA05931BAB36F043D860B15CB9059C4D
:10771000202204F148001B99FBF39AF02022E2801A
:107720004FF0870C0DE0062C00F2C382DFE814F066
:107730000700C1026F00C1026C01C102E4014FF0F9
:10774000710C049C63464846716804F11402CDF83C
:107750000CC07DF03DDBDDF80CC08046002800F059
:10776000AC82BBF1030F06D1D5F8D030B3F5802F32
:1077700008BF4FF0000BD8F80840ACF112039BB2E1
:107780001B0204F1120A238200215F225046CDF829
:107790000CC0FBF3E1F04BF088039BB21A0AE274D1
:1077A00023752B8B05F11C071A0AA37562754846D1
:1077B000394620221FF048DD04F11F0039462022FF
:1077C000FBF346F0DDF80CC0ACF1710C1FFA8CF342
:1077D000BBB11A02A4F86F20023BDD2284F87120AD
:1077E00084F872308749032204F17300FBF330F010
:1077F000042384F8763004F177001C991022FBF3FF
:1078000027F00B235F462B604FF0000B5AE2BBF1D1
:10781000030F07D1D5F8D070B7F5802F14BF032719
:10782000002700E05F46D5F8D000802802D0B0F5F0
:10783000802F04D147F49E5747F0080703E004283F
:1078400002D147F4E477BFB2D9F8003093F862412F
:1078500054B1F6F7A9FF40B1D9F8600804F0EEFD85
:1078600018B1B5F8D40000E02046AC88D5F8D03087
:107870000419A4B2802BADF8764002D0B3F5802F66
:1078800025D117F4805323D0B6F8108018F00108E2
:1078900008D130463FF03EDD30463FF05FDD01303D
:1078A00000F00B8233687168D3F87C065BF062DD10
:1078B000B6F87C30BDF876202633C31812F00702E4
:1078C0009BB205D0C2F108029B189BB200E00023D6
:1078D00071341B19049C4846716804F114029BB270
:1078E0007DF076DA8046002800F0E7818468002188
:1078F0005F2204F1120A227461745046FBF32CF0EB
:107900003B0AE37427752B8B05F11C011A0AA3753A
:10791000627504F11F002022FAF39AF7AA8804F195
:107920007100A968FAF394F7BDF876301A0A42EAB2
:107930000323A4F86F30D9F8003093F86231B3B163
:10794000D5F8D000F6F730FF88B1D9F8600804F018
:1079500075FD60B1AB68002B00F0B381A888D5F845
:10796000D81050445F30B5F8D420FAF371F7D5F849
:10797000D030802B02D0B3F5802F33D1F80431D52D
:1079800021460DF1760230463FF074DCBDF87630CA
:107990001A0A42EA0323A4F86F30049A93689905FF
:1079A0000FD533682246D3F87C0671680DF1760353
:1079B0005BF02CDDBDF876301A0A42EA0323A4F806
:1079C0006F30A37B30460093294652465B463FF01A
:1079D000ABDA013006D1D9F804004146002200F0AC
:1079E00007D866E194F86F2094F8703043EA0223D8
:1079F000228AD3189BB21A0A42EA032323820C2359
:107A000016E100BF3738010096F87A704BF4607BBE
:107A10003F0107F030074BEA0707B6F87CC0BFB25A
:107A20000023BA0754BF0CF1710C0CF1790C049CC3
:107A30001FFA8CFCADF8763048466346716804F155
:107A40001402CDF80CC07DF0C3D9DDF80CC080461F
:107A5000002800F0328184685F234FF0000B04F1AE
:107A6000120AACF112022374594684F811B0504640
:107A7000FAF372F73B0AE3742775B6F87C3006F127
:107A8000BE011A0AA375627504F11F002022FAF3E1
:107A9000DFF6102206F18E0104F13F00FAF3D8F66A
:107AA000082206F1FE0104F14F00FAF3D1F6B6F810
:107AB0007C2006F15A0104F17100ADF87620FAF34A
:107AC000C7F6BDF8763030461A0A42EA0323A4F816
:107AD0006F30A37B29460093524607F003033FF023
:107AE00023DA013040F096804146D9F804005A4626
:107AF000FFF37EF7D846E0E0D5F8D030802B03D0F6
:107B0000B3F5802F40F0D5803368AC88D3F87C067D
:107B10007168ADF876405BF02DDCB6F87C30BDF8CE
:107B2000762026337134C31812F00702A4B29BB238
:107B300003D0C2F108029B189BB2E318049C48468C
:107B4000716804F114029BB27DF042D9804600288E
:107B500000F0B38084684FF0000C5F224BF49C5718
:107B600004F1120A84F811C06146BFB22274504673
:107B7000CDF80CC0FAF3F0F63B0AE37427752B8BB3
:107B800005F11C011A0AA375627504F11F00202279
:107B9000FAF35EF60DF1780BA968AA8804F171007A
:107BA000FAF356F63BF8023D21461A0A42EA03234D
:107BB000A4F86F305A4630463FF05CDBBDF87630B3
:107BC0001A0A42EA0323A4F86F3033687168D3F8C5
:107BD0007C0622465B465BF019DCBDF87630304609
:107BE0001A0A42EA0323A4F86F30A37B29460093C4
:107BF00052463B463FF098D90130DDF80CC009D120
:107C000041466246D9F80400FFF3F2F6DDF80CC0F5
:107C1000E04652E094F86F2094F8703043EA022373
:107C2000228AD3189BB21A0A42EA032323820D2325
:107C30002B604FF0010B45E0B3F5802F14BFFE23FE
:107C4000022300E00223504605F15C01082200F8FF
:107C5000053BFAF3FDF517F0030104D1D5F8D00088
:107C6000FDF38EF10146BBF1000F0CD0204605F16B
:107C70008C0207ABFDF394F1F0B10AF14D0007A9B6
:107C80001022FAF3E5F573684146DA68484624F0B5
:107C900093DF059CD9F80800D4F8C0104FF47A722D
:107CA00000230CF061D94FF0010806E0DDF81080E8
:107CB00003E04FF0000800E0804640461FB0BDE8FA
:107CC000F08F9B460323E373D5F8D030802BB3D1DC
:107CD000B8E700BF2DE9F04F054689B00E46D0F851
:107CE00000A01F46002B00F0878183685B68FB586B
:107CF0005C68D3F80880D4F8D000F6F765FD00285A
:107D000000F07C81B8F1000F00F07A81BB68580563
:107D100007D4BB6B03F00203002B14BF0123022323
:107D200000E00323D4F8D0000793802805D0B0F5F5
:107D3000802F02D0042840F06581337D96F813909F
:107D400043EA092919F00303069302D1FDF318F160
:107D5000069004F15C0B0120082306F117015A4636
:107D6000FCF3F0F5834500F04F8123680C2B00F005
:107D7000B7800D2B00F018810B2B40F0458109F4E2
:107D8000DC73B3F5847F40F03F8104F13C03202293
:107D9000184606F11F010493FAF35AF5BA68049BDA
:107DA00012F4806F09D12A68126892F86221C2B178
:107DB000D4F8D020B2F5802F13D108F148020092F8
:107DC000B8F806206968019204F18C020292A28A36
:107DD00007F114000392E23104F11C02FCF346F5B2
:107DE00022E0696807F1140C6046E2310622049330
:107DF000CDF814C0FAF318F5049BDDF814C0002880
:107E000000F0028108F148020092B8F80620696883
:107E1000019204F18C020292A28A60460392E2313E
:107E200004F11C02FCF322F719F4807F10D0338A8E
:107E30001A0A42EA03239BB25C2B40F2BF80304611
:107E4000069904F18C02FCF377F7002800F0DC803F
:107E5000338A1A0A42EA03239BB25E2B40F2AE80B9
:107E600096F86F1096F8702042EA012202F15F0145
:107E70008B42C0F0A380C2B1E188B4F8DC30CB18EB
:107E80009A4212D106F17100E16806F11209FAF383
:107E9000CBF488B1E388D4F8E010994409F15F008D
:107EA000B4F8DC20FAF3C0F430B1686807F11401CB
:107EB00011227DF025D9A7E0002384F8CD302B686E
:107EC000D8F8C01098680CF075D858460821FDF312
:107ED0005DF02846079902223B46FFF7FDFB93E041
:107EE00009F4D873B3F5807F40F08E8019F4807F59
:107EF00008D03046069904F18C02FCF31DF70028E7
:107F000000F08280002384F8CD302B68D8F8C010B0
:107F100098680CF04FD8228A07F11406238B50463C
:107F20008DE84400696804F1AC027DF089D8D4F88A
:107F3000D030802B02D0B3F5802F02D110232360E4
:107F400018E0042B16D10D2323602B8AD90707D400
:107F500028463FF0DFD928463FF000DA013053D001
:107F600058460821FDF312F02846079904223B46A3
:107F7000FFF7B2FBD4F8D030802B04D0B3F5802FBC
:107F800001D0042B08D16B685046DB68792100933F
:107F900032460623FAF7D4FAD4F8D030802B27D013
:107FA000B3F5802F30D123E019F4807F15D0338AC8
:107FB0001A0A42EA03239BB25C2B07D8DAF8003096
:107FC000D3F888305A6E01325A661DE03046069961
:107FD00004F18C02FCF3B0F6B0B1002384F8CD308C
:107FE0002B68D8F8C01098680BF0E4DF10232360EA
:107FF00028463EF0F3DF07E0184606E0E92004E0FB
:10800000404602E0002000E0012009B0BDE8F08F0A
:108010002DE9FF470D9C064617469A4689460029DA
:1080200052D0002C52D0836800685B68E3585D68CA
:10803000D3F80880294606F01DFF09232B60484627
:1080400039463022FBF382F0736848B1626BDB6D16
:10805000B2F5802F0CBF03F4802303F0800302E00D
:10806000DB6D03F00403C5F8D0300C9B306802933D
:1080700021462A464B468DE8800406F018FF30B3AF
:108080007369012B02D1B8F8060000B3002385F80C
:10809000CD303368D8F8C01098680BF08BDF0A2316
:1080A0002B60A3685B0507D4A16B01F002010029D6
:1080B00014BF0121022100E00321304600222346A3
:1080C000FFF70AFB012002E0084600E0204604B06A
:1080D000BDE8F0872DE9F04390E86000D6F808315C
:1080E0008E465B8E174603F440437246A3F5404E1E
:1080F000DEF1000389B004463146284643EB0E0307
:1081000075F000D8804600287CD047B1E368002B8A
:1081100078D120464146FFF763FA002872D1A36860
:108120005B6858F803309F68238AD90702D4204639
:108130003FF04CD82B68C4F80C8093F86231ABB197
:1081400098F8D630032B0BD1D8F83430B3F5802F04
:108150000CD12846414607F1480270F01BDC0FE0C5
:1081600023B9D8F83430B3F5802F09D0238A9A0781
:1081700008D507F1480004F11A012022FAF368F348
:108180002023FB80FB88202B35D12B684FF0000982
:10819000D3F8E800CDF81890CDF81C900590FFF3C7
:1081A000F1F3074600282DD005AB8DE808022846DC
:1081B0005021D8F810203B46F9F742FED5F81805B3
:1081C000314606AA07ABFEF737FC07F10C03009314
:1081D000059B20460C3B0193E36801210293069A1C
:1081E000079B40F0D9D92B683846D3F8E83005937F
:1081F000FFF3DAF306E0706906F11901327E4346B7
:108200003FF054DA09B0BDE8F0834FF0FF3070471B
:1082100070B50446D0F8880000220A21D4F8D8307E
:108220000D0A33F81230CEB2CB189BB2013B46EAAE
:10823000032605F0030503F440731D436FEA426310
:108240006FEA5343A0F84035A0F82065A0F82C55FC
:10825000A0F84035D4F8D83033F81250013249191B
:10826000062A89B2DAD1204698215A8843F04CDB9D
:10827000D4F8D83020469A219A8843F045DBD4F8C8
:10828000D8302046DA881B889C2143EA022292B229
:1082900043F03ADBD4F8D83020465A891B899E2116
:1082A00043EA022292B243F02FDB2046BDE8704041
:1082B00040F0EE9CF8B503688E210446D3F8845450
:1082C00042F0E0DC236840001B6886B293F864311A
:1082D00006F1500106F1940789B2BFB213B1002331
:1082E00085F86D31D5F82031012B1CD002D3022B3B
:1082F00030D122E095F8E820012010FA02F295F83A
:10830000583192B2FF2B03D010FA03F31A4392B202
:10831000204643F0F9DA95F8E83001229A402046E9
:10832000394692B214E02046B5F82A2143F0ECDA3F
:1083300020463946B5F82C210AE095F8E8300122AC
:108340009A40204692B243F0DFDA204639460022B6
:1083500043F0DADA95F81C2142B94C364FF6FE713B
:1083600020463140BDE8F84043F0CE9AF8BD000009
:10837000D0F8941010B50831044641F0F3D8034901
:108380002046BDE8104041F0D59800BF6C4F010079
:1083900038B5437C04468B420D4606D039B142F0D5
:1083A00005DB38B94FF0FF3038BD002038BD4FF045
:1083B000FF3038BD002084F87600657438BD0000B9
:1083C0002DE9F0438BB0129F98460023032F0446FB
:1083D0000D46139EDDF85090089309930CD90422A2
:1083E00008A84146FAF334F2072F05D909A808F185
:1083F00004010422FAF32CF25A2D089900F0B380FC
:1084000032D8212D00F0D08016D80E2D00F0A78094
:1084100008D8052D5BD00C2D00F09D80042D40F078
:108420009B817CE0142DC0F09781172D40F2A08134
:10843000202D40F09181C5E03F2D00F0F88009D853
:10844000272D00F0CE803E2D00F0EC80262D40F050
:108450008381D4E0522D00F02A81542D00F02A812E
:10846000442D40F07981E7E06A2D00F0618116D853
:10847000642D00F0408109D85D2D00F08680632DC9
:1084800000F01B815C2D40F067817BE0682D00F0DF
:10849000398100F23A81662D40F05E812FE1792D1D
:1084A00000F0528109D8712D00F04681782D00F03E
:1084B0004E81702D40F050815AE17C2DC0F04C81EE
:1084C0007D2D40F255818C2D40F0468163E0E06FB8
:1084D00098E8A000C66916F004060ED0002335FA0D
:1084E00003F2D607D9B203D401330F2BF7D11946C3
:1084F0002A463B4604F0DADC2CE1294632460223C8
:1085000004F0CADE29462A460223E06F04F000DFA9
:10851000E06F29463A46022304F0E0DE2DE1B9F18E
:108520000B0F40F31C8100210A460223E06F04F088
:10853000B3DE00210A4607460223E06F04F0CEDED8
:10854000002105460A46E06F022304F0E1DE3760B1
:108550007560B060FEE0E06F04F0B8DE3FE0D4F894
:108560008000884902E0D4F880008749FBF390F04E
:1085700020B100210A46FAF327F630E04FF0FF332E
:108580003360E9E094F81C31E3E0003118BF0121C9
:1085900084F81C11DEE0099A4A4500F3E080204689
:1085A000334640F069D845E0072F40F2D8800029D3
:1085B000C0F2D88002230093E06F0122099B04F0EF
:1085C0001DDFC7E0032F40F2CA800029C0F2CA8035
:1085D000022300930022E06F134604F00FDF3060A7
:1085E000B8E00B2F40F2BB800029C0F2BB80099B92
:1085F000002BACBF6FF016066FF00106BDE0072F31
:1086000040F2AD800029C0F2AD80099A002AC0F284
:10861000A98000250095E06F2B4604F0FBDE30605A
:108620002E46AAE0E06F314604F034DE02E0E06F4F
:1086300005F006D80646A0E0236898680BF046DDF2
:108640000746E06F04F09ADE10B3E06F04F0B2DE8C
:10865000054618B9E06F012105F004D83368E06FD2
:1086600000937368083601930023029603934168D0
:10867000D4F88820A368FAF3A1F0002814BF4FF0C3
:10868000FF3600266DB9E06F294604F0EBDF08E005
:10869000E06F04F067DE002814BF6FF01D066FF076
:1086A00016062368394698680BF018DD65E0D4F8A3
:1086B00060314EE0D4F864314BE03146102204A81A
:1086C000FAF3C6F0059D0C352846FFF35BF104462E
:1086D00000284AD031462A46FAF3BAF023882046C9
:1086E0001B0B012B04D0FFF35FF14FF0FF3644E08A
:1086F000FFF35AF13CE0236893F8183629E04FF471
:10870000B06326E0B4F81E3123E089B201292FD8E6
:108710000323A4F81E112046009319B12022022140
:10872000134602E002212022002342F083D811E008
:10873000204640F08BD952E74B1C022B1BD8204619
:1087400049B242F0DDDB75E7C4F8381102E0D4F835
:1087500038313360002610E06FF01D060DE06FF039
:108760000D060AE06FF0010607E06FF01A0604E05C
:108770006FF0160601E06FF01C0630460BB0BDE846
:10878000F08300BFFA6C8900026D8900F0B587B0F4
:1087900004460668D0F8885000210C2202A8FAF39B
:1087A000DBF0002320464FF0FF31704A059342F082
:1087B00031D823681B6893F8693113B1204640F023
:1087C0008BD8204643F014D84FF40037204640F0B1
:1087D00039DC009704233069242105AA41F0AADA84
:1087E00000210A46E06F04F081D96149204640F03B
:1087F000A1DE2046FFF70CFD02A9204640F05EDB1B
:1088000020468021082243F07FD80A2220465C219E
:1088100043F07AD82046D4F8201140F0EDD9554ADB
:108820002046554941F0F6DF4FF00043C5F8883146
:108830004FF00073C5F88C314FF48043C5F82831F0
:108840004FF480336B620121204641F0D9DFE06FA5
:1088500004F0F0D8A4F81201A5F8A80616212046C5
:10886000B4F8482043F050D82046C021B4F86C201A
:1088700043F04AD82046C221B4F86E2043F044D8D1
:108880002046182104F1A4020223009741F09EDA49
:10889000022320461C2104F1A602009741F096DA3B
:1088A00096F858361BB1002386F8583606E0009734
:1088B0003069242105AA042341F088DA20464421A6
:1088C000B4F8A82043F020D820464621B4F8AA20C6
:1088D00043F01AD8B5F888361B051B0DA5F8883665
:1088E0000123A5F89C360025B5636319586910B1BA
:1088F000224B5B6898470435182DF6D11F4D6069EF
:10890000AB6D98476B6F606998472046002142F035
:10891000BDDC23681B6893F8693113B1204640F031
:108920000DD8A36F2046598B4FF48072CC3142F0A2
:10893000EBDF637C032200921022002B14BF13464E
:1089400000232046042141F075DF2046AE2142F08D
:1089500099D94FF4D8634000C4F82401C4F82831F1
:10896000304640F091DC07B0F0BD00BF04040004C5
:10897000943E0100000002400000064010A788005D
:1089800070B5036804461B6893F86931002B00F04A
:108990008180836F598B363142F074D9236D06463E
:1089A000D80777D5636D190674D4E36F9A6992007E
:1089B00002D5DA69D00704D5DB69D90701D45A0793
:1089C00068D5E36E9B0065D5D4F888304FF4967572
:1089D000B3F8B42692B242F00302A3F8B426D4F856
:1089E0008820B2F8B83623F0C0031B041B0CA2F891
:1089F000B836236DD80719D5636D190616D4E36F01
:108A0000DB695A0712D5E36E9B000FD5D4F8883086
:108A10000121A3F8F016D4F88830B3F8F22692B208
:108A2000130A03F00F0302F03F0213E0D4F888307A
:108A30000022A3F8F026D4F888300121B3F8F226FA
:108A4000A3F8F016D4F88830C2F30512B3F8F23662
:108A5000C3F30313042A02D10BB1042E02D04FF446
:108A6000FB750AE06420FEF37BF4013DC1D1F6E71B
:108A7000013D08D00A20FEF373F4D4F88830B3F82F
:108A8000B626D007F4D4B3F8B82692B242F0C002AA
:108A9000A3F8B82670BD38B58B7905460C463BB1B6
:108AA00090F88E22002A21D190F88F22002A20D11E
:108AB0000122627193B12B6893F8623173B1E36D57
:108AC00058030BD5D5F8600803F0B8FC30B16379D2
:108AD00023B1D5F86008214603F076FBA07950B1A8
:108AE00028462146BDE8384044F0A29F4FF0FF30B1
:108AF00038BD4FF0FF3038BD43690BB902234361E5
:108B000083690BB914238361C36913B94FF41673D6
:108B1000C361836813B94FF47A73836003690BB937
:108B2000034B0361C3680BB9024BC360704700BFBE
:108B300000350C00804F12002DE9FF470368044602
:108B4000D3F80090D9F810309B6FB3F81AA099F8B9
:108B50001930002B5AD040F2A47600253146D9F8BE
:108B6000100042F08FD8B11C0746D9F8100042F02F
:108B700089D86B08023504AAEDB202EB830347EAF9
:108B800000400436062D43F80C0CE7D10AF1A40A84
:108B90005146D9F81000019F039E029D42F072D801
:108BA00051468046D9F8100042F06CD84BF6FF725F
:108BB00002405146D9F8100042F0A6DE236A9F42D7
:108BC00002D2DB43D81900E0F81A636A9E4202D24F
:108BD000DB43991900E0F11AA36A9D4202D2DB43FC
:108BE0005A1900E0EA1AA368276298426662A562F1
:108BF00003D3032384F838300AE02369994207D26B
:108C0000E3689A4204D2C8F3803002E0F52000E025
:108C1000012004B0BDE8F087F7B5099D0023032DBE
:108C200006461746089C009301930BD90422684618
:108C30002146F9F30DF6072D04D901A8211D0422C0
:108C4000F9F306F61C2F07D1D6F88030002093F8F0
:108C500038200A9B1A6001E06FF01600FEBD2DE976
:108C6000F041044616461F460D46002900F09D803F
:108C700030F0C4D8D4F8A031804693F8661093F849
:108C80006C20002940F08880002A40F08580998877
:108C900042F20E72013989B291422DD8206940F218
:108CA000EA3140F0D3DD90B120694FF47B7140F0A0
:108CB000CDDDD4F8A0319A8841F64B539A4204D9BD
:108CC000206940F2ED3140F0C1DDC5B200E005465B
:108CD000206940F2EB3140F0B9DD012330B13B7047
:108CE000D4F8A031002283F86E2033E03870D4F835
:108CF000A02182F86E302DE05A8D910706D52069AB
:108D000040F2EE3140F0A2DDC5B223E012F00102E4
:108D100014D0B3F87B10002973D0B3F87920002A5F
:108D20006FD00A20414391FBF2F2062A69DDB3F8C5
:108D30007130012B67D0022B0DD166E032703A7092
:108D4000D4F8A021012382F86C30D4F8A02182F855
:108D50006E3000E03DB900233370D4F8A031012219
:108D600083F86C201BE0D4F8A03193F86D20022A20
:108D700007D9012283F86620D4F8A03183F8675020
:108D800002E0002333703B70D4F8A03193F86D20DB
:108D9000013283F86D2002E00AB100233370D4F869
:108DA000A031C3F86880BDE8F081D0F8A03193F815
:108DB00066202AB9DB6E13F0FF1F13D1BDE8F081E6
:108DC000022213462FF03EDC0123204629460222D0
:108DD0002FF038DCD4F8A03183F86650D4F8A031F5
:108DE00083F86750D4F8A021002382F86C30D4F8BF
:108DF000A02182F86E30D4F8A02182F86D30BDE851
:108E0000F0810625AFE70225ADE70825ABE770B591
:108E1000036886B00C460546002103A80A221E6896
:108E2000F9F39AF5BDF80C3043F01003ADF80C30AF
:108E300094F8AC30A3B1D4F88830D3F82031D807F7
:108E40000ED5204642F0B8D9022200922046BDF845
:108E50000C300021102241F0EDDC204641F064D9B5
:108E6000012185F83910336A186901F0C4FA06B097
:108E700070BDF0B5036887B00C460746002103A813
:108E80000A221D68F9F368F5BDF80C3023F01003D1
:108E9000ADF80C302B699B6F5E8B94F8AC30002BD7
:108EA0003CD0D4F88830D3F82031DB0736D52046C3
:108EB00042F082D90222BDF80C30009220460021F7
:108EC000102241F0B7DC236DD80724D5636D190655
:108ED00021D4E36F9A69920002D5DA69D00704D5EC
:108EE000DB69D90701D45A0715D5E36E9B0012D56B
:108EF000D4F88830B3F8B82692B242F04002A3F812
:108F0000B826D4F88820B2F8B83623F080031B04C2
:108F10001B0CA2F8B836204641F006D9002487F889
:108F2000394006F136012869224642F0EDDC06F1AF
:108F300008012869224642F0E7DC06F1F8012246E2
:108F40002869A43642F0E0DC3146286941F09ADE17
:108F50004BF6FF7202403146286942F0D5DC2B6A9D
:108F600097F83910186901F046FA6B7E43B1286909
:108F700040F2A47122460C2342F0DAD8204601E0E8
:108F80006FF00A0007B0F0BD7FB551F8383B002202
:108F90001868D0F86832009201920292012203917F
:108FA000049219469822DC3317F0CCDE07B000BDDE
:108FB00038B50446FFF7A0FD94F83830032B04D0F1
:108FC0002046FFF7B9FD054600E0002594F838304B
:108FD000013B032B73D8DFE803F00213304C012070
:108FE0002146FFF7D1FF012D08D1E36A6269013301
:108FF0009342E36263D3022384F83830002351E0C4
:1090000002202146FFF7C0FF012D4FF000030BD1D6
:10901000226BA16901328A422263E3624FD30322A9
:1090200084F83820236338BDE26A616901328A42DC
:10903000E262236343D3012232E003202146FFF79B
:10904000A3FF94F83930012B07D120466168FFF760
:1090500010FF002323626362A362636BE269013342
:10906000934263632BD300236363042384F8383073
:1090700038BD04202146FFF787FF94F839301BB92B
:1090800020466168FFF7C3FE012D4FF000030BD1AE
:10909000E26A616901328A422363E2620FD30322EA
:1090A00084F83820E36238BD226BA16901328A421C
:1090B000E362226303D3012284F83820236338BD9E
:1090C000F7B50368044693F83C20002A40F0AC80D2
:1090D00093F86931002B00F0A78044F06BDF022881
:1090E00040F3A280204644F003DF002800F09C807B
:1090F000206940F059DA23680646DA6ED4F86872BF
:10910000002A40F091801B7E002B00F08D8094F8A7
:10911000D4312BB120461FF067DA002840F084805C
:10912000D4F8A0315A6B5278D1070CD4DD795DB1F7
:10913000D4F86832D3F814311B695B42AB42CCBF20
:109140000825002500E0002506F00403002B18BFC9
:109150000825BB7916F0100618BF4FF4007623BB24
:10916000D7F8083193F93430FBB13B7AEBB13B7C53
:1091700023B107F1DC00FAF35BF2B0B994F88D3259
:10918000012B12D194F88E3223B1D4F8180535F0A2
:1091900019D850B9FB6DA3B13A6D40F237131340A3
:1091A0007BB197F86030D3B10BE094F88D325BB1AE
:1091B000D4F88C221D4B1340B3F5807F10D13B7C3B
:1091C00073B13543ADB20BE094F88E323BB1D4F8B5
:1091D000180534F0F7DF002808BF002500E01D4621
:1091E000022120464FF402722B4600911FF060DCF2
:1091F000354219D00023D4F86422D15889B18A7934
:109200007AB90A7A6AB10A7C5AB1D4F8440158F0A2
:10921000E9DE0146D4F8440103B0BDE8F04059F05E
:10922000A9990433202BE6D103B0F0BD00FFFF0065
:109230002DE9F84305680446D5F8A031D0F834800C
:10924000D3F810902B699B6F5E8BFDF315F7A36C21
:10925000A064C31AB3F5617F01D2BDE8F88320464C
:1092600045F0BAD984F83000204644F033DF84F862
:109270003100204645F088D894F8453084F85A00EB
:109280005BB194F8403084F8303094F8413084F881
:10929000313094F8423084F85A3098F801305B0746
:1092A00021D5E76B284694F9311094F9302094F9D0
:1092B0005A30B8475FFA89F94845074613D028461F
:1092C000394645F0A7D82869026D12F480020AD108
:1092D0004EB1012F06F1A40101D1602301E060220B
:1092E000134642F013DA28460122D5F86812FFF738
:1092F000E7FE98F80130980715D5A66B94F95A3017
:10930000284694F9311094F93020B04794F832305F
:109310000646834207D02846044932461FF0F8D853
:1093200008B984F83260BDE8F88300BF6FB08900E7
:1093300073B504680546204644F0DADDD4F8A03160
:10934000064693F85E20013283F85E20236893F886
:109350006931002B4AD0002848D0236A1B68022BB1
:1093600044D1012803D12046294645F0B5DB6B6B7B
:109370005B78DB0703D52846FFF75AFF36E0204627
:1093800045F05CD8D4F8A031DA7A72B1D4F868121A
:10939000D1F8141109694942914206DD721E012A71
:1093A0001ED95E73204601210EE09A7A7AB1D4F874
:1093B0006812D1F8141109694942914207DA042E62
:1093C0000ED05E732046042145F024D808E0597B76
:1093D00031B1204645F01ED8D4F8A03100225A738E
:1093E0002046D4F868120122FFF76AFE236893F83A
:1093F0006921002A51D0226A1268022A4DD1012225
:109400008DF806208DF807204EB3042E27D093F850
:10941000412022B393F842200AB3D4F864210AB160
:109420009279E2B993F83E30CBB1D4F8A03142F250
:109430000E729988013989B2914203D9598D11F080
:10944000030105D0013E012E09D82046012100E08C
:1094500020460DF107020DF10603FFF700FC9DF811
:1094600007109DF80630A1F101025142A3F101005D
:1094700041EB0201434243EB000302228DF8063028
:10948000204613468DF807102FF0DCD820469DF8B3
:109490000610022201232FF0D5D8236893F86931F2
:1094A00023B1236A2846196845F00CDFD5F88000FF
:1094B000FFF77EFD00207CBD2DE9F04705689A4648
:1094C0002B68044693F844008EB00F4616460028D9
:1094D00038D00DF10C094FF0000800212422484635
:1094E000F9F33AF2414608220CA8CDF81080CDF8E5
:1094F0000C80F9F331F242464346D5F8C0063946AE
:10950000CDF8349051F0FADCD4F8444180460FE0B5
:109510008DE8400101330493D5F8C00639464FF673
:10952000FF720CAB059451F0C9DC50B92468464475
:10953000049B002CECD1039A01209B18CAF8003040
:1095400000E000200EB0BDE8F08702680146D2F8C6
:109550006C31D2F8D80603F5C67203F5CE7305F068
:1095600077B8000000487047C4580100024B5422ED
:1095700002FB0030704700BFBC6501000048704727
:109580006466010038B58B781C1DA24230D30A787E
:10959000012A30D1142B34BF1A4614224B78022BE7
:1095A00004D0032B1ED0012B28D101E0002315E0AD
:1095B000002307E0CC18257990F8234001332C4391
:1095C00080F8234001309342F4DB0FE0CC1825797A
:1095D00090F8234001332C4080F82340013093421F
:1095E000F4DB03E024300431F9F332F1002038BD1C
:1095F0006FF00D0038BD6FF0240038BD002038BD7D
:1096000038B5044610468A78151DAB420FD30B7847
:10961000012B0FD1142A28BF142214238270C37087
:1096200004F124010430F9F313F1002038BD6FF088
:109630000D0038BD6FF0240038BD982970B5044680
:109640000D46164611D8243012B1FAF35DF501E04B
:10965000F9F3D6F72C2D0BD10121321CA06818BFCD
:1096600001221DF071D9002070BD4FF0FF3070BD98
:10967000002070BD70B505460C464EF067D8064612
:1096800080B190F861309BB9836923B9E420FEF37F
:109690007FF1B06130B1F36953B9E820FEF378F19E
:1096A000F06128B928462146BDE870404DF04E9E35
:1096B00070BD00002DE9F04F9A469BB00D46D1F8E1
:1096C0000C31D1F80461002800F0318189794468B7
:1096D000002940F02C81297C002900F028819AF88B
:1096E000011002291FD19B68182B1CD102F10A001E
:1096F000D5F808110622F9F397F0A0B90AF108008D
:1097000031460622F9F390F068B920462946D5F88B
:10971000082173F0F3DC30B120462946324673F05D
:10972000EDDC074620B9002300932846062138E0E7
:10973000BAF80E308BBB00210C2217A8F9F30CF1FC
:109740007C4B0DF1140917937B4B002128220DF15E
:109750003C08484618931994F9F3FEF000230021C1
:1097600020224046ADF82430F9F3F6F00AF1100358
:109770000193249BCDF80080103B0293D4F8BC06E3
:109780002946D02217ABCDF8589051F0D3DB0028F2
:1097900040F0CD80BDF824302BB102220092284643
:1097A00001213246C1E0D5F8103193F8F430F3B915
:1097B000D5F818311B7AD3B994F890322846590756
:1097C00044BF23F0040384F89032012124F0B0DC7C
:1097D000D5F81031012283F8F4204FF4FA70FDF32C
:1097E000BFF594F8903243F0040384F89032B6F851
:1097F0003280236AD3F804B008F44043A3F5404212
:10980000D2F1000A4AEB020A003318BF01230A33DF
:1098100054F8239008F46053B3F5005F03D1404639
:10982000FAF3A2F5804608F46053B3F5C05F27D180
:10983000236893F84F309B0714D0D4F85801D9F817
:10984000041049F00FDB00070CD499F8E5309907B4
:1098500008D5D9F80030022B12D1D5F868339B789F
:109860009A070DD54046FAF3FFF440F480539BB2BB
:109870000E288CBF4FF440484FF0000848EA030818
:10988000236A18695EF040DA40451CD04146D4F89E
:10989000580149F0E7DC204625F0A4DD204641468A
:1098A00024F0D2D8236893F83B304BB1D5F83C3341
:1098B0005968D4F8C035994202D0204620F03CDAED
:1098C00020461DF03DD8204606F1380120F016DD77
:1098D000D34524D0236A204639465A682B4673F074
:1098E0003DDA2368206A93F84F30503013F00303B9
:1098F00007F13C0108D03B69D3F8EC3003F4805306
:10990000D3F1010338BF00237F228DE80C00002231
:1099100013466CF0EBDA2046394673F053DF02232E
:1099200000210093284632460B463AF075DE1BB004
:10993000BDE8F08FA9B885000DBA85000B89F0B598
:10994000C48F03F0F0060419360934F81650428F1C
:10995000B0F83CE0013634F81670CC6882188644C2
:1099600087B052190EEBC50E2CB14E69C4EB060C34
:109970008E69664400E026467D1BADB2CDF800E05E
:109980000195C068029008680494039005964868A1
:10999000194600234FF084DF07B0F0BDF0B50C4648
:1099A0000989C58E01F0F006878E4519360935F80C
:1099B0001630C7194FF00C0E0EFB037787B0428E9E
:1099C0000136009735F816508218ED1AADB20195A0
:1099D0008068D2180290206800230390A069049048
:1099E000E069059060684FF041DE07B0F0BDF0B56A
:1099F0000C460989C58E01F0F006878E4519360997
:109A000035F81630C7194FF00C0E0EFB037785B0F2
:109A1000428E0136009735F816508218ED1AADB215
:109A200001958068D2180290206800230390606836
:109A30004FF0F6DE05B0F0BD2DE9F341B0F812802D
:109A4000878AC68A84798044C7198619F4B925465D
:109A500005F00F0336F81310013336F813208A424D
:109A60000ED00C4B521A181980884FF00C0E009033
:109A700092B208EB0100E3580EFB01714FF0CEDF0C
:109A8000013508340D2DE3D1002001E06FF0160000
:109A9000BDE8FC81685901000378FF2B01D018460E
:109AA0007047437813B18078FF3070474FF6FF70EE
:109AB000704791E80C0009895268B02902D11268F8
:109AC000032A08D090F8420630B1D3F864335878AE
:109AD00010B10230704700207047062070470368BD
:109AE00073B50446D0F82454D4F81C1498680AF0CE
:109AF00061DA26E0EE690BBBD4F8243405F10E02DE
:109B00009D4208BFC4F824642068214673F0F6DA49
:109B1000024640B1012102238DE80A002068214657
:109B2000002372F053DF23682946586851F088DC1F
:109B300094F82034013B84F8203401E0013BAB6110
:109B400035461DB1AB695A1CD4D116E02368D4F850
:109B500024249868D4F81C143AB90AF097DAC4F8A7
:109B60001C5484F8205402B070BD42F210722B468F
:109B700002B0BDE870400AF0F799FEE77FB5D0F873
:109B800024040E4615461C4698B104AB43F8040D58
:109B900000200093014632462B4651F09FDC40B92D
:109BA0004EF660235C4342F21073B4FBF3F4039B64
:109BB0009C6104B070BD00002DE9F0410546D0F86D
:109BC0000080D0F81441FDF357F2D8F82030064653
:109BD00018695EF099D8D5F808315B8E834259D167
:109BE00013F4404F09D1D8F8003093F8693123B10C
:109BF000404640F00FD800284CD0A36C002B53D027
:109C0000E16C721A9A424FDB94F850301BB1226912
:109C10005BB2934248DB94F84430FBB12769EFB163
:109C2000FF1AD8F8C4366FF0C7029742B8BF17467C
:109C300013B19F42B8BF1F46B4F90E30002B03DAB0
:109C40001A483246F8F3AEF6002213462846394643
:109C500054F026D8D5F80831228A5A8594F8453030
:109C600013B3676907B3FF1AB4F93A3027EAE77705
:109C7000002B04DA0E48E16C3246F8F393F62846DE
:109C80003946002254F05AD8D5F80831A48A9C8568
:109C9000BDE8F081D5F80831DA8DE36CD318E364C0
:109CA0009B1B002BC8BFE664BDE8F081AEC58900F0
:109CB000DFC5890010B5002012F04004187002D0F2
:109CC00012F0800F15D011F4007005D012F0800F43
:109CD00002D00120187010BD490501D5130605D525
:109CE00030B9D4F1010038BF002010BD002010BDF4
:109CF000012010BD2DE9F04F836B0D46596C0446D1
:109D000040F2395087B09246002281428DF81720E8
:109D100003D040F28B50814208D1B4F8522002F4B3
:109D20004042A2F540414A4242EB010218690392C7
:109D300068F072D828B3D4F8E4235AB1D4F8F80301
:109D4000012169F07FDE28B9A36BD4F8E413986889
:109D500069F0A8DC94F8943083B9D4F8F803B4F827
:109D60005210012269F038DEC4F8E40330B1BAF1D0
:109D7000000F03D120465EF04FDD46E10023C4F81A
:109D8000E433B4F85210A36B01F46051B1F5005FF5
:109D9000986805D0A1F5C052514241EB020100E0A4
:109DA000022169F071DC0646002800F02E8135B1F1
:109DB00020462946B4F8522033465EF007DDB4F859
:109DC00052904846FAF350F209F46057A36BB7F586
:109DD000005F986805D0A7F5C053594241EB0301D5
:109DE00000E0022169F050DCA36B054610B99868C9
:109DF000314617E0B7F5005F986806D0A7F5C05860
:109E0000D8F1000141EB080100E0022169F03CDCDF
:109E1000804650B9A36B3146986869F043DCA36B68
:109E20002946986869F03EDCEFE0D4F8E403B8B165
:109E300069F044DCB7F5005F06D0A7F5C05CDCF143
:109E4000000343EB0C0300E00223984208D0A36B0D
:109E5000D4F8E413986869F025DC0023C4F8E433EF
:109E6000D4F8E433FBB9A36BB7F5005F986806D06C
:109E7000A7F5C05EDEF1000141EB0E0100E002211A
:109E800069F002DCC4F8E40368B9A36B3146986852
:109E900069F008DCA36B2946986869F003DCA36BC2
:109EA00041469868BEE7D4F8E40369F02DDB20460C
:109EB0005EF04CD8284694F97B1069F017DD00233A
:109EC0000DF1170200932046434649465FF09CDCA3
:109ED0004046314669F054DB404694F9651369F019
:109EE000ADDC4146284669F04BDB94F858106329F5
:109EF00002D8284669F0B6DC284669F0DDDB284642
:109F000069F014DC94F8673307469B0098426FF0C1
:109F10007F012846B8BFDFB269F01EDCFFB25FFAEE
:109F200080F9A36B84F87E7084F87F90834618696B
:109F300067F072DFB8B1D4F8F803B4F8521069F0E2
:109F40002DDE01280FD1B4F8521000224B46D4F870
:109F5000F80369F0D5DDD4F8F803B4F85210002204
:109F60003B4669F0BDDD002384F891B084F896305B
:109F700084F88030BAF1000F03D02846514669F0CA
:109F800019DB94F8823028460BB1039B23B194F976
:109F90007E1069F0C7DA03E094F97F1069F04EDCB7
:109FA000D4F8E403294669F0D1DAA36B186967F0A5
:109FB00033DF98B1D4F8F803B4F8521069F0EEDD4D
:109FC000012803460AD1D4F8E403A16B0090886805
:109FD000B4F85220D4F8F81369F054DDA36B31467D
:109FE000986869F05FDBA36B2946986869F05ADBD3
:109FF000A36B4146986869F055DBBAF1000F04D1B4
:10A00000D4F8543A0BB12046984707B0BDE8F08F1A
:10A0100010B590F86330002B3CD0DB07C9B22CD5CB
:10A02000836E8B4223D190F8253A3BB10023846B99
:10A03000E4180133082B84F82021F8D1836BD3F87E
:10A0400028411B1983F82021836BD3F82841072C62
:10A0500001D0013400E00024C3F8284190F8253AEB
:10A060002BB190F8263A13B1002380F8253A90F8E6
:10A07000633023F0010380F8633090F8633013F00D
:10A08000020F07D023F0020380F86330836B186956
:10A0900067F0BADE002010BDF8B590F863300446D2
:10A0A000002B3AD1012902D0022939D100E0826681
:10A0B000A36B80F863101A6A94F8D900626618BB23
:10A0C00094F86C20002A2DD118698E2167F072DE79
:10A0D000400087B2062502E00A20FDF341F1A36BA0
:10A0E00007F174061869314667F064DE08B1013D76
:10A0F000F2D1A36B01221869314667F067DE204672
:10A1000001F012F8024600E0A122B4F852102046F5
:10A1100052B2BDE8F840FFF77BBF6FF01800F8BD02
:10A120006FF00200F8BD10B504465DF0EDDD0221D0
:10A13000C2B22046BDE81040FFF7AEBF30B5026C9A
:10A14000CB8892F829463CB9846B64690A2C03D900
:10A150004C8A14F4807F14D0846B6569272D03D159
:10A160000C8A14F4006F0CD18C88DBB214F0030F4E
:10A1700001D09D2B05D0232D07D14D8A15F0200F3E
:10A1800003D001238B7700230AE090F92C031B18DE
:10A19000E00444BF92F91E269B180022CB778A77F1
:10A1A0000B7700234B7730BDC369043B082B06D8DF
:10A1B000DFE803F01805090709050B050D0000206D
:10A1C000704717207047042070470720704790F8A9
:10A1D0003E03012808D0032814BF4FF483704FF4C6
:10A1E0008B707047012070474FF48B707047836B02
:10A1F00013B51A6A044601321A6290F86020002AE8
:10A2000000F0AC80B0F8C8222AB1D0F8F013A1F861
:10A210003622A1F83A22B4F8CC222AB1D4F8F013AD
:10A22000A1F82822A1F82422B4F8CA222AB1D4F82D
:10A23000F013A1F82222A1F82622216F40F606226F
:10A240000A402AB993F82C3113B120465DF0F8DDAD
:10A25000A36B1A6A1B6EB2FBF3F103FB1123A3B9C4
:10A2600020465FF085DC236F40F60202A16B1A40A6
:10A270000032086918BF0122B4F85210C3F38003FA
:10A2800067F0D2DD20465FF081DC226F40F60E23BE
:10A290001340B3B9A36BD4F88C21196AD2F890207B
:10A2A000D3F818318A1A9A420BD394F852202046D8
:10A2B0000121FFF7F1FEA26BD4F88C31126AC3F8CA
:10A2C000902094F8633043B1A36B1A6A636ED31A7B
:10A2D000052B02D9002384F86330D4F8F4202AB186
:10A2E000A36B196A1B6E8A1A9A420CD3226F40F62E
:10A2F000020313403BB920465DF016DE18B1A36B94
:10A300001B6AC4F8F430226F40F60F2313402BBBB6
:10A3100020465EF0B5DA20465EF054DAD4F88C318F
:10A32000D3F8882012B1013AC3F88820D4F8B43A9F
:10A330000BB120469847A36B186967F023DD68B11D
:10A34000A36B01A918690DF1070267F01FDD204614
:10A350009DF80710BDF804205DF0D4DD00201CBD81
:10A3600003460021986B40180131082980F820210C
:10A37000F8D19A6B0021C2F82811D16E032907D1B8
:10A38000D3F8C410C90703D5126A0832C3F8B8203D
:10A390000022991802324FF6A470202AA1F8040A6C
:10A3A000F7D10020012283F8240A83F8EC2A7047B1
:10A3B000836B10B59A69044692001BD590F8ED2A7C
:10A3C000012A17D1B0F8522012F4404F12D1186967
:10A3D00067F004DD636CB3F8B42692B242F0030276
:10A3E000A3F8B426636CB3F8B82692B242F0C00268
:10A3F000A3F8B82610BD80F8ED1A704730B5056C8B
:10A40000044687B028464FF4007141F21C1260F0F8
:10A4100047DB002800F09D8007230393202305934A
:10A420008023029300230190049340F8043B0133FE
:10A43000802BFAD1204601A965F0E8DE4FF4307395
:10A44000204601A9049365F0E1DE206C41F22F1152
:10A4500060F04CDB2046012164F086DC20463E495A
:10A4600036225DF0F7D9D5F8C434204640F6F41111
:10A470004FF480426BB113465DF0B4D9B5F858245F
:10A48000B5F856342046D31840F20C5140F2FF1272
:10A490009BB25DF0A7D91E22304920465DF0DAD983
:10A4A000204661F011D8204663F014DA9921012288
:10A4B000002320465DF068D9962102220023204621
:10A4C0005DF062D9A2210122002320465DF05CD913
:10A4D000A5214022002320465DF056D9A621012265
:10A4E000002320465DF050D9A121012200232046FF
:10A4F0005DF04AD930220023204602215DF044D984
:10A500006F2120464FF4005200235DF03DD94FF4F7
:10A510008052134620466F215DF036D9042213463F
:10A52000204640F2D7415DF05DD940F2D7414FF46B
:10A5300070624FF4807320465DF054D9204662F07B
:10A54000DBDB204640F275514FF4007200235DF0D2
:10A5500049D907B030BD00BFBE5A01002A5B0100D7
:10A56000F0B5072387B0066C0293202304930123E0
:10A5700004460D460193304605AB4FF4007141F29D
:10A580007332009360F08CDA002849D0D6F8B865B1
:10A59000074601460023B3422CBF9E46B64605EB54
:10A5A000CE0292F803C015F83EE001334EEA4C5E4D
:10A5B00092F802C052784EEA4C3E4EEA4212802B8C
:10A5C000059241F8042BE6D18DE809006946C023C5
:10A5D0002046039365F01ADE0023B3422CBF1A46CF
:10A5E000324605EBC20210795179400240EA4140FF
:10A5F000D179013340EA0102802B059247F8042B00
:10A60000EBD14FF4107320466946039365F0FEDDED
:10A61000236C41F29F31C3F8BC55206C60F066DAC0
:10A6200007B0F0BDF0B5076C89B0002304460D46B5
:10A6300038464FF400714FF49652059306930793F2
:10A6400060F02EDA0646002834D04DB9204605A920
:10A6500006AA07AB5EF028DB03953746002510E01D
:10A6600097F83336002BF8D0B4F9283A0693B4F9AA
:10A670002A3A0793B4F92C3A05934FF430730393B5
:10A68000EBE705A928460EC964F0B0DE0135802D40
:10A6900047F8040BF5D1072302932046202369468F
:10A6A00004930096019565F0B1DD206C41F2DF2145
:10A6B00060F01CDA09B0F0BD2DE9F047571A7E1C96
:10A6C0001FFA86F94FEA89034FF6FC7186B00446FB
:10A6D0001940006C41F6DE3260F0E2D905460028F0
:10A6E00071D010234FF0600ADFF8E0808DE8080495
:10A6F00004AA022320460021CDF808805EF0CCD8C1
:10A70000BDF81020BDF8123092059B059B0D920DEF
:10A7100043EA8222C246002308E055F8231001F0E4
:10A720007F61114345F8231001339BB2BB42F4DD36
:10A7300020234FF4A0788DE80801DFF894802A46A2
:10A74000334620460721CDF808805EF0B3D8206C50
:10A7500041F6F23160F0CAD94FEA49094FF6FE716D
:10A76000206C09EA010141F6F53260F099D90546FD
:10A7700048B310234FF0620C8DE8081020460123E7
:10A7800000210DF11602CDF808A05EF085D8002357
:10A7900005E0BDF8162025F8132001339BB2BB421B
:10A7A000F7DD10234FF4E07E8DE8084020460721B6
:10A7B0002A463346CDF808805EF07CD8206C41F6FE
:10A7C000024160F093D906B0BDE8F087CD21870043
:10A7D0006149870010B5044660F098D920460122EF
:10A7E00000234FF430615CF0FDDF2046042200239B
:10A7F0004FF430615CF0F6DF2046082200234FF46E
:10A8000030615CF0EFDFF022204613464FF43061F8
:10A810005CF0E8DF4FF47062204613464FF430617D
:10A820005CF0E0DF204600234FF430614FF48052AB
:10A830005CF0D8DF20460622042340F607315CF0A6
:10A84000D1DF20463822082340F607315CF0CADF0A
:10A850002046002340F607314FF4E0725CF0C2DF7F
:10A8600020463022102340F60B315CF0BBDF402243
:10A870002046134640F60B315CF0B4DF204640F62C
:10A880000B314FF4F0624FF480635CF0ABDF204695
:10A8900040F60B314FF4F0424FF400535CF0A2DF6E
:10A8A00094F8FC392046012B14BF4FF480534FF429
:10A8B000105340F60C314FF6FF725CF093DF2046E8
:10A8C00040F60C314FF6FF724FF480535CF08ADF94
:10A8D000204640F60D314FF6FF724FF450435CF0C6
:10A8E00081DF204640F60E314FF6FF724FF4784379
:10A8F0005CF078DF2046102340F60F314FF6FF72F0
:10A900005CF070DF20464FF431614FF6FF724FF478
:10A9100078435CF067DF204640F611314FF6FF7256
:10A920004FF47D435CF05EDF20460F22002340F6AB
:10A9300012315CF057DF2046F022002340F612313E
:10A940005CF050DF2046002340F612314FF4706275
:10A950005CF048DF20460F22002340F613315CF004
:10A9600041DF2046F022002340F613315CF03ADF4D
:10A970002046002340F613314FF470625CF032DF62
:10A9800020460F22002340F614315CF02BDF2046D6
:10A99000F022002340F614315CF024DF204640F61C
:10A9A00014314FF4706200235CF01CDF20460F224C
:10A9B00040F6153100235CF015DF2046F02200231D
:10A9C00040F615315CF00EDF2046002340F61531CD
:10A9D0004FF470625CF006DF20460322012340F64C
:10A9E00016315CF0FFDE20460C22002340F61631C3
:10A9F0005CF0F8DE20463022102340F616315CF081
:10AA0000F1DE2046C022402340F616315CF0EADE3B
:10AA10002046002340F616314FF440725CF0E2DE2F
:10AA2000204640F616314FF440624FF480635CF0EC
:10AA3000D9DE20460322002340F617315CF0D2DE37
:10AA400020460C2240F617314FF6FC735CF0CADE4C
:10AA50002046302240F617314FF6F0735CF0C2DE2C
:10AA60002046C022002340F617315CF0BBDE2046B2
:10AA700040F617314FF440724FF47F435CF0B2DE82
:10AA8000204640F617314FF440624FF47C435CF0AF
:10AA9000A9DE20460122002340F606315CF0A2DE4A
:10AAA0001F222046134640F605315CF09BDE4FF630
:10AAB000FF722046134640F604315CF093DE4FF6F9
:10AAC000FF722046134640F608315CF08BDE2046CC
:10AAD00040F609314FF6FF7247F6FF735CF082DEF5
:10AAE0002046082340F60A314FF6FF725CF07ADE0A
:10AAF00020463F2340F602314FF6FF725CF072DED3
:10AB00002046FF2340F603314FF6FF725CF06ADE09
:10AB10000F222046134640F601315CF063DEF0223E
:10AB20002046134640F601315CF05CDE01222046EF
:10AB300013464FF430615CF055DEA36B2046D96EAE
:10AB4000BDE810405FF0029A2DE9F043044689B059
:10AB50000F469046006C4FF4806141F23662994690
:10AB60005FF09EDF064600284ED0012213462046A5
:10AB700040F29C41C4F8D0705CF034DE20469DF871
:10AB800040105FF041DB28222046394661F09CDF0F
:10AB9000B0F5807F054603D9206C41F2526131E067
:10ABA000204640F2D661032200235CF01BDE08221F
:10ABB0001346204640F2DA615CF014DE2823424658
:10ABC0008DE8280020463346394665F061D91523C3
:10ABD0000396059300262023204603A90793049596
:10ABE000069665F013DB9DF8443020460193294614
:10ABF0004FF6FF723346CDF8009062F0F1DF206C23
:10AC000041F266615FF072DF09B0BDE8F0830000D9
:10AC10002DE9F04F00218FB0076C90F85250ADF83D
:10AC20003210ADF834100446002109A80C22F7F3C5
:10AC300093F60023ADF8363097F8153613B197F830
:10AC4000161601E097F81416D4F8DC002A465FF0D7
:10AC5000BDDC8046002800F06081204601215FF0C5
:10AC6000D3DAB8F8005045B12DB24FF47A726A4386
:10AC70002046012163F098DE0125B8F8023063B167
:10AC80000135EDB21BB24FF47A725A432046294681
:10AC900063F08ADE012D0AD100E0DDB102230093CA
:10ACA000012100230193029320460A4608E0022373
:10ACB0000121009301930023029320460A460B468C
:10ACC00063F014DF204605214FF486720DF1320344
:10ACD00061F01CDE00252E46A94638F8051029B380
:10ACE00004200B238DE8090009B20DAA4FF4FA7372
:10ACF000204661F07BDBBDF83420BDF832301C3AD1
:10AD0000D21AB7F9181613B299420FDC0EA906230E
:10AD100003FB061338F80510013623F8141C23F83A
:10AD2000122C23F8100CB6B24FF001090235042D95
:10AD3000D3D102230693102308930DF13603049315
:10AD400000250123204604A90593079562F094DEAF
:10AD500010238DE82800724B022102932046012324
:10AD60000DF1360201355DF0A5DD402DF0D1002555
:10AD7000204629462A462B4600950195029563F008
:10AD8000B5DEB9F1000F40F0B180C2E00EAB4FF07C
:10AD9000060909FB053939F8148C0135EDB20FFAB3
:10ADA00088FA4FF47A7202FB0AF22046294663F0D1
:10ADB000FBDDB7F91A2639F9123C9A4201DD002071
:10ADC00006E0B7F91C269A4201DD012000E00220CE
:10ADD0005FF0F4DB29460246204663F039DEBAF123
:10ADE000000FB8BFCAF1000A4FEA8A0A4FF0000903
:10ADF00040F271239A450ADD09F101095FFA89F9E8
:10AE0000AAF59C6AB9F1200FAAF1020AF0D10FFA53
:10AE100088F3002BD8BFC9F100095FFA89F94FFA0E
:10AE200089F34FEA48086FF41C7202FB0388002B79
:10AE3000B8BF5B42022B59DD4FF0000A002150469B
:10AE40005FF058DC0FFA88FB8BEAEB73A3EBEB7334
:10AE5000984244D1012150465FF04CDC02218046EB
:10AE600050465FF047DCBBF1000F82464FFA89F392
:10AE70000ADA002BDBBF5FFA89FB0BF1400909F10D
:10AE8000FF3B0BF13F0B09E0002BDBBF5FFA89FBB7
:10AE90000BF1400909F1010B0BF1410B4FFA89F35A
:10AEA000204604A9079362F0E7DDBDF8363020465E
:10AEB000984404A9ADF8368065F0A8D94FFA8BF311
:10AEC000204604A9079362F0D7DDBDF8363020464E
:10AED0009A4404A9ADF836A065F098D906E00AF1C5
:10AEE000010A5FFA8AFABAF1060FA7D1B542FFF458
:10AEF0004DAF4FF00003012E0093019302932046C3
:10AF00004FF0050101D1324601E00122134663F002
:10AF1000EDDD204600215FF077D90FB0BDE8F08F5E
:10AF2000614987002DE9F743904608220F461E46E7
:10AF300040F6070113460446056CBDF828905CF006
:10AF400051DC01221346204640F607015CF04ADC42
:10AF50004FF400521346204640F646015CF042DCB6
:10AF6000204640F639013A465CF06EDC94F86D33C9
:10AF7000204640F635010BB1802200E020225CF033
:10AF800063DC20464FF4046100225CF05DDC204667
:10AF900040F634017F2233465CF024DC20464FF437
:10AFA00001614FF480434FF440425CF01BDC94F8A5
:10AFB0006D33204640F6360113B14FF4807200E045
:10AFC00040225CF041DC204640F646010F22082377
:10AFD0005CF008DC94F86D63204640F64601F022F0
:10AFE00056B190235CF0FEDB204640F646014FF45C
:10AFF00070624FF4106308E033465CF0F3DB2046E8
:10B0000040F646014FF4706233465CF0EBDB2046BD
:10B0100040F633017F2243465CF0E4DB4FEA09232C
:10B02000204640F633014FF4FE4203F47F435CF0C8
:10B03000D9DB012620463B49642200230096019675
:10B04000FFF782FD4FF480521346204640F6A511CB
:10B050005CF0C8DB3246334640F6881120465CF08F
:10B06000C1DB4FF49670FCF37BF13246204640F68C
:10B0700037015CF0E9DB44F6216602E00A20FCF3CC
:10B080006FF1204640F637015CF0CCDB30B1013E79
:10B09000F4D103E00A20FCF363F101E044F62166F9
:10B0A000204640F637015CF0BDDB08B1013EF1D12E
:10B0B00040F6370120465CF0B5DBC10705D594F8B2
:10B0C000153343F0010384F815330023204640F67E
:10B0D000A5114FF480525CF085DB20465FF09CD9CF
:10B0E0002046002340F2A66141F6FF725CF07ADB55
:10B0F000D4F88C312046B3F98C20B5F9043C40F6E5
:10B1000009019A42B4BFB5F8065CB5F848554FF648
:10B110008072ED0105EA020303B0BDE8F0435CF084
:10B12000619B00BFA0252600F0B54F4B91B00446AF
:10B1300002AA03F1200618685968154603C50833AA
:10B14000B3422A46F7D118689B882860AB80012358
:10B1500084F8263AA36B8E21186966F02BDE400036
:10B1600086B2972502E00A20FCF3FAF0A36B06F101
:10B170007401186966F01EDE08B1013DF3D1A36BBE
:10B180004FF44271186966F015DEA36B074640F272
:10B190000A31186966F00EDEA36B05464FF4437161
:10B1A000186966F007DEA36B064640F20E31186997
:10B1B00066F000DEBE1936042D1876190AD194F80F
:10B1C000253A4FF67862ADF83820002B31D084F85C
:10B1D000266A2EE04FF48673ADF83C3006F5807693
:10B1E0000023760A00930FAB360201930DAA0EAB33
:10B1F00020460CA90C965DF0BDDFBDF938201B4B35
:10B200009B1A002BB8BF5B42702B94F8EC2A02D833
:10B210005AB1282B09D94FF67863ADF8383094F835
:10B22000253A13B1002384F8263A12B1002384F89A
:10B23000EC3A236CBDF9381093F83536891008467E
:10B240007BB14AB212F1560F0BDA12F1690F08DB2B
:10B250006FF056039B1A10AA02EB430313F8380C45
:10B26000401840B211B0F0BD1839010078FEFFFF60
:10B27000436C2DE9F041D3F82031044603F001037B
:10B280000D4683F001061BB9836B186966F0B4DDC7
:10B290002046276C5EF0C2DF40F27F41A7F802042F
:10B2A0002046276C5CF0BEDAC005C00D4010A7F840
:10B2B0000404226F41F6062313402BB944F62062A2
:10B2C000102D08BFFA2200E0FA22A36BB8211869FA
:10B2D00066F07CDDA36B41F60627186966F098DD01
:10B2E0002046FFF765F8236F1F407FB9A36B204608
:10B2F0001B6A0121C4F8D430D4F88C815FF00CD9DA
:10B30000D4F88C31A8F88C00C3F88870082D01D0CF
:10B31000E80606D503210A22204660F0B1D9082D9F
:10B3200001D0A90604D5204664F0D0DC082D01D058
:10B330006A0604D5204662F071DE082D01D0EB05C7
:10B3400006D5236C93F8173613B12046FFF760FC3F
:10B35000204660F0BBDD2046FFF72AF8082D01D01B
:10B3600028060BD5256C95F8643523B1204666F088
:10B37000F1DBC5F85405204665F074D820465CF032
:10B3800053DB1EB9A36B186966F036DD2046002139
:10B39000FFF748F9236C93F8333673B12046012147
:10B3A000FFF740F9204640F237614FF440424FF436
:10B3B0000043BDE8F0415CF0159ABDE8F081816B77
:10B3C000D0F8D4300A6A10B59A42044601D3D31A91
:10B3D00001E0DB439B18D4F82823934200D302BB3F
:10B3E0008A6E93421FD3D4F88C31D3F88830D3B906
:10B3F000012120465FF090D8D4F88C21B2F88C302F
:10B4000019B28842CCBFC3EB0000C0EB030094F834
:10B41000661300B2884208DAA36B9B6EC2F88830CC
:10B4200001E0012010BD002010BD012010BD012051
:10B430007047000001290BD1012B09D8013B0649B7
:10B4400002EB830251F822305A1C03D0C018704717
:10B450000020704700207047745B0100142303FB39
:10B46000010070478369DA688A4218BFD960704763
:10B4700038B504462569006835B105F5077115F042
:10B4800031DC2846FCF390F2E06C0025256108B120
:10B49000FCF38AF2E56438BDF8B5846905460668B0
:10B4A000E06A08B1FCF380F2E969B068002708F0AF
:10B4B00081DD00212846FFF7D5FF284684F83D703E
:10B4C000FFF7D6FF304623F0F9D827826762A762DC
:10B4D000E7622783F8BD10B550B1D0F8400238B10B
:10B4E000072905D83C2404FB01018858C3188B5058
:10B4F00010BD2DE9F0410C4616460546002831D016
:10B50000D0F84032002B2DD03C2202FB0133182210
:10B510001F6A3346FFF7DFFF284621461C2201231E
:10B52000FFF7D9FFBE422846214601D2242214E06B
:10B53000B6EB470F01D228220FE0B6EB870F01D2FE
:10B540002C220AE0B6EBC70F01D2302205E0B6EBA1
:10B55000071F01D2342200E038220123BDE8F04168
:10B56000FFF7B9BFBDE8F08173B504680325204635
:10B5700001214FF48062002300951DF099DA00212B
:10B5800020460A46012300954DF084DB0026D4F8BE
:10B5900064329D599DB1AB798BB9D5F818315A6C8D
:10B5A00022F001025A641A78012A01D15B7F33B17B
:10B5B0002846002122F0BCDD284667F0B1DA0436C7
:10B5C000202EE4D1204602B0BDE8704023F07698EA
:10B5D000F8B5D0F8B0550446AE69F368002B30D00A
:10B5E000012B30D028460121FFF73CFFA068E96914
:10B5F00008F0E0DC28B128460021FFF733FF0127DF
:10B6000000E00746338A83B1236A18695CF07CDB6B
:10B61000338A834209D0204623F0E4DE2046318A73
:10B6200022F012DA20461BF08BD9D4F8B005FFF7D0
:10B630009BFF204624F0CED92846FFF72DFF384641
:10B64000F8BD0120F8BD0020F8BDFFF7C1BF002004
:10B6500070472DE9F843DDF820800446D8F80070E3
:10B660000E46154699460FB91FE01F463B68A3B129
:10B67000BCB12046F9683246F7F3D6F028B928461F
:10B6800079684A46F7F3D0F018B17B69002BECD10A
:10B690000BE0C8F80070BDE8F8836FF00100BDE86A
:10B6A000F8836FF00100BDE8F883C8F800706FF010
:10B6B0001D00BDE8F8831FB50C46416B81B104A89D
:10B6C00040F8041D009019461046BDF81C30069A3B
:10B6D000FFF7BFFF30B92CB1039B1B68236001E06B
:10B6E0004FF0FF3080B204B010BD10B50C4699B1D8
:10B6F0000B6863B10846F5F3CFF7E068FCF354F14B
:10B700006068FCF351F100232360E360636020462E
:10B71000BDE81040FCF348B110BD2DE9F84F476B70
:10B7200004460D4616469B46DDF828A0BDF82C9031
:10B73000002F33D0B1B9AAB930E07DB976B1BAF1F2
:10B74000000F0BD03046F9685A46F7F36DF028B970
:10B75000504679684A46F7F367F050B17B691BB9E8
:10B76000BDE8F88FB84601E0B8461F46AF42E4D1C5
:10B77000A7B1636B39469F427B6908BF6363C8F812
:10B78000143023685868FFF7B0FF94F83030013B5D
:10B7900084F83030636B0BB984F83030BDE8F88F33
:10B7A00010B5044605E04B69636323685868FFF7EA
:10B7B0009CFF616B0029F6D184F8301010BD2DE993
:10B7C000FF471E460023039390F830300446102BA9
:10B7D00088461746DDF83090BDF8345009D9416BE2
:10B7E00039B14A680B7C00920A890192CA68FFF756
:10B7F00094FF636B0393B8F1000F65D0002F63D003
:10B80000B9F1000F60D003AB0093384631464A4689
:10B810002B46FFF71EFF824628B9039B4146186856
:10B82000F5F31EF755E01E3053D11820FCF3B0F0AD
:10B83000824600284BD02069F5F3C0F6CAF8000014
:10B84000B0B13046FCF3A4F0CAF80C0018B9504669
:10B85000F5F322F70CE02846FCF39AF0CAF804004E
:10B8600050B95046F5F318F7DAF80C00FCF39CF0E9
:10B870005046FCF399F02AE0636B2BB9012384F85E
:10B880003030C4F834A007E094F83030013384F845
:10B890003030039BC3F814A0DAF80C003946324666
:10B8A000CDF80CA0F6F3D4F7039B49461E745868F4
:10B8B0002A46F6F3CDF7039B41461D811868F5F340
:10B8C000C1F64FF0000A04E06FF0010A01E06FF0EA
:10B8D0001A0A504604B0BDE8F087F8B51E46144673
:10B8E0000D460CE0FEF7D8F8B04215D07A78931CDC
:10B8F0009C420ED9ED186FF001039B1AE41854B165
:10B9000028462146FF22F7F321F407460028E9D113
:10B9100002E0002700E027463846F8BD08B511468A
:10B920001A464FF4AE73FFF7D8FF58B14378A3F12E
:10B930002102D2B2202A04D8029A013B13700330AC
:10B9400008BD002008BD2DE9F0470468A0B0D0F87C
:10B950000480064602200F688946F4F761FA002544
:10B9600001212A4620238246606A1F95F1F3A2F541
:10B9700001212A4620231D90606AF1F39BF50121E5
:10B980002A4620231E90606AF1F394F501212A468D
:10B9900020231A90606AF1F38DF5202301212A46B5
:10B9A0001B90606AF1F386F5143729461C905246C5
:10B9B0000FA808F1E205F6F3CFF70622384629462C
:10B9C000F6F332F7002817A807DD39460622F6F30A
:10B9D0003FF70DF16200294606E029460622F6F3FC
:10B9E00037F70DF1620039460622F6F331F717AA50
:10B9F00001920C22002307AD0FA902922027524684
:10BA00000220009303950497F4F730FB1B98F2F3A0
:10BA1000ABF22A4601213B461A98F2F379F2A36968
:10BA20001C9861691B9AF1F7C8FF1A981C9A014685
:10BA3000F1F7F6FF1A981B9A0146A3690836F1F749
:10BA40007AFF304698F81850F7F332F080B2019040
:10BA50001FA9204608F119022B460096FFF72BFE7E
:10BA600008B91F9BA3B11A99D9F8D4201F98F5F3F0
:10BA700049F71DA91EAAD9F8D400F5F32BF61AA888
:10BA8000F1F356F61BA8F1F353F61CA8F1F350F6A8
:10BA900020B0BDE8F08770B5456892B00446002636
:10BAA000286801A9202211961BF0CEDB202301215A
:10BAB00001AAD4F8C000F2F32BF2286809A92022C9
:10BAC0001BF0C2DB686A012132462023F1F3F2F455
:10BAD000119000B3012109AA2023F2F319F26B6936
:10BAE000D4F8B800D4F8C010119AF1F724FFD4F8B4
:10BAF000DC201199D4F8D400F5F304F7D4F8DC0075
:10BB00000146F5F3B9F6D4F8DC0004F1C40104F100
:10BB1000C802F5F3DFF511A8F1F30AF6002120229F
:10BB200009A8F6F319F701A800212022F6F314F76B
:10BB300012B070BDF0B5C1B007AD0C461746114646
:10BB400028460222F6F384F601210DF11E0220237D
:10BB5000D4F8BC00F1F302F601210DF13E022023DE
:10BB6000D4F8CC00F1F3FAF501210DF15E022023A7
:10BB7000D4F8D000F1F3F2F501210DF17E0220237B
:10BB8000D4F8B800F1F3EAF501210DF19E0220236B
:10BB9000D4F8C400F1F3E2F501210DF1BE02202337
:10BBA000D4F8C800F1F3DAF500238DE82800C222AA
:10BBB0002025029238AE04F118012A46022003968D
:10BBC0000495F4F753FAB81C31462A46F6F32CF6DE
:10BBD000D0F1010038BF002041B0F0BD30B590F881
:10BBE0008C318DB004460D68002B3FD0D0F8D400C6
:10BBF00008A909AAF5F36EF5202301216A460998E0
:10BC0000F1F3ACF5D4F87031E31893F893219DF873
:10BC10001F305340D80724D501210022EB69686A00
:10BC2000F1F348F4EB690A9001210022686AF1F30C
:10BC300041F401210B900A9A2869F5F3A9F6002333
:10BC40000B980A99099AF1F7B8FE08990B9AD4F85B
:10BC5000D400F5F3D9F50AA8F1F36AF50BA8F1F3CE
:10BC600067F52046FFF717FF002501E04FF0FF358D
:10BC7000E43404F1A000F1F35BF504F19C00F1F36E
:10BC800057F504F1A400F1F353F504F1AC00F5F31A
:10BC900003F504F1B00000212022F6F35DF62846FA
:10BCA0000DB030BD2DE9FF410546006832F8066F42
:10BCB0000C46D0F80080FFF73DFF002833D06968BC
:10BCC000A4F864608F7904F138068FB9D8F8D006EB
:10BCD0003246202376F0ACDC2368696814338DE8A3
:10BCE00088003246D8F8D006202376F0B5DB17E07E
:10BCF0001023009323684FF48027143301930846E0
:10BD00002022314604F10803029750F095DE48B92D
:10BD10002168686814313A46D5F88C30FDF72EFF5B
:10BD2000012000E0002004B0BDE8F0812DE9FF41D2
:10BD3000D688B1F8643005460068B3420C46D0F8A6
:10BD400000803BD84FF6FF739E4237D00632FFF794
:10BD5000F1FE002833D06968A4F864608F7904F19B
:10BD600038068FB9D8F8D0063246202376F060DC4A
:10BD70002368696814338DE888003246D8F8D00605
:10BD8000202376F069DB17E01023009323684FF43B
:10BD900080271433019308462022314604F108031A
:10BDA000029750F049DE48B92168686814313A4674
:10BDB000D5F88C30FDF7E2FE012000E0002004B051
:10BDC000BDE8F08173B5002304460B990068019328
:10BDD0001646089D41F01CDB079B032B04D901A8E4
:10BDE00006990422F6F334F50C3E032E1CD8DFE846
:10BDF00006F00A0F0204A36A08E0019B5A1E272AD4
:10BE000015D8A3620EE0E36AC3F340032B6009E098
:10BE10000198E36A18B923F00203E36209E043F0F2
:10BE20000203E362002004E06FF0160001E06FF00F
:10BE300001007CBDF8B5876805464FF4E0700E46FA
:10BE4000FBF3A6F50446002878D000214FF4E072F9
:10BE5000F6F382F5266065600023F451686AA4F861
:10BE6000AC30012100222023F1F324F3C4F8BC00FC
:10BE7000002866D0686A012100222023F1F31AF31A
:10BE8000C4F8B80000285CD0686A01210022202391
:10BE9000F1F310F3C4F8CC00002852D0686A0121F5
:10BEA00000222023F1F306F3C4F8D000002848D084
:10BEB000686A012100222023F1F3FCF2C4F8C000DB
:10BEC00000283ED02869F5F379F3C4F8D40000289F
:10BED00037D02869F5F372F3C4F8D800002830D0C1
:10BEE0002869F5F36BF3C4F8DC0050B31323A4F80E
:10BEF00066302B68174998683246002308F0DED870
:10BF00002B68A066144998683246002308F0D6D8FA
:10BF10002B68C4F8B000114998683246002308F035
:10BF2000CDD82B68C4F8B4000D4998683246002378
:10BF300008F0C4D8C4F8E000002408E06FF01A0448
:10BF400001E04FF0FF34284631466DF0D5DC204645
:10BF5000F8BD00BF85D1870079D187000DD187005A
:10BF60005DDF8700F8B547680646CD590C46DDB160
:10BF7000436B0BB1FFF714FCD5F89C1049B1336843
:10BF8000986808F017D83368D5F89C10986808F0BE
:10BF90007DD8D4F8243413B120464FF02FDA284648
:10BFA000FBF302F50023E351F8BD00002DE9F04159
:10BFB000D0F89830D0F89010013344688B4225684F
:10BFC0008EB00246C0F8983009D1D0F894307BB1D9
:10BFD000D2F89C104FF47A72A8685A4304E007D252
:10BFE000D2F89C10A868214A002307F0BDDF39E091
:10BFF000D5F8D006214675F037DF237A002B31D0F3
:10C00000D4F80801F7F314F3074658BB227E04F175
:10C01000DC080EAE04F1190106A846F8242DF6F34B
:10C0200017F421464246284671F068D804F1E2032D
:10C030000193022302460293214643462846CDF847
:10C04000008020F0F5DC3946204639F0C9D9214678
:10C05000284640F059DF28461A213246242300970B
:10C06000F6F76EFA0EB0BDE8F08100BF80EE360044
:10C070002DE9F04F0D68ADB004460121A86922AA50
:10C080002023D5F800B0F1F369F34FF0080AD4F893
:10C09000683194F86C11E21804F1E40682F8E310B8
:10C0A00006F18C020C210DF16809019206F1900055
:10C0B0003246CDF80090F9F343F2D4F870114048BD
:10C0C0000591F6F3F5F422AA03464FF020080092FA
:10C0D00006AF05993A4A4846CDF804800297CDF854
:10C0E0000C80F9F307F201213A464346D4F888015F
:10C0F000F1F30EF758466EF017DAD4F88801A96903
:10C10000F1F39CF2002836DAD4F88431CDF808B087
:10C1100000932C4BD4F8881101932869D4F890210E
:10C12000D4F88031F5F3E8F228BB94F88C3113BBD6
:10C130002869D4F89011F5F3C7F4E0B1012384F82D
:10C140008C314946D4F8702106F1B000F6F380F343
:10C15000D4F890012AA92BAAF5F3BCF22A992B9ABC
:10C16000D4F8D400F5F350F3D4F8682128683146A8
:10C17000013A1BF069D894F86C310133DBB284F8D2
:10C180006C31AA6A934207D80AF1FF3A5FFA8AFA39
:10C19000BAF1000F7FF47BAF0021502206A8F6F31E
:10C1A000DBF3002120221AA8F6F3D6F394F86C01F1
:10C1B000AB6A984234BF002001202DB0BDE8F08F5B
:10C1C00062E6890075EA87002DE9F04F4368CFB039
:10C1D000CB58044603F1080948468846F6F368F44C
:10C1E00007460220F3F71CFE00234EA941F8043D48
:10C1F000BBB208F1190207930692079A834601928F
:10C2000098F818302046069ACDF80090FFF753FAB8
:10C2100018B94D9B002B40F00A81012100222023F8
:10C22000606AF1F347F10121002220234290606A05
:10C23000F1F340F10121002220234390606AF1F3E1
:10C2400039F10121002220234490606AF1F332F198
:10C250000121002220234590606AF1F32BF1012196
:10C26000002220234690606AF1F324F1012100228C
:10C27000E3694790606AF1F31DF105210246499098
:10C280002069F5F385F3E36901210022606AF1F387
:10C2900011F10421024648902069F5F379F32069F1
:10C2A000F5F38CF14A902069F5F388F14B90206901
:10C2B000F5F384F108AD002180224C902846F6F376
:10C2C0004BF33A4628464946F6F3C2F201210022D2
:10C2D0003023606AF1F3EEF0012100223023409018
:10C2E000606AF1F3E7F0002633460DF1E00A419071
:10C2F00098F818200195022028AD0699029700961B
:10C30000CDF80CA0CDF810B0F3F7B0FE30223146D6
:10C310002846F6F321F34748F6F3CAF3454B302796
:10C3200000930190514602205A46334602950397E6
:10C33000F3F7BCFE01213B462A464098F1F3E8F5AD
:10C340004098A2690146F1F76BFB429B4899009324
:10C35000439B499A01934098A369F1F779FF429969
:10C36000439A4B98F5F350F231463A462846F6F395
:10C37000F3F23148F6F39CF32F4B019000935146B2
:10C380005A463346022002950397F3F78FFE3B4649
:10C3900001212A464198F1F3BBF54198A269014673
:10C3A000F1F73EFB449B48990093459B499A0193C2
:10C3B0004198A369F1F74CFF4499459A4C98F5F3DD
:10C3C00023F24C994A9A4B98F5F3A2F0079A98F801
:10C3D000183001924A99069A2046CDF80090FFF74E
:10C3E000EEF946A947AA4A98F5F374F142A8F1F389
:10C3F0009FF143A8F1F39CF144A8F1F399F145A80A
:10C40000F1F396F148A8F1F393F149A8F1F390F113
:10C4100040A8F1F38DF141A8F1F38AF14BA8F5F3AF
:10C420003BF14CA8F5F338F14AA8F5F335F14FB0DC
:10C43000BDE8F08FB85B0100D25B0100C06A00F07C
:10C440000100704721B18368CB5893F8BC01704755
:10C45000084670472DE9FF41476804460023D0F89D
:10C46000008038460E46A2F168050393FFF7E6FF09
:10C4700090B138464146FFF7E5FF68B103AB009342
:10C4800021462B46386806F16002FFF747FA039D04
:10C49000014610B99DB100E03146A5F12003202BE3
:10C4A0000DD8B4F8AC309D4209D104F16C002A4695
:10C4B000F6F3BAF1002814BF0520002000E00520A3
:10C4C00004B0BDE8F08100002DE9F0419846B8B015
:10C4D0000023359336937F4B07460C4630AE03F16D
:10C4E000100E18685968354603C5083373452E4643
:10C4F000F7D13D680121202302F10806686A002275
:10C50000F0F3D8F735902869F5F358F0B8F1680FD3
:10C51000369015D97B689B79002B00F0B9802846AE
:10C52000FFF78CFF20B128462168FFF78BFF48B941
:10C53000A8F168081FFA88F8A4F8AC80464401E026
:10C5400040F0A880D4F8BC00012132462023F1F34A
:10C55000DFF4D4F8BC00F1F3F9F2002840F09C803D
:10C56000D4F8BC006969F1F369F0002880F2948086
:10C57000012106F120022023D4F8CC00F1F3C8F405
:10C580000121D4F8D00006F140022023F1F3C0F4D9
:10C59000D4F8BC00D4F8B810F1F350F070B9D4F866
:10C5A000CC00D4F8C410F1F349F038B9D4F8D00075
:10C5B000D4F8C810F1F342F000286FD0D4F8D800B6
:10C5C000D4F8CC10D4F8D020F5F31EF1002867D0B1
:10C5D000D4F8BC10D4F8D400369AF5F393F1369819
:10C5E000D4F8D8100246F4F393F73698D4F8C01074
:10C5F000024620AEF5F386F1369834A90022F5F311
:10C6000069F03246202301213498F1F3A7F000218C
:10C61000202228A8F6F3A0F1202137AB324618AF2C
:10C62000019328A80B460097F8F38AF7D4F8B810BE
:10C63000D4F8BC206B693598F1F77DF92023324698
:10C6400001213598F1F38AF03146102204F10800F7
:10C65000F6F3FEF030A8F6F32BF220254022034635
:10C660000096039204AE294630AA384601950296F8
:10C67000F8F340F704F1180031462A46F6F3E8F0E3
:10C6800004F138000CA92A46F6F3E2F0002408E091
:10C69000FF2406E0042404E0032402E0012400E077
:10C6A000022435A8F1F344F036A8F4F3F5F700219D
:10C6B000202218A8F6F350F10021502204A8F6F326
:10C6C0004BF120A800212022F6F346F1204638B095
:10C6D000BDE8F081FEE589002DE9F04F1D46836835
:10C6E00089B0EF5843688046CB580E4607931846EA
:10C6F00091463946129A139BFFF7E6FE032804463B
:10C7000001D1009005E0022801D0042816D10323AE
:10C710000093012301930293002303930493D6F81B
:10C7200008313046B3F8623005F11401C3F3401309
:10C7300005934A462B46F7F70BFB65E0012862D0CC
:10C74000002861D1B7F8623040460133A7F8623063
:10C75000FFF774FE40B140462946FFF773FE0028FC
:10C7600014BF7E20002000E0204601234FF0000A85
:10C770004FF0030B0193D6F80831CDF800B00290CA
:10C78000CDF80CA0CDF810A0B3F8623005F1140C70
:10C79000C3F34013614605934A462B463046CDF815
:10C7A00018C0F7F7D5FACDF800B0D6F808314FF039
:10C7B000020BCDF804B0CDF808A0CDF80CA0CDF850
:10C7C00010A0B3F86230DDF818C0C3F3401361461F
:10C7D00005934A462B463046F7F7BAFAD9F80030A7
:10C7E000B96EC7F85930B9F80430A7F85D30D8F8F9
:10C7F00000309868079BD3F88820534607F0B4DBD5
:10C8000087F858B000E0FF24204609B0BDE8F08F5B
:10C810002DE9F04FD0F804A087B09AF8063005460D
:10C820000C4693460768D1F8009043B390F8A930BE
:10C8300013B1013B80F8A930D4F8B43138460093E5
:10C84000D4F8B831514601935A464B46FFF744FF9E
:10C850000646D4F8B40168B10021D4F8B821F6F343
:10C860007BF0D4F8B401FBF39FF00023C4F8B4319B
:10C87000C4F8B831002E14BF022000202DE0384645
:10C88000FFF7DCFD38B138464946FFF7DBFD0028ED
:10C8900014BF7E20002003234FF001088DE808011B
:10C8A0000026029003960496DAF8083109F1140183
:10C8B000B3F862305A46C3F34013059350464B46D3
:10C8C000F7F746FA3B68A16E9868D5F8882033469A
:10C8D00007F04ADB84F85880304607B0BDE8F08F97
:10C8E000052B10B503D1BDE81040FFF791BF436899
:10C8F0009B792BB190F8A93013B1013B80F8A93096
:10C90000022010BD2DE9F0419846436805469B7909
:10C910000C461646069F8BB190F8A930013380F87B
:10C92000A9303846FBF334F0C4F8B401002834D001
:10C9300041463A46F5F38CF7C4F8B8710023A4F8E1
:10C940006030A4F86230A4F864303368C4F8593019
:10C95000B388A4F85D302868FFF770FD90B12868AF
:10C960002168FFF76FFD68B121462846FEF7EBFF0F
:10C970002046FFF790F8284621463246BDE8F041B0
:10C98000FFF746BF204629466CF04EDD20B9042350
:10C9900084F85830BDE8F0810220BDE8F0812DE92F
:10C9A000F04387B015460F9A0646012A0C461F46EB
:10C9B000DDF83880D0F804C0D1F8009059D19B88B8
:10C9C000072D8CBFFA88FF220BB17E2B59D1002195
:10C9D0007E2B84F8BC1103D1012384F8BC3104E020
:10C9E0001BB96368DB6A98074BD5132A16D003215D
:10C9F00001224D238DE80E00002303930493DCF8FD
:10CA000008316046B3F8623009F11401C3F34013F2
:10CA1000059342464B46F7F79BF932E096F8A8009B
:10CA200007F1080196F8A99040B9012386F8A830CB
:10CA3000B9F1000F28D1682D0AD904E0B9F1000F2F
:10CA400012D1682D0AD920462A466DF00FDAD8B9DE
:10CA50000E953046214642463B460DE03046214683
:10CA60006DF042D848460FE0304621466DF03CD884
:10CA700009E042B90E95424607B0BDE8F043FFF722
:10CA800041BF022000E0002007B0BDE8F0832DE99F
:10CA9000FF4105680C46A3F10807D1F80080A4F80F
:10CAA000AC7000212846039102F10806FFF7C6FC8E
:10CAB000A0B128464146FFF7C5FC78B103AB00930F
:10CAC00032463B4628682146FEF728FFBDF80C3069
:10CAD0000646A4F8AC3018B913B90FE0A4F8AC704E
:10CAE000B4F8AC20A2F120039BB2202B06D804F1AD
:10CAF0006C003146F5F3ACF6002001E04FF0FF305A
:10CB000004B0BDE8F0812DE9F04F90E8C00089B095
:10CB10000792139A8046012A0C469A46DDF848B0DF
:10CB20000D6840F0AC803368896E986807F042DA8F
:10CB300004F16C030021402218460693F5F30CF72C
:10CB40000021A4F8AC100799BAF8042007298CBF7B
:10CB5000BAF80610FF214C2A069B3CD14FF0000981
:10CB6000184649464022A4F86090F5F3F5F6A4F87B
:10CB7000AC90404621465246079BFFF788FF30465F
:10CB8000FFF75CFC78B130462946FFF75BFC50B1FB
:10CB9000032201234FF07E0C8DE80C10CDF80C9091
:10CBA000CDF8109008E003234FF0010E8DE8084007
:10CBB0000023029303930493D7F808313846B3F85F
:10CBC000623005F11401C3F3401305935A462B4616
:10CBD000F7F7BEF849E04D2A04D1B4F866308B422D
:10CBE00018D042E00AB17E2A3FD113290ED1079A0C
:10CBF0003046019239465A462B46CDF800A06CF0DB
:10CC0000D5DF002814BF0220002076E0B4F86030A1
:10CC1000052B01D900233BE0032201234FF04D09EE
:10CC20008DE80C024FF00009CDF80C90CDF8109073
:10CC3000D7F8083105F11401B3F862305A46C3F34E
:10CC40004013059338462B46F7F782F8B4F8603066
:10CC5000A16E0133A4F860303368D8F88820986852
:10CC60004B4607F081D9484647E03368A16E986883
:10CC7000D8F88820002307F077D900203DE0931EE4
:10CC8000012B4FF0000337D8B1F86010052903D904
:10CC900084F85830022030E0032A09D1326801318B
:10CCA000A4F860109068A16ED8F8882007F05CD9CD
:10CCB0003046FFF7C3FB38B130462946FFF7C2FBC9
:10CCC000002814BF7E200020032301248DE81800D3
:10CCD0000024029003940494D7F808313846B3F83E
:10CCE000623005F11401C3F3401305935A462B46F5
:10CCF000F7F72EF8204600E0184609B0BDE8F08F9F
:10CD00002DE9F3470B6882685B680646D3F808A0F4
:10CD1000D3F80490B3F810801B680D46032B5AF823
:10CD20000240DAF810701DD1FFF788FBD0B1304611
:10CD30005146FFF787FBA8B1B4F8AC3093B1B9F115
:10CD4000010F0FD1B8F14C0F01D0BA7952B9AA69CD
:10CD5000FF2000925D2104F16C02DBB2F1F70EFDC1
:10CD6000002001E06FF01600BDE8FC872DE9F843D4
:10CD70000B6882685B680446D3F808905F681E8A77
:10CD80001B6859F80280032BD9F8105013D1FFF714
:10CD900055FBA0B120464946FFF754FB78B1B8F8DF
:10CDA000AC0060B1012F06D14C2E01D0AB792BB96C
:10CDB0000330BDE8F8830020BDE8F8830020BDE81B
:10CDC000F8832DE9F04F0B6882685B68B9B0D3F83F
:10CDD00008805E681F8A1B688146032B58F8024052
:10CDE000D8F810A08D69D1F81CB040F09F80012EBA
:10CDF00048D137B1A7F14C039BB2012B01D97E2F4B
:10CE00000FD1B4F8663038A9284621F8043D022233
:10CE1000F5F31EF502350FB17E2F02D19AF80630D8
:10CE20000BB14C2F13D14846FFF708FB20B1484601
:10CE30004146FFF707FB50B9B4F8AC203AB1284699
:10CE400004F16C01F5F304F5B4F8AC30ED180FB152
:10CE50007E2F6ED101212A462023D4F8B800F0F3AA
:10CE60007DF4012105F120022023D4F8C400F0F361
:10CE700075F4D4F8C800012105F140022023F0F335
:10CE80006DF456E0022E54D1B4F8623038A921F87E
:10CE9000023D28463246F5F3DBF4BDF8DE3038AF0C
:10CEA00027F8C83D01210DF11A022023D4F8B8005B
:10CEB000F0F354F401210DF13A022023D4F8C40018
:10CEC000F0F34CF401210DF15A022023D4F8C800EC
:10CED000F0F344F401210DF17A022023D4F8BC00D0
:10CEE000F0F33CF401210DF19A022023D4F8CC0098
:10CEF000F0F334F401210DF1BA022023D4F8D0006C
:10CF0000F0F32CF44FF00008C223029302353046B0
:10CF100004F1180120224346CDF8008001970395C3
:10CF2000CDF810B0F3F7A2F8404603E06FF016001A
:10CF300000E0002039B0BDE8F08FF8B50B6804467A
:10CF40005A68836896685168F558138A1268376979
:10CF5000032A2DD1012926D10BB17E2B12D1BB7909
:10CF60006BB92046FFF76AFA20B120463146FFF739
:10CF700069FA20B9B5F8AC0008B1023000E002202F
:10CF80006030F8BD4D2B15D04C2B11D1FFF756FA60
:10CF900020B120463146FFF755FA58B9B5F8AC0034
:10CFA00050B10230F8BD02290CBF22200020F8BD8C
:10CFB0000020F8BD0220F8BD0220F8BD19B1836839
:10CFC000CB5883F8BC21704770B50C680D460646F7
:10CFD000102208460021F5F3BFF42C602046002102
:10CFE000F268F5F3B9F404F52473C4F8EC3004F5F1
:10CFF0002C732560C4F8243170BD2DE9F0470D462F
:10D0000098462B68BDF82060099C0768896B95F8E5
:10D010002CC073B193F8009093F801A049EA0A2953
:10D02000A5F81C9093F81690DB7D49EA0323A5F838
:10D030007E303B68B5F81C9093F8D130002B5AD164
:10D0400097F92735B3F1FF3F03D190F8A43313B11B
:10D0500051E0012B4FD0C9F38027B5F87E9019F02D
:10D060000F0901D127B987E027B94FF0010904E082
:10D07000012702E04FF000094F460123002204F58A
:10D08000227004F5237176F017DAD4F888329845C7
:10D0900005D1D4F88C32F31A18BF012300E0012324
:10D0A0003FB933B1C4F88872C4F88C72A4F88672A0
:10D0B0005CE0B9F1000F08D00020C4F88802C4F881
:10D0C0008C02A4F88602BDE8F087B5F87E50C4F85B
:10D0D0008882C4F88C62A4F886524846BDE8F0877E
:10D0E00006D18F88B74294BF0027012700E00127AF
:10D0F000F8B2BDE8F087BCF1000F13D04B6B03EB27
:10D10000C20153F83230984506D307D18888B0421F
:10D1100094BF0026012602E0012600E00026F0B2BE
:10D12000BDE8F087D1F8E03052019A1813699845AC
:10D130001CD302D1938AB3421BD89369984506D376
:10D1400007D1908BB04234BF0020012002E00120C3
:10D1500000E0002070B106F07F06F308D05C06F016
:10D160000706304100F00100BDE8F0870120BDE86E
:10D17000F0870120BDE8F0874B6B03EBC20153F849
:10D1800032309845ACD2B2E72DE9F04F1C4693F807
:10D1900060B05F68D368ADF5117D06460591914694
:10D1A000156933B11B7A0B2B03D13B7803F00103D4
:10D1B00001E0FB789B09E36394F82C304946009327
:10D1C00030462A46E36B4FF023DB0146A06320B1D3
:10D1D0002A6D40F2371313402BB9304621464A4698
:10D1E00071F002DAE2E090F90E2090F90F30D318D6
:10D1F000A2689A42C0F0DA80A269138A13F0080F7D
:10D200000DD0007A0B280AD196F8DC0538B1887960
:10D21000032804D823F008031B041B0C13820B7A89
:10D22000042B59D00B2B00F0AE80022B40F0C080B5
:10D23000BB7897F800A097F8068043EA0A2A7B7922
:10D240004FEA084848EA03283B7948EA0308FB7993
:10D25000A76E48EA036817F0010740F0AC80284643
:10D2600021465A464346CDF800A0CDF80490FFF77A
:10D27000C4FE002800F09F80AB79002B40F067824D
:10D280003368D3F88830D3F8DC210132C3F8DC21CD
:10D2900094F82C2022B1D3F8B4220132C3F8B4227E
:10D2A000D3F8E8210132C3F8E821D5F8183193F812
:10D2B00034301BB12846002165F0E0DB94F82C7077
:10D2C000002F00F044823368D3F88830D3F8C022AE
:10D2D0000132C3F8C02269E03B7897F801A097F8C3
:10D2E000068043EA0A2AFB794FEA084848EA0368BD
:10D2F0003B7948EA03087B7948EA03282B7C13B979
:10D30000EB6DDB0757D4A76E17F0010753D1284602
:10D3100021465A464346CDF800A0CDF80490FFF7C9
:10D320006CFE002847D0AB79002B40F010823368A8
:10D33000D3F88830D3F8DC210132C3F8DC2194F82B
:10D340002C2022B1D3F8B4220132C3F8B422D3F88E
:10D35000F0210132C3F8F021D5F8183193F83430B8
:10D360001BB12846002165F089DB94F82C70002F52
:10D3700000F0ED813368D3F88830D3F8C822013249
:10D38000C3F8C82212E00237C83110223846F5F33C
:10D3900083F500280CDA8D4839461022F5F3ECF6B7
:10D3A000A16B8B48C8311022F5F3E6F60027CEE1D9
:10D3B0004FF00008C24696F8B03293B92B6D1F07A4
:10D3C0000FD4A06B037A022B02D1F6F331F140B9EE
:10D3D00063699B69980004D4A3691B8A190700F14B
:10D3E000FB8063699B695A06E0D4A3691A8A42F0FC
:10D3F00008021A82A16B0B7A013B0A2B00F2CE8045
:10D40000DFE813F035000B0035006C00CC00CC00D9
:10D41000CC00CC00CC00CC00AE000846F6F308F1FE
:10D4200008B12B7C4BB1A36BD3F88820904504D86E
:10D430000FD093F88C205A450BD0A16B226804F1D1
:10D440004007384614310A32434601F0C3D9E76534
:10D4500001E06433E365A16B04F14A0738461431F7
:10D46000E26D534601F080DA3846102110E0616821
:10D47000032284A8F5F3ECF1A36B84A803F1140153
:10D480001A690330F5F3E4F1A36B84A81969033139
:10D4900007AAFBF38DF1A36B606893F90E30A168C6
:10D4A000C018C91A07AAFBF3A5F1A36B606893F92A
:10D4B0000E30A168C018C91A4FF0FF32F6F3F4F02D
:10D4C000444BA2699842138A04D123F010031B0431
:10D4D0001B0C01E043F0100313827DE06368DF78EA
:10D4E00017F020071FD00A6948A81431D200FBF3B7
:10D4F00003F6002321686269484670F0A5DC002726
:10D50000A36B01900097196948A82368E268EEF3BD
:10D51000C7F3831C05D1A3691A8A42F010021A824C
:10D520005AE0013058D13368D3F88830D3F8DC2181
:10D530000132C3F8DC21D3F8F4210132C3F8F4211D
:10D5400094F82C20002A00F0FF80D3F8B422013296
:10D55000C3F8B422D3F8CC220132C3F8CC22F6E0CF
:10D5600001F11400E2682431236800F0F9DF00289B
:10D570007FF41CAFA26BD2F8D8300133C2F8D83098
:10D5800033F07C4328D1F2220192D6F89401294647
:10D5900009F11402009376F05DDE1DE0AF79002FF3
:10D5A0007FF404AF3368D3F88830D3F8DC2101323C
:10D5B000C3F8DC2194F82C20002A00F0C580D3F8B1
:10D5C000B4220132C3F8B422C1E000BFA2ED890049
:10D5D000A8ED8900E320BBDEA36B616893F90E2000
:10D5E0008A18626093F90E1093F90F208A18A168C7
:10D5F0008A1AA26093F90E1093F90F208A182169F4
:10D600008A1A2261A269128A02F01802182A64D1C9
:10D61000AB79002B7FF4CAAE95F9442000930193B7
:10D62000029330463123D5F8081170F0A7DA336839
:10D63000D3F88830D3F8DC210132C3F8DC21D3F8E9
:10D64000EC210132C3F8EC21D3F8F4210132C3F804
:10D65000F42194F82C2072B1D3F8B4220132C3F82B
:10D66000B422D3F8C4220132C3F8C422D3F8CC22A6
:10D670000132C3F8CC22A26B127A022A05D0032A07
:10D6800012D0012A7FF492AE0EE0D3F808220132C4
:10D69000C3F8082294F82C70002F58D0D3F8E02259
:10D6A0000132C3F8E02281E6D3F800220132C3F848
:10D6B0000022D3F8FC210132C3F8FC2194F82C702D
:10D6C000002F44D0D3F8D8220132C3F8D822D3F89F
:10D6D000D4220132C3F8D42268E661698A89E26003
:10D6E00094F82D209AB993F90F20059892B2FAF385
:10D6F00029F16369DA89900402D5B3F850308BB907
:10D70000A36BE26893F90F30D31AE3600AE005983F
:10D71000F6F3F4F0A36B014693F90F20059892B24B
:10D72000FAF310F1A36BC4F86480A4F862A01B7A2A
:10D73000042B01D0022B09D1A36ED90706D43046A1
:10D74000214670F09DDF01E0174600E001273846D2
:10D750000DF5117DBDE8F08F2DE9F341099F002300
:10D760000D9904469046089E0A9D009301933FF050
:10D770004FDE032F0BD9042268463146F5F368F0DB
:10D78000072F04D901A8311D0422F5F361F0A8F197
:10D790004C08B8F1050F2AD8DFE808F00A03160F85
:10D7A000231BD4F88434BDF80020A3F8922016E09F
:10D7B000D4F88434B3F8923017E0D4F88434BDF848
:10D7C0000020A3F896200AE0D4F88434B3F8963009
:10D7D0000BE0D4F88434BDF80020A3F89E2000208C
:10D7E00007E0D4F88434B3F89E302B60F7E76FF08D
:10D7F0001600BDE8FC81D0F884242DE9F843B2F886
:10D80000928004464145D4BF00200120B2F84A501E
:10D81000B2F89690B2F89460B2F898C010B1C8EB24
:10D82000010701E0C1EB0807B2F89030BFB2002B4E
:10D8300075D0BCF1010FADB2334607D1002851D0ED
:10D840002BB203FB08F393FBF1F346E0BCF1020FAC
:10D850002BD131B2B8B10FFA89F3994203D1042325
:10D86000A2F8983062E0132F02D9A6F1140339E030
:10D87000092F02D9A6F10A0334E0042F01D9731F3E
:10D8800030E0B31E2EE00FFA85F841451DD0132F6E
:10D8900002D906F1140325E0092F02D906F10A0383
:10D8A00020E0052F1CD9731D1CE0BCF1040F39D1F9
:10D8B00033B238B10FFA89F18B4237D0052F38D9FE
:10D8C000731F0AE029B28B4204D10123A2F89830D9
:10D8D000BDE8F883052F2DD9731D4FF0020C01E030
:10D8E0004FF0040C1BB229B28B4204DC0FFA89F50D
:10D8F000AB42A8BF1D462368A2F89450A2F898C076
:10D900002DB22946012220461B7E72F0B1DC23682D
:10D910002046294600221B7E72F0AADC06E018464B
:10D92000BDE8F8834FF0FF30BDE8F8830020BDE884
:10D93000F8830020BDE8F883D0F8843413B5B3F839
:10D94000902004466AB1036A0DF1060118695BF084
:10D95000BFD980B12046BDF906100122FFF74BFF69
:10D9600009E06421012372F083DC01222046642156
:10D97000134672F07DDC1CBD08B5036AD3F8D800ED
:10D9800079B143784A789A4208D102300231F4F3EF
:10D990004BF7D0F1010038BF002000E00020C0B2FA
:10D9A00008BD084608BD2DE9FF4799464369D0F8F0
:10D9B000208082461B680446174602695AF8180BF5
:10D9C0000E464146D55801F055FA21692068524665
:10D9D0006FF096DC0123C8F800302B680146023B4B
:10D9E000012B03D82369DB6DC8F8D0300C9B20686D
:10D9F0000293424633468DE8800201F058FA48B15E
:10DA00002B68022B05D1636AD888003018BF01202B
:10DA100000E0012004B0BDE8F0872DE9F04FC368B5
:10DA2000044600F1180799B01646056A8A46006850
:10DA300021693A4603936FF063DC013E0290062EA3
:10DA400000F23881DFE816F007003601BC0036012D
:10DA5000DB003601FF00EE68002E00F02C81D5F8C7
:10DA6000D03013F4804B0CD023682169D3F8D4064E
:10DA70000368CB581B781BB14AF04ADB834600E0B1
:10DA80009B46636893F86231A3B1D5F8D000F0F7F4
:10DA90008BFE88B12368D3F86008FEF7CFFC58B13D
:10DAA00023680299D3F86008FEF7CCFC20B1B5F8E2
:10DAB000DC8002E0984600E08046B5F806C02068A9
:10DAC000DC44C4441FFA8CFC0CF1710321693A4612
:10DAD0009BB2CDF804C077F07BD9DDF804C00646D0
:10DAE000002800F0E8800CF15F0CD0F808901FFAD5
:10DAF0008CFC4FEA1C2343EA0C2C09F11207A9F80D
:10DB000010C000215F223846F4F326F74AF48473EC
:10DB10001A0A89F8132089F814302B8B05F13C017F
:10DB20001A0A89F8152089F81630202209F11F00F9
:10DB3000F4F38EF6EA8809F171009344D8441FFA91
:10DB400088F84FEA182343EA0828A9F86F80E968A3
:10DB5000F4F37EF6636893F86231F3B1D5F8D00040
:10DB6000F0F722FEC8B12368D3F86008FEF766FC20
:10DB700098B123680299D3F86008FEF763FC60B19E
:10DB8000EB68002B00F09B80E888D5F8E01038188F
:10DB90005F30B5F8DC20F4F35BF6D5F8D0305804EC
:10DBA00040F18D8023682169D3F8D4060368CB58EF
:10DBB0001B78002B00F083803A464AF0FFD97EE0C4
:10DBC000206821693A46712377F002D90646002879
:10DBD00071D0D0F808905F22002109F1120789F86E
:10DBE000112089F810103846F4F3B6F64AF4807321
:10DBF0001A0A89F8132089F814302B8B1DE020684D
:10DC000021693A46712377F0E3D80646002852D0BE
:10DC1000D0F808905F22002109F1120789F811203D
:10DC200089F810103846F4F397F64AF440731A0A4C
:10DC300089F8132089F81430EB8A1A0A89F815201C
:10DC400089F816303BE0206821693A46712377F065
:10DC5000BFD8064678B3D0F8089000215F2209F1BA
:10DC6000120789F8101089F811203846F4F374F679
:10DC70004FEA1A2389F8133089F814A01FE0D5F869
:10DC8000D000F7F37DF10146484605F18C0204AB64
:10DC9000F7F386F1044630B9314603982246F9F38A
:10DCA000A7F6264607E007F14D0004A91022F4F379
:10DCB000CFF500E00026304619B0BDE8F08F032311
:10DCC00089F80F30D5F8D000F6F354F505F15C046F
:10DCD00000280CBFFE2302233846082200F8053B2B
:10DCE0002146F4F3B5F508212046F7F34FF11AF079
:10DCF0000301C9D1C3E72DE9F04F91F813800B7DE3
:10DD00008BB043EA082818F0030904460E46069231
:10DD10004769056ACDF8208005D1D5F8D000F7F322
:10DD20002FF1844600E0CC4605F15C0A06F1170BA2
:10DD30000120082359465246CDF810C0F6F302F6EA
:10DD40008245DDF810C000F0F78318F48071079168
:10DD500010D0338A1A0A42EA03239BB25C2B40F2AA
:10DD6000EB833046614605F18C02F6F3E5F70028B7
:10DD700000F0E283338A1A0A42EA03239BB25E2B45
:10DD800040F2DA8396F86F1096F8702042EA01228A
:10DD90005F329342C0F0D08306F1120209925946D5
:10DDA00008225046F4F354F505F164005946082260
:10DDB000F4F34EF5D5F8D000F6F3DCF4002868D083
:10DDC00018F4805F65D096F86F2096F8703043EABB
:10DDD0000223B3F5807F0BDD38462169012274F000
:10DDE00065DC206904F11801012277F089D9E7E2A6
:10DDF0004FF48070F9F3C6F5824630B93846216990
:10DE0000012274F053DCD14698E32020F9F3BAF5EF
:10DE1000834630B95046F9F3C7F5384621690122E7
:10DE200008E34FF48170F9F3ADF5059068B95046F9
:10DE3000F9F3BAF55846F9F3B7F5384621690122E6
:10DE400074F034DCDDF8149078E3B9F1000F04D1FC
:10DE5000D5F8D000F7F394F08146059B494605F1CB
:10DE60009C020293099800238DE8000CF6F394F7C6
:10DE700081465046F9F398F55846F9F395F505981B
:10DE8000F9F392F5B9F1000F03D138462169012267
:10DE900020E396F815A0B37DD5F8D00043EA0A2A0E
:10DEA000F6F38AF410B918F0080326D0BAF10D0F72
:10DEB0000BD003D8BAF1050F15D10DE0BAF1100F50
:10DEC00017D0BAF1200F0ED111E018F0080F13D0BF
:10DED00038462169022271E218F0080F0FD0384647
:10DEE000216903226AE238462169042266E202219E
:10DEF00006E00422059204E00323059301E00121DA
:10DF0000059118F0080900F026822B8A059A9342A1
:10DF100003D038462169052250E2079B002B40F0D0
:10DF2000C78003232B60D5F8D0305A0606D4626828
:10DF300092F86221002A37D0580335D513F480496E
:10DF400032D196F86F1096F87030042206F1710005
:10DF500043EA0121F6F3F8F70246002833D043786C
:10DF6000132B03D8384621690422B3E2636A21697E
:10DF7000483300934FF020092046063201F1DC03BC
:10DF8000CDF8049073F054D88246E0B9636AA3F8E0
:10DF9000069094F80834B3B1A068D4F8041406F0DD
:10DFA00009D884F808A40EE019060CD5616AB1F806
:10DFB000E42042B101F14800C431F4F349F4636A4A
:10DFC000B3F8E410D980636ADB882BB92046314668
:10DFD000069A72F0DFDFAFE205F11C0906F11F01BE
:10DFE0002022484605F13C06F4F332F42022206852
:10DFF000314619F029D9D5F8D0305A040AD522680B
:10E000002169D2F8D40602688A58127812B149F010
:10E01000FFDF3BE021690A6D100508D413F4922F4D
:10E0200005D1D1F8083193F883309A0612D5636A86
:10E0300004F1180003F148020092DB88E2310193F9
:10E0400005F18C030293AB8A4A4603933346F6F3F9
:10E050000DF41BE004F1180A5046E2310622F4F3F5
:10E06000E3F3002800F06882636A216903F1480243
:10E070000092DB885046019305F18C030293AB8A32
:10E08000E23103934A463346F6F3F0F540F63B623D
:10E090003846216908EA0202012374F04BDB08B11B
:10E0A000042356E1384621690D2274F0FFDA43E279
:10E0B000069A4AB997F81690B9F1000F0CBF4FF4C1
:10E0C00000794FF0000901E04FF00009D5F8D000C9
:10E0D000F6F350F341F2C833002808BF4FF4E4735D
:10E0E00003EA080218BF4FF000099A4240F0248268
:10E0F00019EA080F40F020822B68033B042B00F242
:10E100001B822946052341F81C3B06F11F002022F3
:10E11000F4F38AF3002840F00F8296F86FA096F887
:10E120007030D5F8D00043EA0A2AF6F323F300282A
:10E130003FD006F1710B584651463022F5F306F0F8
:10E140008146C8B1D5F8D03042785B0440F1FA81FD
:10E1500023682169D3F8D4361B68CB581B78002B71
:10E1600000F0F081123A92B2ECE1A86809F10201E4
:10E170000230F4F359F318B138462169072215E04B
:10E180000AEB0B0199F80120C9EB010189B2901C3F
:10E1900081421CDD6FF001039B1A4844C9183022EC
:10E1A000F4F3D4F798B121693846062274F07EDA88
:10E1B00009E0AB88534506D1A86806F171015246C3
:10E1C000F4F332F318B1206904F1180142E0D5F8F4
:10E1D000D000F6F3CFF278B106F171005146F6F3B4
:10E1E000A7F648B938462169092274F05FDA206938
:10E1F00004F1180101222EE02068036893F86231CF
:10E2000063B304F1180921694A466FF079D883464F
:10E21000D5F8D000F0F7C8FA00B32368D3F8600847
:10E22000FEF70CF9D0B1BBF1000F17D023685946A7
:10E23000D3F86008FEF706F980B1514606F1710087
:10E24000F422F4F383F701462046FFF795FB28B943
:10E2500020694946112276F053DF6DE140F20B222E
:10E260003846216908EA0202032374F063DA814622
:10E2700028B1062318F040092B6004D116E0384677
:10E2800021690D2226E12A8A04F1180B2B8B2068C4
:10E290008DE80408216905F1AC0276F0D1DED5F8ED
:10E2A000D000F6F367F2002834D003E03846216945
:10E2B00008220FE1514606F17100F6F339F6427873
:10E2C0008046063A92B2EA82837905F16C0903F03E
:10E2D000030385F8CC3008F108014846F4F3B8F29E
:10E2E00095F8CC200599EB8A009206F14F02019136
:10E2F000029298F80620216902F004020392206835
:10E300004A4676F021DE23682169D3F87C0632463E
:10E3100054F0ECDED5F8D000F6F32CF2C0B10823AF
:10E320002B6038462169002274F0C0D923695A460F
:10E33000DB682068009379210623F4F701F923684C
:10E340002269D3F8D4361B68D35800221A70F3E040
:10E3500006232B60F0E02B68052B40F2ED80236A4A
:10E3600005995A8A8A4208D0D3F8D000F6F324F2ED
:10E3700018B1384621690A22ACE008F46073B3F59D
:10E38000607F40F0D98007232B60D5F8D000F6F3EA
:10E39000F1F18146002841D018F4805F0BD096F847
:10E3A0006F1096F8703006F1710043EA0121F6F320
:10E3B000BFF5814638B9216938460B2274F076D909
:10E3C0004FF00009BAE0427805F16C0A063A92B2C1
:10E3D000EA82837909F1080103F0030385F8CC3060
:10E3E0005046F4F335F295F8CC20EB8A00926A8A15
:10E3F0002169019206F14F02029299F806202068E5
:10E4000002F004020392524676F09EDD23682169F1
:10E41000D3F87C06324654F069DE70E0BAF1200F82
:10E4200055D84FF48070F9F3ADF2834630B92169C5
:10E4300038460C2274F03AD9D9467FE02020F9F30F
:10E44000A1F2069050B95846F9F3AEF23846216968
:10E450000C2274F02BD9DDF818906FE04FF4817026
:10E46000F9F390F2844680B95846CDF810C0F9F31C
:10E470009BF20698F9F398F2384621690C2274F061
:10E4800015D9DDF810C0E14658E0069B05F16C0295
:10E490000792414605F19C0201930290079B09985F
:10E4A000CDF810C0CDF800B0F6F370F481465846B0
:10E4B000F9F37AF20698F9F377F2DDF810C06046C6
:10E4C000F9F372F2A5F816A0B9F1000F05D1216990
:10E4D00038460C2274F0EAD830E0089A08F030038D
:10E4E0001B110599009302F0400301914F360393ED
:10E4F00020682169079A5346029676F025DD384652
:10E50000216908F00B02052374F014D928B10823FF
:10E510002B6038462169002202E0216938460D222D
:10E5200074F0C4D823692068DB687921009304F172
:10E5300018020623F4F704F84FF0010948460BB01F
:10E54000BDE8F08FA988931C99427FF415AE0CE6C4
:10E550002DE9FF4790E810028E7905460F46002E00
:10E5600063D140F21440F9F30DF2804600285FD0E9
:10E570003851314640F21442F4F3EEF1AB8AD9F847
:10E58000D02608EB030448F803902B694FF0010AEA
:10E59000E360EB686261A360AB6827616360E420BD
:10E5A000C8F8006088F804A0C4F8FC63F9F3EAF145
:10E5B0002062002841D03146E422F4F3CDF1E82076
:10E5C000F9F3E0F16062002837D03146E822F4F335
:10E5D000C3F1D4F82480E868C8F8009019492246AD
:10E5E000334605F06BDDC8F86800002825D0E868E0
:10E5F00015492246334605F061DD6063E8B1E868FD
:10E6000012492246334605F059DDC4F80404A0B18E
:10E61000236A286A0193636A6946009702938DF81A
:10E620000CA0F3F313F4304604E06FF0060001E0B1
:10E630004FF0FF3004B0BDE8F0872846394672F04D
:10E6400099DBF5E7E1578800E9588800C958880048
:10E6500038B51D4690B10368848ACB5873B11C1934
:10E66000114604F130001022F4F3F2F004F14000FE
:10E6700029462022BDE83840F4F3EAB038BDD0F88E
:10E680008404F0B503F15605A83300EB430300EB17
:10E690008505B3F90A60AF6890F8E940BE1B7618AB
:10E6A000AE6026415E81B0F95E31D0F86811CB1AB8
:10E6B0009B18C0F868312341A0F85E31F0BD10B559
:10E6C0000A7AD0F884342AB390F82922D1F80801C4
:10E6D0002AB190F86000904228BF024601E090F80D
:10E6E0006020D1F81801047864B1007AD1F80811DB
:10E6F00018B1C98D4A43002101E0CA8D012183F878
:10E70000291105E0012283F82921D1F80821D28DB1
:10E710000A3203E083F829214FF49B72C3F82421C5
:10E7200010BD2DE9F04F8BB0D0F884449A469DF887
:10E730005C30904608939DF85420B4F8C630079298
:10E740000393189A94F8E9300F4609920593B4F8A8
:10E75000F020D4F8D81094F81C3106469DF950B03A
:10E760009DF8585004920691002B00F0AB8103688D
:10E7700093F8693123B13BF04DDA002800F0A28113
:10E78000336893F864312BB194F86D3113B10023E1
:10E7900084F86D3194F828313BB1B068D4F8301169
:10E7A00005F008DC002384F828318E2130693CF024
:10E7B00069DA43004E334FF6FE71194030693CF080
:10E7C00061DA94F858318146FF2B08D094F8E8308C
:10E7D000012212FA03F300EA03091FFA89F994F8F7
:10E7E000AF30AB4213D0002305F1320204EB8202BA
:10E7F000E91A93604A4242EB0102323204EB820290
:10E8000084F8AF50C4F8CC30C4F8C8309360BAF183
:10E81000000F00F05781079AC2B9022F40F35281CE
:10E82000C7EB0A01B4F9F22009B204EB45039142A7
:10E83000A8BF0A46A3F8EA20D6F884345B79012BF6
:10E840002AD9C8EB0B03A4F8EE3025E0049F04EBB3
:10E8500045023BB2B2F9EA70C7EB0A07FF1A022F72
:10E8600003DD1C2FA8BF1C2700E00327D6F8842453
:10E870005279012A10D9B4F9EE80C8EB0B08C3EB2A
:10E880000808B8F1020F05DDB8F11C0FA8BF4FF062
:10E890001C0801E04FF00308D6F868329B792BB9C9
:10E8A000089A1AB130460999FFF709FF05F13202BB
:10E8B00004EB82029368304601339360C4F8CC3095
:10E8C000D4F8383151460133C4F8383105F14E03DC
:10E8D00004EB83035A6801325A605A462B46FFF70D
:10E8E000CEFED4F8E030D4F8E420934203D9039B61
:10E8F0001BB2049307E0D4F8DC0001330121069039
:10E90000C4F8E03004910598012212FA00F3D4F81B
:10E91000CC1099422DD3D5F1010B38BF4FF0000B2D
:10E920000BF1A80C04EB4C0C04EB4500B0F85A01B9
:10E93000BCF80AC0C0EB0C0C0FFA8CFC94F86C010C
:10E940008CEAEC7AAAEBEC7A8245ACBF002101217B
:10E95000844503910EDB94F8E8000BFA00F1894539
:10E9600009D005F13C0104EB81014868801848603A
:10E9700001E00392002205F1540B05F12C0004EB99
:10E98000800004EB4B01B1F90AC0D0F808A0CCEB31
:10E990000A0C67448760059807414F81D4F8C0008E
:10E9A000B4F9B610059F411A4144C4F8C01039416A
:10E9B000A4F8B61004EB8501D1F8D010B4F9C40066
:10E9C000994204EB4B01B1F90A1028BF84F8B15009
:10E9D000884244DBD4F8CC00069FB8420CD9D5F16C
:10E9E000010194F8E82038BF002111FA02F29145A4
:10E9F0002FD005F13C0225E0039F4FB394F84471FA
:10EA00003DB1B4F9B2C07FB2C1EB0C0107EBC1015B
:10EA100006E0B4F9B4C07FB2C1EB0C01C900C91B58
:10EA2000049FB1EBC70F13DB984211D3D5F101015D
:10EA300094F8E82038BF002111FA02F2914508D07D
:10EA400005F13E0204EB820251680131516000E0A1
:10EA50002AB10120002D14BF0321022106E0002D60
:10EA60000CBF2846002014BF0221032194F8AF20D8
:10EA700084F8492194F81D215AB1D6F86822927978
:10EA80003AB938B130690B46009201923DF0C6D8D0
:10EA900004E018B9D4F8CC209A4213D294F81D316E
:10EAA00083B1D6F868329B7963B9012284F82821B2
:10EAB000B068D4F83011D4F824210BB0BDE8F04F81
:10EAC00005F0529A0BB0BDE8F08F2DE9FF41D0F868
:10EAD0008454064695F81C310C4695F8E970002BD5
:10EAE00000F08180036993F80A31002B7BD0036822
:10EAF00093F8693153B13BF08DD8034630B9B06813
:10EB0000D5F83411142205F02FDA6CE0336893F84D
:10EB1000643133B195F86D311BB1002385F86D3147
:10EB200061E0D6F83C33022B0AD0D5F8E020D5F8C6
:10EB3000E4309A4294BF4FF000084FF0010801E022
:10EB40004FF0000895F81D31002B4CD0D6F86832F4
:10EB50009B79002B47D1336A0DF10F0118695AF0E8
:10EB60000BDD9DF80F3085F8AF30002B14BF03216B
:10EB70000221B8F1000F25D003F1020E05EB8E0E35
:10EB800005EB4302DEF8B0C0B2F9B200C0EB0C00F6
:10EB9000CEF8B000384103F12C0EA2F8B20003F118
:10EBA000540205EB8E0E05EB4202B2F9B200DEF81C
:10EBB000B0C0C0EB0C00783850FA07F7CEF8B000C0
:10EBC000A2F8B27085F84931002201238DE80C00CB
:10EBD00030690B463DF022D89DF80F3054F82320C1
:10EBE000013244F82320BDE8FF8110B5D0F88444F9
:10EBF00094F81C3123B104F58671FFF766FF0023FA
:10EC000084F8283110BD70B5D0F88444054694F8D6
:10EC10001C3103B3D4F8CC20D4F8C8309A4203D1C5
:10EC200004F58A71FFF751FFD4F8CC30C4F8C8302E
:10EC300094F81D317BB1D5F868329B795BB994F8B3
:10EC4000292142B1A868D4F834114FF4FA72BDE812
:10EC5000704005F0899970BD38B5D0F884440546F8
:10EC6000D4F83411806805F0A5D9D4F8CC20D4F8B4
:10EC7000C8309A4204D1284604F58A71FFF725FF6F
:10EC8000D4F8CC30C4F8C83038BDD0F88434002271
:10EC90004FF6A271C3F8B820C3F8BC20C3F8C02057
:10ECA000A3F8B220A3F8B420A3F8B620C3F86021DB
:10ECB000C3F86421C3F86821A3F85A21A3F85C21A2
:10ECC000A3F85E21A3F8EA10A3F8EC10A3F8EE1065
:10ECD000C3F8CC20C3F8D020C3F8D420C3F838211F
:10ECE000C3F83C21C3F84021C3F8E020C3F8F42066
:10ECF000C3F8F820C3F8FC20C3F80021C3F80421AE
:10ED0000C3F80821C3F80C21C3F81021C3F814215B
:10ED1000C3F8182183F829217047D0F88434D3F838
:10ED2000CC208A60D3F838218A6493F81D2112B16F
:10ED300093F8AF2001E093F8AC204A6093F81D21CE
:10ED40000A6093F848214A654A688A65D3F8D0205A
:10ED50000A64D3F8D4204A64D3F83C21CA64D3F8B7
:10ED600040210A65B3F9B220CA60B3F9B4200A6140
:10ED7000B3F9B6204A61D3F8F4208A61D3F8F820B9
:10ED8000CA61D3F8FC200A62D3F800214A62D3F8A2
:10ED900004218A62D3F80821CA62D3F80C210A63DD
:10EDA000D3F810214A63D3F814218A63D3F81821C9
:10EDB000CA63D3F84C21CA65D3F85021D3F8543133
:10EDC0000A664B667047F7B5D0F88444D4F84C51C6
:10EDD0008D4207D1D4F85051954203D1D4F8542133
:10EDE0009A423CD001F00F05042D3AD8022D38D0BC
:10EDF00003F00302022A34D01F0907F00307022F91
:10EE00002FD00A0902F00F02042A2AD8022A28D099
:10EE10009E0806F00306022E23D09E0906F0030684
:10EE2000022E1ED0C4F85431036AC4F84C111B687A
:10EE3000C4F85011022B04BF3E462A46042A14BFD0
:10EE40001146314684F8AD10D0F88434012283F89D
:10EE500046110092019200690B463CF0DFDE002073
:10EE600001E06FF01C00FEBD7047000000487047D5
:10EE70009466010010B50C46C1B1886808B1F8F37A
:10EE800093F5E06808B1F8F38FF5D4F8D80008B12D
:10EE9000F8F38AF5D4F8E00008B1F8F385F52046D8
:10EEA0000021E422BDE81040F3F356B510BD2DE972
:10EEB000F74F0546D2F8D000019114469846DDF888
:10EEC00030B0DDF83490DDF838A0F5F353F428B114
:10EED000404659463022F4F339F103E040465946A2
:10EEE000F5F3E0F20646002800F0D880D4F8D00010
:10EEF000F5F340F428B1484651463022F4F326F1A8
:10EF000003E048465146F5F3CDF20746002800F0ED
:10EF1000C6802B6893F86231002B4FD0D4F8D00014
:10EF2000EFF742FC002849D0D5F86008FDF786FAD3
:10EF300010B3D5F868329B792BB9D5F860080199E0
:10EF4000FDF780FAC0B148465146F422F4F3FEF0D2
:10EF50008146002800F0A28040780230A4F8D40056
:10EF6000F8F310F5C4F8D800002800F0978049465F
:10EF7000B4F8D420F3F36CF4D5F86008FDF75EFA2A
:10EF8000E0B1D5F860080199FDF75CFAB0B14046F0
:10EF90005946F422F4F3DAF0054600287ED0407892
:10EFA0000230A4F8DC00F8F3EDF4C4F8E000002827
:10EFB00074D02946B4F8DC20F3F34AF40223238208
:10EFC0006382D4F8D000F5F3D5F310B10423238283
:10EFD0006382D4F8D000F5F3CDF350B106F10A0006
:10EFE00004F110010022F5F3A7F4002856D0002503
:10EFF00013E073780A2B0FDDD4F8D05006F10E0021
:10F00000A5F10802554245EB020504F110012A461C
:10F01000F5F3B6F608B941E005462046218A2A46AE
:10F0200076F088D8002839D0D4F8D000F5F3A2F3D0
:10F0300030B1301D04F112010122F5F37DF413E02B
:10F040007378092B11DD06F1080045B9F27A012A1F
:10F0500006D0A2F105035A4242EB030200E001226E
:10F0600004F11201F5F38CF6C0B178780230A0807B
:10F07000F8F388F4A06088B13946A288F3F3E8F386
:10F0800070780230E080F8F37DF40746E06030B13C
:10F090003146E288F3F3DCF3012700E00746384607
:10F0A000BDE8FE8F01320103323D00904C3300AACF
:10F0B000AA0300000088B400010000000101000064
:10F0C000010050F201000050F20000409600000FD5
:10F0D000AC00000FAC0600AAAA03000000AAAA0315
:10F0E0000000F8000FAC00050400C9BF05F000CE19
:10F0F000BF0000000101000001011C7040002D0252
:10F10000F0000A0128002801380148015801550182
:10F11000500150036666E2016666E3016666E4013B
:10F120006666E5016666E6016666E7016666E80111
:10F130006666E9016666EA016666EB016666EC01F1
:10F140006666ED016666EE01CDCCF0010A000500B1
:10F1500008004006080005000800080077000800C5
:10F160008A0008000100050001000A0001000500F6
:10F17000400610091E091F0924092509260920092E
:10F1800021092709280929092209230930093109F8
:10F19000320912090F0900090109060907090809BE
:10F1A0000209030909090A090B09040905090C09DF
:10F1B0000D090E091109650234028400740056001D
:10F1C000650234020400040004000300030003008D
:10F1D000030002000100010000000000FFFFFFFF2C
:10F1E000FFFFFFFFFFFFFFFFFFFF0000372E393556
:10F1F0002E34392028323237316262362043592981
:10F20000007265636C61696D2073656374696F6E0C
:10F210002025733A2052657475726E6564202564EA
:10F2200020627974657320746F2074686520686546
:10F2300061700A004D656D6F727920757361676545
:10F240003A0A0009546578743A20256C6428256CC4
:10F25000644B292C20446174613A20256C64282574
:10F260006C644B292C204273733A20256C6428254A
:10F270006C644B292C20537461636B3A2025644BDA
:10F280000A00094172656E6120746F74616C3A20E6
:10F2900025642825644B292C20467265653A202573
:10F2A000642825644B292C20496E207573653A200B
:10F2B00025642825644B292C2048574D3A20256485
:10F2C0002825644B290A0009496E20757365202B97
:10F2D000206F766572686561643A2025642825642C
:10F2E0004B292C204D6178206D656D6F72792069F6
:10F2F0006E207573653A20256C6428256C644B2953
:10F300000A00094D616C6C6F63206661696C7572EF
:10F310006520636F756E743A2025640A0009537482
:10F3200061636B20626F74746F6D2068617320621B
:10F3300065656E206F7665727772697474656E0AA2
:10F340000009537461636B20626F74746F6D3A20AF
:10F35000307825702C206C776D3A20307825702C11
:10F3600020637572723A20307825702C20746F708B
:10F370003A20307825700A0009467265652073745A
:10F3800061636B3A203078257828256429206C77D2
:10F390006D3A2030782578282564290A0009496EBD
:10F3A00075736520737461636B3A20307825782813
:10F3B0002564292068776D3A2030782578282564DF
:10F3C000290A0009496E2075736520706F6F6C20E3
:10F3D0002564282564293A2025642825644B292C96
:10F3E00020772F6F683A2025642825644B290A006E
:10F3F00009496E20757365202D20706F6F6C3A205F
:10F4000025642825644B292C20772F6F683A202506
:10F41000642825644B290A0009506B744964205400
:10F420006F74616C3A2025642C20467265653A2021
:10F4300025642C204661696C65643A2025640A00C5
:10F440006D77006D6400554E494D504C3A20726105
:10F450003D25700A005443414D3A202564207573C0
:10F4600065643A202564206578636565643A25649F
:10F470000A000A465749442030312D25780A666C27
:10F480006167732025780A000A545241502025787C
:10F49000282578293A2070632025782C206C72204A
:10F4A00025782C2073702025782C206370737220AF
:10F4B00025782C20737073722025780A0020207222
:10F4C000302025782C2072312025782C2072322093
:10F4D00025782C2072332025782C20723420257832
:10F4E0002C2072352025782C2072362025780A00B1
:10F4F000202072372025782C2072382025782C2067
:10F5000072392025782C207231302025782C2072F9
:10F5100031312025782C207231322025780A000ADA
:10F5200020202073702B302025303878202530386B
:10F5300078202530387820253038780A002020734C
:10F54000702B313020253038782025303878202530
:10F5500030387820253038780A0A0073702B2578E7
:10F5600020253038780A00686E6461726D5F6172C0
:10F570006D7220616464723A20307825782C2063A3
:10F5800072345F6964783A2025640A006275737387
:10F590007461747300535357553A207072696D65E6
:10F5A00020646F6573206E6F7420686176652070CB
:10F5B000203D2033206D6F642034000001000000E6
:10F5C0000001000020010000A1418000B95380002B
:10F5D000212C8000795780006D3D8000609D88005F
:10F5E000A09E8800549F88008C9B8800409C8800C7
:10F5F000FDFFFFFFD89A8800020000008001000094
:10F6000030010000DD418000E5538000492C80007E
:10F61000AD578000993D8000749D8800C09E880091
:10F62000749F8800AC9B8800609C8800FDFFFFFFF2
:10F63000F89A880004000000FF0000002008000085
:10F64000253E8000B1518000ED2B800035578000B1
:10F65000253D8000549D8800809E8800349F88004E
:10F660006C9B8800209C8800066D0700B89A880073
:10F67000030000000902000044010000F94180007D
:10F6800001548000892C8000F5578000ED3D8000FA
:10F69000889D8800F09E8800A49F8800DC9B8800DD
:10F6A000909C8800FDFFFFFF289B88007061256407
:10F6B0003D307825257800706425643D3078252517
:10F6C000780070646825643D307825257800706482
:10F6D0006C25643D30782525780067637225643D8C
:10F6E000307825257800253032582530325825309D
:10F6F0003258253032582D25303258253032582D89
:10F7000025303258253032582D25303258253032A8
:10F71000582D253032582530325825303258253072
:10F720003258253032582530325800556E6465669F
:10F73000696E6564206572726F7220256400000036
:10F7400060010400050001036401040000002700BB
:10F75000240104000400000028010400000000004F
:10F760002C01040000000000300104000000000033
:10F77000340104000A04700034010400EFBED40018
:10F7800034010400050000FF3401040001FF02FF02
:10F790003001040018000000340104000A04E000F5
:10F7A00034010400EFBE480034010400050000FFEE
:10F7B0003401040001FF02FF3401040000101801AD
:10F7C00034010400020300103401040018F1F2F3C4
:10F7D00034010400BBCC00003001040038000000FC
:10F7E0003401040000000000300104005800000053
:10F7F0003401040000000000300104003800000063
:10F80000340104000F2000073401040000009400BC
:10F810003401040000000090340104007475767710
:10F820003401040000000000340104000000050061
:10F8300034010400FFFFFFFF3001040068030000F3
:10F84000340104006E84330034010400DCBA50003B
:10F8500034010400D40000AB34010400BADABADA8F
:10F8600034010400001018F134010400F2F3001018
:10F870003401040018F1F2F3340104001000000018
:10F8800034010400000000003401040000000A00FC
:10F89000340104000100000E340104004252434DC3
:10F8A000340104005F54455334010400545F535342
:10F8B00034010400494401043401040082848B961D
:10F8C00034010400030101063401040002000000B9
:10F8D0003001040068000000340104000A0428021A
:10F8E00034010400DCBA8000340104000000FFFF92
:10F8F00034010400FFFFFFFF34010400001018F181
:10F9000034010400F2F300103401040018F1F2F3A2
:10F9100034010400D0AF00003401040000000000F6
:10F920003401040000000001340104000200000E54
:10F93000340104004252434D340104005F544553E6
:10F9400034010400545F535334010400494401045A
:10F950003401040082848B96340104000301010603
:10F9600034010400020100003001040068060000B8
:10F97000340104000A04280234010400DCBA8000C7
:10F98000340104000000FFFF34010400FFFFFFFF0B
:10F9900034010400001018F134010400F2F30010E7
:10F9A0003401040018F1F2F334010400D0AF000078
:10F9B00034010400000000003401040000000001D4
:10F9C000340104000200000E340104004252434D91
:10F9D000340104005F54455334010400545F535311
:10F9E00034010400494401043401040082848B96EC
:10F9F0003401040003010106340104000201000087
:10FA0000000104000000000190040200000000005A
:10FA1000A0040200F1F30000B0040200EFFD0000BA
:10FA2000A8040200FFFF0000A8040200000000007C
:10FA3000A204020001000000B2040200FBFF00006B
:10FA4000AA040200FFFF0000AA0402000000000058
:10FA5000A4040200CF1A0000AC0402000000000061
:10FA6000BC04020000000000A6040200D70200004F
:10FA7000B6040200FFFD0000AE040200FFFF00001C
:10FA8000060402000100000006040200000000005D
:10FA90000C04020018000000060402000000000030
:10FAA00048040200000C00000204020020060000CE
:10FAB00002050200000000000005020000400000F6
:10FAC00002050200040000000005020000400000E2
:10FAD00002050200080000000005020000400000CE
:10FAE000020502000C0000000005020000400000BA
:10FAF00002050200C000000080050200FFFF0000B8
:10FB000082050200FFFF000084050200FFFF0000E5
:10FB100086050200FFFF000088050200FFFF0000CD
:10FB20008A050200FFFF00008C050200FFFF0000B5
:10FB30008E050200FFFF000090050200FFFF00009D
:10FB400092050200FFFF000094050200FFFF000085
:10FB500096050200FFFF000098050200FFFF00006D
:10FB60009A050200FFFF00009E050200FFFF000053
:10FB7000A0050200FFFF00009C050200F0FF00004E
:10FB8000400502000080000020050200060F000072
:10FB900040050200008000004005020000810000D6
:10FBA0002005020000FF00002C05020001010000FA
:10FBB00040050200008100004005020000820000B4
:10FBC000200502001E2800002C0502000000000095
:10FBD0004005020000820000400502000083000092
:10FBE00020050200293100004005020000830000CA
:10FBF000400502000084000020050200323F0000A2
:10FC0000400502000084000040050200008500005D
:10FC10002005020040410000400502000085000070
:10FC200012060200010000002E060200CDCC0000EA
:10FC3000300602000C0000000006020004800000F4
:10FC400096060200080000009A060200E400000088
:10FC500088060200000000009C060200020000006E
:10FC600088060200001000009C060200020000004E
:10FC700088060200002000009C060200020000002E
:10FC800088060200003000009C060200020000000E
:10FC9000880602000B0F00009E060200070000000D
:10FCA000100502000B00000050040200014E00008D
:10FCB000520402005B010000E40402009000000016
:10FCC00004040200B400000054050200FFAF00006D
:10FCD000FE040200000000005E05020000100000AB
:10FCE000600104000400010364010400000000003E
:10FCF00064010400B40000006401040047004700F0
:10FD00006401040000006400640104003009400044
:10FD1000600104000D000103640104000200020000
:10FD2000640104000100C00064010400050000003B
:10FD3000640104000000C000640104006400640069
:10FD4000640104000E004700640104000005000087
:10FD500060010400150001036401040040003C0838
:10FD60006401040000000700640104000A000000B0
:10FD7000600104001A0001036401040000C00000D7
:10FD8000600104001D00010364010400102700004D
:10FD9000600104001F0001036401040000001C0C4A
:10FDA000640104000600102760010400250001031F
:10FDB0006401040000003200600104002800010317
:10FDC0006401040000004C0A6401040000003F01CB
:10FDD00064010400FFFF00046401040046041E07E0
:10FDE000640104000200EC09600104002E0001031C
:10FDF000640104000000008060010400920101031E
:10FE00006401040064040000640104000000400078
:10FE100064010400960700006001040097010103DB
:10FE2000640104001A08000060010400BF0101031E
:10FE300064010400000005006001040008040103DF
:10FE400064010400070200006001040010040103C3
:10FE50006401040000000100600104001C0C0100AA
:10FE600064010200FFFF0000600104001D0C01009E
:10FE700064010200FFFF0000600104001A0001039A
:10FE8000640104000000200C600104002300010351
:10FE9000640104000000A607640104000000A20A37
:10FEA0006001040026000103640104000A0E0B092E
:10FEB000640104000E02000060010400320001032E
:10FEC000640104000000900B640104000000A00421
:10FED0006401040000007C06600104005800010376
:10FEE000640104004252434D640104005F544553D1
:10FEF00064010400545F535364010400494400004A
:10FF00006001040060000103640104003900000086
:10FF1000640104005000000064010400C0000000FF
:10FF2000600104007000010364010400BE03BE030D
:10FF300064010400BE03BE0364010400BE03BE03EB
:10FF400064010400BE03BE03640104000004EA036C
:10FF500064010400D403BE03640104000B04F50330
:10FF600064010400DF03C90364010400BE03BE038F
:10FF700064010400BE03BE0364010400BE03BE03AB
:10FF800064010400BE03BE03640104000004EA032C
:10FF900064010400D403BE03640104000B04F503F0
:10FFA00064010400DF03C90364010400160416049D
:10FFB00064010400160416046401040022041604FB
:10FFC0006401040016042E046401040016041604DF
:10FFD00064010400160416046401040016041604E7
:10FFE000640104003A0416046401040016041604B3
:10FFF00064010400160416046401040022041604BB
:020000041003E7
:100000006401040016042E0464010400160416049E
:1000100064010400160416046401040016041604A6
:10002000640104003A0416046401040000001F0087
:1000300064010400FF031F006401040002000000CB
:100040006401040002000000600104009800010344
:100050006401040000001F0064010400FF031F008E
:1000600064010400010000006401040001000000BC
:1000700060010400A00001036401040000001F00EF
:1000800064010400FF031F0064010400010000007C
:10009000640104000100000060010400A8000103E5
:1000A0006401040000001F0064010400FF031F003E
:1000B000640104000100000064010400010000006C
:1000C00060010400C00001036401040037243724E8
:1000D000640104003724372460010400BA010103DD
:1000E0006401040001000702640104000702070321
:1000F000640104000700000060010400DF01010347
:10010000640104002000CB016401040000005400DD
:10011000640104000000AB08640104000000100446
:100120006401040084000200640104000000140063
:1001300064010400CF0102006401040044000000D7
:1001400064010400AF0802006401040010046400AC
:100150006401040002020000640104001000CA01EE
:100160006401040002003C00640104000000AA08CD
:100170006401040002001004640104005400020839
:10018000640104000000080064010400CE010000C6
:10019000640104003400000064010400AE080000A3
:1001A000640104001004440064010400020A000019
:1001B000640104000800C901640104000200300069
:1001C000640104000000A908640104000200100496
:1001D000640104003C0002106401040000000400FB
:1001E00064010400CD010000640104002C00000043
:1001F00064010400AD080000640104001004340030
:100200006401040002120000640104000400C8013B
:100210006401040000002C00640104000000A80830
:10022000640104000000100464010400300002199D
:10023000640104000000000064010400CC0102001D
:10024000640104002C00000064010400AC080200FA
:10025000640104001004300064010400021A00006C
:1002600064010400C0000A0464010400700000007E
:10027000640104003A010A046401040028022CC04D
:1002800064010400F2020A04640104000000000199
:1002900064010400600014046401040038000000DC
:1002A00064010400020114046401040014012CC060
:1002B00064010400DE0114046401040000008000F5
:1002C00064010400220037046401040015000000EA
:1002D00064010400DF0037046401040065002CC0E1
:1002E000640104002E0137046401040000002F00A3
:1002F0006401040011006E84640104000B0000001E
:1003000064010400D4006E846401040033002CC036
:1003100064010400FC006E84640104000000180005
:100320006401040002008A9D64010400FB000208CD
:1003300064010400C54EFA0064010400020A83341B
:1003400064010400FE000210640104006227F90049
:10035000640104000212421A64010400FD00021943
:1003600064010400B113F80064010400021A811151
:1003700064010400FC00021C64010400C10FFC00C5
:10038000640104000000C10F64010400FC000000CF
:1003900064010400C10FFC0060010400500201036D
:1003A00064010400000000006401040001007114F5
:1003B000640104000402000060010400540201030F
:1003C00064010400010000006401040001007114D4
:1003D00064010400040200006001040058020103EB
:1003E00064010400020000006401040001007114B3
:1003F0006401040004020000600104005C020103C7
:100400006401040003000000640104000100711491
:1004100064010400040200006001040060020103A2
:100420006401040000000100600104006C0201038B
:1004300064010400200000006001040012040103B4
:100440006401040000000C00600104005005010379
:10045000640104001800000064010400983A983A0E
:1004600064010400A60E6400640104000000F401AD
:10047000640104000400000064010400C8AFA86126
:1004800064010400204E1E0064010400000003000B
:1004900064010400030000006401040050C3000074
:1004A000600104005B050103640104000000140501
:1004B00064010400E2040000600104005F05010320
:1004C00064010400204E00006401040000000F00DD
:1004D00064010400F40103006001040065050103E8
:1004E0006401040000001300640104000000030024
:1004F000640104000100070064010400C8AF0000AB
:100500006401040088130000640104002C17DF401C
:10051000600104006C0501036401040000002C016B
:10052000640104000000A00F600104006F050103D6
:1005300064010400000002006401040000002C01BA
:1005400064010400C000000064010400C044000015
:10055000640104006400000064010400DC05401F25
:1005600064010400000046006401040050005000D3
:10057000640104000200000064010400F50A0000A8
:10058000600104007A050103640104002010409C0E
:1005900064010400204E000064010400B80B000058
:1005A000600104007E050103640104000000204E88
:1005B000640104000000050064010400DC053F0044
:1005C0006401040071020000640104003075000041
:1005D000600104008605010364010400C409A00F42
:1005E0006001040089050103640104000000D007D4
:1005F000600104008B05010364010400204E204EBD
:10060000600104008E0501036401040020008040A5
:100610006401040000000A0064010400E803E81C0F
:1006200064010400384A00006001040093050103DE
:100630006401040000006400600104009F050103E0
:10064000640104000200940260010400A10501039A
:1006500064010400E100000060010400A40501033E
:10066000640104003075000060010400A705010367
:1006700064010400DC05000064010400581B000054
:1006800060010400AF0501036401040000000F00D5
:1006900064010400C800000060010400B205010309
:1006A0006401040000000200640104000000640012
:1006B00060010400BB05010364010400A861701718
:1006C00060010400C405010364010400BE000000D1
:1006D00060010400380C0100640102000000000009
:1006E0006001040003000200640104001F00000018
:1006F000600104000400020064010400FF03000024
:100700006001040005000200640104001F000000F5
:1007100060010400060002006401040007000000FC
:1007200060010400070002006401040004000000EE
:10073000600104000800020064010400FFFF0000E3
:1007400060010400090002006401040000000000D0
:10075000600104000A0002006401040000000000BF
:10076000600104000B0002006401040000000000AE
:10077000600104000C00020064010400000000009D
:10078000600104000D00020064010400000000008C
:10079000600104000E00020064010400000000007B
:1007A000600104000F00020064010400000000006A
:1007B0006001040010000200640104001F0000003A
:1007C0006001040011000200640104000000000048
:1007D0006001040012000200640104000000000037
:1007E0006001040013000200640104000000000026
:1007F0006001040015000200640104000000000014
:100800006001040016000200640104000000000002
:10081000FFFF00000000000086060200D009000073
:10082000800602003E3E0000820602003E020000FA
:10083000000702003C0000008406020012020000D3
:10084000600104000300010064010200C000000018
:100850006001040003000100660102000A000000BC
:1008600060010400040001006401020014000000A3
:100870006001040007000100640102008301000020
:10088000600104002500010064010200F401000081
:1008900060010400C5050100660102002B04000090
:1008A00060010400C60501006401020000010000AF
:1008B00060010400E1010100640102003C0000004D
:1008C00060010400E601010066010200340000003E
:1008D00060010400EC01010064010200300000002E
:1008E00060010400F1010100660102002C0000001B
:1008F00060010400F7010100640102002C00000007
:1009000060010400FC0101006601020028000000F3
:1009100060010400020201006401020028000000DE
:1009200060010400070201006601020028000000C7
:10093000FFFF000000000000ED9F8000C1AD8000BF
:10094000DDAE8000F9AB8000B5B0800065AF8000FF
:10095000C9B08000DDB0800071AD800085AD800041
:1009600009AC800005B18000FDAA8000A1B0800024
:1009700065AE800035AA800081A18000C5A18000FD
:1009800031A880008DA8800019A8800079AF800070
:10099000B1A68000ADAB80008DAB8000E5AB8000E0
:1009A0008DA380007DAB800079A28000F5A380003C
:1009B00045A7800045A0800039A1800065A3800084
:1009C00039A0800055A080002D9F8000399F8000B5
:1009D00000000000000000000000000075A380007F
:1009E00061A8800039A8800071A2800095A78000CE
:1009F000219F8000199F8000B9A0800085A0800001
:100A0000E59E8000280000000F00000004010000A7
:100A100008070000000707000007040000000404A6
:100A200000000400000000010100000000000000C0
:100A300003030000000000000000000000000000B0
:100A4000B1080000000000000404040404010400D4
:100A5000E20400080A0000006A1000000000000024
:100A60000000000031060000DDC88D00040404040D
:100A700004010400E20400080A0000006A100000FB
:100A80000000000000000000310400008C2EBA00BD
:100A90000404040404010400E20400080A00000045
:100AA0006A1000000000000018180000000000009C
:100AB000000606000000000000000000000000002A
:100AC000311900000000A0000C0C0C0C0A030400FB
:100AD000E20400080A0000006A10000000000000A4
:100AE00000000000B1120000277662000C0C0C0C14
:100AF0000A030400E20400080A0000006A10000073
:100B00000000000000000000B10C00001443FD00D4
:100B10000C0C0C0C0A030400E20400080A0000009C
:100B20006A100000E02E01010150000000000000EA
:100B3000C832020101490000899DD80040380301F4
:100B400001420000AAAAAA00003C0401013E0000E4
:100B500000008000483F0501013B0000D05E4200DC
:100B6000A04106010139000049922400004B070111
:100B70000132000000000000584D08010130000063
:100B8000071F7C00204E090101300000000000001A
:100B9000C05D0A010128000000000000A8610B01EF
:100BA000012600006666660090650C0101240000C5
:100BB000C44EEC0030750D01012000000000000063
:100BC00040830E01011C00002449920018920F027C
:100BD00001330000F93E5600009610020132000079
:100BE00000000000409C11020130000000000000E5
:100BF00080BB1202012800000000000020CB13027D
:100C000001240000C44EEC000000000000000000C1
:100C100000000000626F617264666C61677333008C
:100C200073707572636F6E66696700000000000084
:100C300000000000B1190000ABAA0A000B0C0C0C5C
:100C40000A030400E20400080A0000006A10000021
:100C50000000000000000000B1120000143BB100D1
:100C60000B0C0C0C0A030400E20400080A0000004C
:100C70006A1000000000000000000000310D0000BC
:100C80007A0534000B0C0C0C0A030400E204000883
:100C90000A0000006A1000000000000012100000AE
:100CA000000000000000000000000000B11900007A
:100CB000000040000C0C0C0C0A030400E2040008C5
:100CC0000A0000006A1000000000000000000000A0
:100CD000B1120000FF88D8000C0C0C0C0A030400B1
:100CE000E20400080A0000006A1000000000000092
:100CF00000000000B10D0000F0FF4E000C0C0C0CC9
:100D00000A030400E20400080A0000006A10000060
:100D100006000000BC010000C54200003142000096
:100D20008945000078000000010000003940000003
:100D30003F400000414000008000000068000000CB
:100D4000FB440000F7440000D144000067E6096A54
:100D500085AE67BB72F36E3C3AF54FA57F520E51DC
:100D60008C68059BABD9831F19CDE05B982F8A4215
:100D700091443771CFFBC0B5A5DBB5E95BC25639ED
:100D8000F111F159A4823F92D55E1CAB98AA07D805
:100D9000015B8312BE853124C37D0C55745DBE7228
:100DA000FEB1DE80A706DC9B74F19BC1C1699BE4A8
:100DB0008647BEEFC69DC10FCCA10C246F2CE92D38
:100DC000AA84744ADCA9B05CDA88F97652513E985C
:100DD0006DC631A8C82703B0C77F59BFF30BE0C663
:100DE0004791A7D55163CA0667292914850AB727F1
:100DF00038211B2EFC6D2C4D130D385354730A658E
:100E0000BB0A6A762EC9C281852C7292A1E8BFA264
:100E10004B661AA8708B4BC2A3516CC719E892D1CC
:100E2000240699D685350EF470A06A1016C1A4194F
:100E3000086C371E4C774827B5BCB034B30C1C394E
:100E40004AAAD84E4FCA9C5BF36F2E68EE828F740D
:100E50006F63A5781478C8840802C78CFAFFBE9027
:100E6000EB6C50A4F7A3F9BEF27871C60123456775
:100E700089ABCDEFFEDCBA9876543210F0E1D2C3E4
:100E8000142030401C2010776C2564002530347805
:100E900000776C25643A20257320257320766572CF
:100EA00073696F6E20257320465749442030312DD9
:100EB00025780A004E6F76203239203230323100E8
:100EC00032323A34393A303900617020007374613B
:100ED0002000776D6520003830322E3131642000DB
:100EE0003830322E3131682000726D20006361632A
:100EF0002000616D7064752000616D7064755F74B1
:100F0000782000616D7064755F72782000616D7388
:100F1000647572782000616D736475747820007256
:100F20006164696F5F7077727361766520007032FB
:100F30007020006D6368616E2000646672747320B7
:100F400000747870777263616368652000737462FF
:100F5000632D74782000737462632D72782D317361
:100F6000732000776E6D20006273737472616E730C
:100F700020006D66702000736165200069646175F2
:100F800074682000746B6F2000776C630067706971
:100F90006F6F757400000000E156010002000080D0
:100FA000080000003D6F8900E20000000100000021
:100FB000000000000000000000000000020000002F
:100FC000000031316400313168003131750054580E
:100FD000204D435320203A002020256428256425F5
:100FE0002529000A20202020202020203A0000006F
:100FF000A1878900070080000100000000000000B8
:1010000000000000000000005258204D43532020F3
:101010003A006170707300615F77706100615F77A3
:101020007061690025733A20686F73745F656E6143
:10103000622025640A0062737363666700627463EA
:10104000006274635F646F735F73746174757300BF
:10105000955701000E00000007000000000000008E
:101060000000000000000000636D005F5F004B5255
:1010700000000000BC580100E0ED88000000000006
:1010800000000000B058010000000000AA58010054
:10109000A45801000000000000000000805801007A
:1010A0002C590100885801007FB2000000000000A8
:1010B0000000000000000000000000000000000030
:1010C0000000000000000000000000000000000020
:1010D0000000000090580100000000000000000027
:1010E0000000000000000000000000000000000000
:1010F00000000000000000000000000000000000F0
:1011000000000000000000000000000000000000DF
:1011100000000000000000000000000000000000CF
:1011200000000000000000000000000001000000BE
:10113000B1580100000000000000000032303231E0
:101140002D31312D32392032323A34323A343400B2
:101150000000FF0000000000FF00000000236E0000
:101160000000FFFFF0000000000000000000000091
:10117000434C4D204441544100000C000200392EE4
:1011800031302E3339000000000000000000000064
:101190000000312E32392E3400000000C458010006
:1011A000C8570100436C6D496D706F72743A2031FD
:1011B0002E33362E33000000000000000000000037
:1011C000000042726F6164636F6D2D302E3000003D
:1011D000000000000000000000000000000000000F
:1011E000636E7472790064756D705F696E666F000E
:1011F0001385890000000040080000000000000086
:1012000000000000000000006576656E74710066E5
:1012100062740000115A010016000000775A0100A4
:10122000180000008F5A01001B000000275A01001F
:101230001C0000009CEF88000E000000DA5901003D
:1012400033000000DA59010033000000435A010066
:1012500034000000435A010034000000435A0100EA
:10126000340000009BEF880001000000D05901000D
:101270000A0000009AEF88000100000003103036D9
:10128000373839F4FFDD000102030406070809209E
:10129000252829232A32300B0C424746333F40434E
:1012A000363A3C3B2D3D484A7F596145626B6C6F35
:1012B00070BFC0C3C4C744F4DD69656D000001326E
:1012C0002124302E46363B2D487F595E6BBFC744E4
:1012D00085F4DD01320C354146303637393A382D48
:1012E0003D484A7F5A5F58646EBFC0C744F4DD0072
:1012F00001020304060507080920252829232A32AC
:10130000300B0C2E333F4043424746363A3C3B2D90
:101310003D484A7F5659456B6C6F70BFC0C3C4C708
:1013200044F4DD01320C35414636373A382D3D481C
:101330004A7F5A5F6EBFC0C744F4DD0001322124EA
:10134000302E463637393B2D487F595E57636BBF89
:10135000C744859CF4DD696572006C710044495294
:101360004543542D007068790000A404004000003B
:10137000A40400800080D00420000000A404FF0129
:101380000000A40400040004A504FF032C01A5042C
:1013900000E000A0A504001C00000D04FF034000B5
:1013A0000D0400700040A204FF034000A20400707E
:1013B0000040A804FF000100D004C07F00000C051D
:1013C000FF010000A60400800080A604FF01FF00CA
:1013D0009A04FF01FF00F40900800080F40900383E
:1013E0000020F409FF0337009904FF0378009F04ED
:1013F00000C000409F04FF039001D70408000800CC
:10140000D70400700020AC093C001400F809040067
:101410000400706B745F66696C7465720000000094
:101420000C000000FFFFFFFFFFFFFFFFFFFFFFFFBC
:1014300070726F745F670070726F745F6E0000008F
:10144000EC5B01000700000007000000FD5B0100ED
:101450000600000001000000000000000000000085
:1014600000000000534145204861736820746F20DC
:10147000456C656D656E74207531205031005341A7
:1014800045204861736820746F20456C656D656EFA
:1014900074207532205032007361655F6D61785F32
:1014A0007077655F6C6F6F70007361655F707765F3
:1014B0005F686E705F656E61626C6500405C010024
:1014C0002700000007000000585C01002800000011
:1014D000070000006E5C010026000000070000000D
:1014E0000000000000000000000000007374665F50
:1014F00074656D705F6D696E5F647574795F637933
:10150000636C65007374665F74656D705F6D6F6E9C
:1015100069746F725F74696D65007374665F74657A
:101520006D705F74687265736800696473757000CC
:101530007470630074786300776170690000000064
:10154000000000000000000000000000600A000031
:1015500080380100736470636D646576000000007C
:1015600000000000005D010000000000000000001D
:10157000000000000000000000000000000000006B
:10158000C5DF800045F6800059F68000C9DF800085
:10159000BDDF800089DF800051DD80000000000099
:1015A00055F680000000000000000000C57C01002E
:1015B000A17C01008B7C0100E1F6800000000000AE
:1015C000A5F68000F9F68000C1F68000EDF68000F7
:1015D000000000000000000000000000158801006D
:1015E000698801000000000011880100258C0100BD
:1015F000F589010059890100000000000000000089
:10160000000000000000000000000000C58901008B
:10161000000000001D1E1C0B80BA8C0100C20100DE
:10162000F20000008100000010000000C0AD3A028E
:1016300000C20100EC000000810000002200000058
:10164000776C0000000000000000000000000000B7
:10165000C05D01000000000000000000000000006C
:1016600000000000000000000000000035E2010062
:101670001D8E8100E9898100298F81000000000012
:10168000B58C810000000000FD8D8100000000008D
:101690000000000000000000000000000100030046
:1016A0000300060000000300030003000E000D000D
:1016B0000E000E000E00020009000C000A000800D7
:1016C0000D00010009000C000A0008000D000100D7
:1016D00009000C000A0008000D00010009000C00C0
:1016E0000A0008000D0001000A000D000B000900AF
:1016F0000E0002000A000D000B0009000E0002009F
:101700000900390016000E000E000500090039001E
:1017100016000E000E0005000A000D000B00090067
:101720000E0004000A000D000B0009000E0002006C
:101730000A000D000B0009000E0002001400BF009B
:10174000C0001500110005001400BF00C000150006
:10175000110005001400BF00C000150011000500B5
:101760001400BF00C0001500110005001400BF00E8
:10177000C0001500110005000900390016000E0018
:101780000E0005000900390016000E000E000500CD
:101790001400BF00C0001500110005000900390049
:1017A00016000E000E0005000900390016000E009C
:1017B0000E0005009600DE00DF0015001100050098
:1017C0001400BF00C0001500110005000900390019
:1017D00016000E000E0005000900390016000E006C
:1017E0000E0005000900610016000E000E00050045
:1017F0000900390016000E000E0005000C00B600AE
:1018000019001100110008000900390016000E002F
:101810000E0005000900B6001900110011000800B3
:101820000900B60019001100110008000900B600F7
:1018300019001100110008000900390016000E00FF
:101840000E0005000900B600190011001100080083
:101850000800370016000E000E0005000900B60053
:101860001900110011000800000000000000000035
:101870000000000000000000000000000000000068
:101880000000000000000000000000000000000058
:101890000000000000000000000000000000000048
:1018A0000000000000000000000000000000000038
:1018B0000000000000000000000000000000000028
:1018C0000000000000000000000000000000000018
:1018D0000000000000000000000000000000000008
:1018E00000000000000000000000000000000000F8
:1018F00000000000000000000000000000000000E8
:1019000000000000000000000000000000000000D7
:1019100000000000000000000000000000000000C7
:1019200000000000000000000000000000000000B7
:1019300000000000000000000000000000000000A7
:101940000000000000000000000000000000000097
:101950000000000000000000000000000000000087
:101960000000000000000000000000000000000077
:101970000000000000000000000000000000000067
:101980000000000000000000000000000000000057
:101990000000000000000000000000000000000047
:1019A0000000000000000000000000000000000037
:1019B0000000000000000000000000000000000027
:1019C0000000000000000000000000000000000017
:1019D0000000000000000000000000000000000007
:1019E00000000000000000000000000000000000F7
:1019F00000000000000000000000000000000000E7
:101A000000000000000000000000000000000000D6
:101A100000000000000000000000000000000000C6
:101A200000000000000000000000000000000000B6
:101A300000000000000000000000000000000000A6
:101A40000000000000000000000000000000000096
:101A50000000000000000000000000000000000086
:101A60000000000000000000000000000000000076
:101A70000000000000000000000000000000000066
:101A80000000000000000000000000000000000056
:101A90000000000000000000000000000000000046
:101AA0000000000000000000000000000000000036
:101AB0000000000000000000000000000000000026
:101AC0000000000000000000000000000000000016
:101AD0000000000000000000000000000000000006
:101AE00000000000000000000000000000000000F6
:101AF00000000000000000000000000000000000E6
:101B000000000000000000000000000000000000D5
:101B100000000000000000000000000000000000C5
:101B200000000000000000000000000000000000B5
:101B300000000000000000000000000000000000A5
:101B40000000000000000000000000000000000095
:101B50000000000000000000000000000000000085
:101B60000000000000000000000000000000000075
:101B70000000000000000000000000000000000065
:101B80000000000000000000000000000000000055
:101B90000000000000000000000000000000000045
:101BA0000000000000000000000000000000000035
:101BB0000000000000000000000000000000000025
:101BC0000000000000000000000000000000000015
:101BD0000000000000000000000000000000000005
:101BE00000000000000000000000000000000000F5
:101BF00000000000000000000000000000000000E5
:101C000000000000000000000000000000000000D4
:101C100000000000000000000000000000000000C4
:101C200000000000000000000000000000000000B4
:101C300000000000000000000000000000000000A4
:101C40000000000000000000000000000000000094
:101C50000000000000000000000000000000000084
:101C60000000000000000000000000000000000074
:101C70000000000000000000000000000000000064
:101C80000000000000000000000000000000000054
:101C90000000000000000000000000000000000044
:101CA0000000000000000000000000000000000034
:101CB0000000000000000000000000000000000024
:101CC0000000000000000000000000000000000014
:101CD0000000000000000000000000000000000004
:101CE00000000000000000000000000000000000F4
:101CF00000000000000000000000000000000000E4
:101D000000000000000000000000000000000000D3
:101D100000000000000000000000000000000000C3
:101D200000000000000000000000000000000000B3
:101D300000000000000000000000000000000000A3
:101D40000000000000000000000000000000000093
:101D50000000000000000000000000000000000083
:101D60000000000000000000000000000000000073
:101D70000000000000000000000000000000000063
:101D80000000000000000000000000000000000053
:101D90000000000000000000000000000000000043
:101DA0000000000000000000000000000000000033
:101DB0000000000000000000000000000000000023
:101DC0000000000000000000000000000000000013
:101DD0000000000000000000000000000000000003
:101DE00000000000000000000000000000000000F3
:101DF00000000000000000000000000000000000E3
:101E000000000000000000000000000000000000D2
:101E100000000000000000000000000000000000C2
:101E200000000000000000000000000000000000B2
:101E300000000000000000000000000000000000A2
:101E40000000000000000000000000000000000092
:101E50000000000000000000000000000000000082
:101E60000000000000000000000000000000000072
:101E70000000000000000000000000000000000062
:101E80000000000000000000000000000000000052
:101E90000000000000000000000000000000000042
:101EA0000000000000000000000000000000000032
:101EB0000000000000000000000000000000000022
:101EC0000000000000000000000000000000000012
:101ED0000000000000000000000000000000000002
:101EE00000000000000000000000000000000000F2
:101EF00000000000000000000000000000000000E2
:101F000000000000000000000000000000000000D1
:101F100000000000000000000000000000000000C1
:101F200000000000000000000000000000000000B1
:101F300000000000000000000000000000000000A1
:101F400000000000000000002DE9F8430546884627
:101F5000FBF33EF200212846FBF382F304462846B9
:101F60006E69AF69F3F3F0F30A2E814616D90F2E8E
:101F700016D02846FAF31EF5142E054603D9A36899
:101F800023F00803A360A368142E43F00103A360A9
:101F900014D9A36843F00803A3600FE0022E0FD901
:101FA0002846FAF375F5D4F8A430054623F0FF036C
:101FB00043F00203C4F8A430022303E0012301E04C
:101FC000104D3023A268D20707D407F01802082A60
:101FD0000CBFB5FBF3F54FF4E11507F0030700263E
:101FE0000BE004F54073B8F1000F05D0300218186B
:101FF00049462A460023C0470136BE42F1DBBDE810
:10200000F88300BF00C63E052DE9F8431646984602
:1020100004460D46FAF374F5002107462046FBF30B
:102020001FF3002281461346134988184068B0B94F
:102030000C225343CA18CE505560C2F8088020467F
:10204000FBF3C6F1D9F824300C4D1E432E60204618
:10205000FBF3BEF12B680125C9F8243004E00133FD
:102060000C32052BE0D1002520463946FBF3F8F26F
:102070002846BDE8F88300BFBC5F0100E403000010
:1020800038B5124C002148222046F0F365F4104A7E
:10209000012384E80C0000250E491F2204F10C00E6
:1020A000F0F332F584F82B50F5F31CF34FF40023D2
:1020B000A3634FF40003E363074B20632364074BE0
:1020C0006563DB696564A36038BD00BF186001000B
:1020D00044454247403901001C2B09007060010053
:1020E0004369142B01DDFAF317B57047436910B546
:1020F0000A2B04460ADD064901220346FFF784FF46
:1021000020460121BDE8104007F096BA10BD00BF7F
:1021100089160000C36910B5590704460CD5074B52
:1021200000221968FBF3B4F005492046102223462B
:10213000BDE81040FFF768BF10BD00BF2C040000D1
:10214000FDB18000134B13B51360134601E0114C31
:102150001C600433ADF17C04A342F8D3C41C24F00A
:1021600003040D4B091B0D481960002303600C4844
:10217000083903600B4884E80A0003600A480260DB
:102180000A4802F500520260094A1360EAF7C6FEE7
:1021900044601CBD4B415453F40300001404000080
:1021A0004804000004600100686001001060010044
:1021B000F003000008B500211420EAF7BDFE054B2E
:1021C000002118601422F0F3C7F3BDE80840F5F3CE
:1021D00001B100BF300400002DE9F0474D1C294635
:1021E000824605F0A1FB134C206000B34FEA85093D
:1021F00048460021EAF7A0FE0F4F804638600F4E98
:1022000068B14A460021F0F3A7F320680021F0F3FB
:102210003FF73B6800221A603560BDE8F087504602
:10222000216805F0D5FBC6F80080C4F80080BDE841
:10223000F08700BFF8030000E8030000040400007A
:10224000F0B5184F85B00F21386805F0C3FA0F2894
:1022500003903E4624D184200021EAF76DFE124C03
:102260002060D0B100218422F0F376F30025012311
:1022700004AA42F8043D00950195386821684FF49E
:10228000F06305F0D5FA0130206803D03221ECF775
:1022900051FA05E0EAF7D8FE2560306805F0B8FA93
:1022A00005B0F0BD2C04000044040000B1F5E06F5F
:1022B00073B504460E46154606D103690091002108
:1022C00001911E680A460CE00D4B00221868FBF3D2
:1022D000B9F1014680B123690022009601921E687F
:1022E00020462B46B04738B1064BA0611A6865619D
:1022F00022621C60002001E04FF0FF307CBD00BF77
:1023000000040000F85F01002DE9F84310200C469E
:10231000002191469846EAF70FFE054620B3144E79
:102320003068FAF3EDF3099B074623B9306821467C
:102330004A46FBF387F13068FAF35CF501238340EA
:10234000089AEB60AA600B4AC5F804801168156012
:10235000094A2960116830680B4313603946FBF362
:102360007FF10020BDE8F8836FF01A00BDE8F88324
:10237000000400003C0400001004000013B500211C
:102380000446FBF36DF1174B1860174B00F57060B6
:1023900018606369222B12DDE36958060FD540F6F9
:1023A000270100222046FAF311F501462046FBF3EF
:1023B00057F10E4B002118602046FBF351F100202D
:1023C0004FF4006102460A4B00900190FFF79CFF1A
:1023D00028B1012002B0BDE81040F4F377B602B096
:1023E00010BD00BF2404000094600100340400000C
:1023F000E9B1800073B5374B374C0193374B00215F
:10240000202220461D682669F0F3A6F201232360EE
:10241000334B26611B68E36145F8044C00F048FC2F
:10242000ADF5FE513C390A462E48FFF78BFEF4F31A
:102430003DF3F4F3A5F700F073F8FFF721FE002059
:1024400006F0D4FD284D294C286007F00FFA2060D3
:10245000FFF794FFFFF7AEFE206800F029FB20682D
:1024600006F0E8FD224B20681A6802F580321A60F7
:10247000204B1A6802F580321A601F4B1A6802F569
:1024800080321A6000F0C0F800221C481C49F5F3A5
:10249000E7F002221B481C49F5F3E2F000221B483A
:1024A0001B49F5F3DDF000221A491B48F5F3D8F07B
:1024B0002068FFF715FE2068FFF718FE2068FFF779
:1024C00029FE286840F28F11FFF786FEFFF7B8FE5D
:1024D00020687CBDADDEADDE70600100945C010063
:1024E000906001008C6A03002C04000000040000CE
:1024F000F403000014040000046001008DDA890078
:10250000891900001385890041B48000943B0100C3
:1025100091B680001DB28000973B0100704700001B
:1025200070B5174D2C682CBBB0202146EAF704FD8E
:10253000286010B32146B022F0F30EF24FF4806011
:1025400021462E68EAF7F8FCB060286886681EB954
:10255000EAF77AFD2E600DE04FF48062C2602146FA
:102560003046F0F3F9F12B68064A20461360064A1C
:10257000536170BD4FF0FF3070BD4FF0FF3070BD44
:10258000A8600100500400007060010070B5184C94
:102590000546236833B9174E33680BB9FFF7C0FF00
:1025A00033682360206808B300230360C0F89C30C0
:1025B0004360012380F8A4306B6C0E3B012B03D9E0
:1025C00028460D49FFF7C0FC0C4B9A6812B12268EF
:1025D000C2F89C3020680123C0F89C30F5F31EF04F
:1025E000074808492268F5F33BF0206870BD00BF3A
:1025F00050040000A8600100716C010098600100A7
:10260000242B870011BE800010B500230446102241
:102610000A49FFF7F9FC00212046FAF365F700228A
:1026200020464FF4A051EDF76DFF054B00222046E8
:102630009A60BDE81040FFF7A9BF00BFE5BC80006D
:102640009860010038B504460D4651B11020F5F3ED
:102650009FF1044B186020B180E830004FF4F06324
:10266000836038BDAC600100134B02461B680068F4
:1026700010B500F47041DC1E090B042C08D800F4DE
:102680007060000A0E30012313FA00F0484310BDB9
:10269000072B0CD8002010BD43F480741461146C17
:1026A000013304F07F0401346403001901E00023C6
:1026B00018468B42F0D110BD5014000003684068EA
:1026C000181823F00703083398428CBF002001201C
:1026D00070470000044B054A186890421ABF00F189
:1026E00008021A6000207047A05C01000010000082
:1026F0002DE9F34190E8480023F00704083413F073
:10270000070202D19D19AC424AD0354680680022AA
:1027100003E0875C0DF802700132B242F9D19E18D5
:10272000A64204D900293DD0361B951B00E00026A7
:1027300023F00707C7EB030C002204E012F8078020
:1027400000F8028001326245F8D18218002003E0CF
:102750001DF8007017540130A842F9D15B195219C5
:10276000E71A002004E013F800C002F800C00130AE
:10277000B842F8D1002E18DD00AB5D190023EA5CE9
:10278000CA540133B342FAD1C918E4180022C3F184
:10279000080302E0A05C885401329A42FAD104E0B6
:1027A000104603E04FF0FF3000E00020BDE8FC8160
:1027B0002DE9F0471C4B1D4C0026C4EB03081C4BB5
:1027C0004FEAA80803FB08F8474629E02368D4F835
:1027D00008A023F0070900251AF8052015F809308C
:1027E0009A4202D00120F4F371F40135082DF3D19F
:1027F0002046FFF763FF88B90E4B054603EBC70A77
:10280000013705EB09031AF805201B7A9A4202D01A
:102810000120F4F35BF40135082DF2D101360C34BC
:102820004645D3DBBDE8F0879013000000100000A0
:10283000ABAAAAAA00080000144B2DE9F0471B68B8
:10284000134D9B68134F03F00F097F1B0123124A9E
:1028500003FA09F9BB1002FB03F80026444606E020
:102860002846FFF72BFF00B9013401360C354645E9
:10287000F6DB2246BB104FF0553404FB0323074818
:102880004946BDE8F047F0F38DB000BF4C1400009E
:102890000010000090130000ABAAAAAAA93B0100F7
:1028A00041F4003138B5426304460163652502E016
:1028B0000A20F4F355F5236B002B01DB013DF7D122
:1028C00038BD836A43F0004383627047836A23F014
:1028D000004383627047F8B58668054601240F46B9
:1028E00006F00F06FFF7F2FF14FA06F6AC62EF628D
:1028F000002405E0A1B228460022FFF7D1FF0134F1
:10290000B442F7DBF8BD00002DE9F041FFF7E2FE2D
:10291000194E1A4BDFF87080194FF61A194BC8EB95
:102920000707002814BF05461D4604465D1BFFF738
:1029300083FF47B1002140463A46F0F30DF0404690
:102940003946F4F383F146B100210C483246F0F3E6
:1029500003F00A483146F4F379F155B100212046DD
:102960002A46EFF3F9F720462946BDE8F041F4F393
:102970006DB1BDE8F08100BF9013000000100000B1
:102980000008000000100000C5040000424B2DE9C3
:10299000F74F1D6841492846FFF79DFF404A414BCC
:1029A000A968D31A404A9B105A43019271D0012062
:1029B00001F00F0110FA01F18A4201DDF4F386F310
:1029C0002846FFF751FE394BA0F1040B1A689946CF
:1029D0000E2A01D8861000E001264FF00008314C85
:1029E0004CE06368013B072B01D8A36813B90120B1
:1029F000F4F36CF32046FFF761FE38B9FFF76AFE87
:102A0000074620B90120F4F361F300E000272046D7
:102A10003946FFF76DFE10B10120F4F357F3DFF8EC
:102A20007CA0A1682268D9F80030CAEB010122F02D
:102A30000702C9100E2B96BF02EA0B02324346EA88
:102A4000920289B22846FFF72BFFA7B12268D9F876
:102A5000003022F00702CAEB07010832C9100E2B22
:102A600098BF02EA0B0289B28CBF324346EA920257
:102A70002846FFF715FF08F101080C34019B984523
:102A8000AFDB2846FFF71DFF03B0BDE8F04FFFF7AF
:102A90008FBE03B0BDE8F08F4C14000000080000AA
:102AA0009013000000100000ABAAAAAA5014000066
:102AB0002DE9F7430446FAF38BF4204600F008FAB8
:102AC0006B48EAF71DF92046F2F334F600F578700A
:102AD0004FF47A730730674FB0FBF3F0386020464D
:102AE000F2F328F6644B654AC3186169B3FBF2F34D
:102AF000634A22291360634E634D04DDE36958067F
:102B000001D5336800E02B6803F5C2630433D3F8C2
:102B100000E030682B68222905DDE269520602D503
:102B200000F5C26201E003F5C26204321268964504
:102B3000F1D0222905DDE269520602D500F5C26313
:102B400001E003F5C2630433D3F80080EAF7B8F874
:102B50003168814660692A681025222805DDE3690D
:102B60005B0602D501F5C26301E002F5C2630433DE
:102B70001B689845F1D0222805DDE3695E0602D581
:102B800001F5C26301E002F5C2630433013DD3F8ED
:102B90000080E2D1EAF794F83A68C9EB0006B2FA8D
:102BA00082F39A40191FB2FBF6F2384B01321A60D9
:102BB0004FF47A73A2FB03233548CA400160C1F188
:102BC000200113FA01F08018ECF742FB3968042366
:102BD0000FE0B5FA85F2B6FA86F0013A8242A8BF54
:102BE0000246964095409B18B6FBF1F201FB126637
:102BF000551915F0404FECD0264A1360264B40F291
:102C0000FF321D60236A002B244BC8BF6FF07F4248
:102C10001A606369222B0CDDE369580609D5002090
:102C200040F6270102461E4B00900190FFF76CFB17
:102C300005E020461A4920220023FFF7E5F900208D
:102C40001849F0F301F5184D286078B10120F4F32C
:102C50006DF220462D68F2F36DF5B5FBF0F04FF400
:102C60007A754543114BA5F5FA651D60BDE8FE83F5
:102C7000E91E0000A45C01003F420F0040420F002B
:102C8000B40300003404000024040000A803000082
:102C9000AC030000A4030000A0030000B003000088
:102CA00019B980008C8502008404000080040000B3
:102CB0000D4B00211A6842F010021A601A6822F4C3
:102CC00000721A60094A136843F0807343F480333A
:102CD0001360074B07221A6043F8041C59685A60B6
:102CE000044B20221A60704714ED00E0FCED00E078
:102CF000241000E000E400E070B504460E46FAF34C
:102D000067F32046F9F3FCF60546EAF75BFD40F66B
:102D10002A0102462046FAF395F48269436926B1F6
:102D200042F0004243F0004303E022F0004223F06F
:102D300000438261294643612046BDE87040FAF3B2
:102D40008FB42DE9F84304461E4690460D46FAF32B
:102D50003FF32046F9F3D4F6414632460746204673
:102D6000FAF370F42046FAF345F00646EAF72AFD36
:102D700040F62A0102462046FAF364F44FF00108B7
:102D8000814685B108FA06F5836933EA050502D163
:102D90004046E9F787FF01360120B040E9F774FFAC
:102DA000C9F818500EE0701C08FA06F608FA00F090
:102DB000E9F778FF4046E9F767FFD9F818301E4376
:102DC000C9F8186020463946BDE8F843FAF348B41C
:102DD000034630B1002000E01046421C5B08FBD1E6
:102DE000704770470346032B10B510460C461DD89C
:102DF000FAB1022B0BD0032B14D0012B03D0FFF719
:102E0000E7FF0D4B06E0FFF7E3FF0C4B02E0FFF797
:102E1000DFFF0B4B186043F8044C5A6804225A60D9
:102E2000002010BDFFF7D4FF064BF3E76FF0010061
:102E300010BD6FF0010010BD241000E0341000E060
:102E4000441000E0541000E050B1431E034207D08C
:102E5000002300E013465A1C4008FBD10120984093
:102E60007047000070B5EAF7E3F90446EAF7DAF9CB
:102E7000164E241826F4FE4626F0FF0606F50046F8
:102E8000A41B1ED00125B4F5004F0FD328463146B0
:102E90004FF40042FFF7A6FFB0B90135EDB2042DA3
:102EA000A4F5004406F50046EDD170BD20465CB1A6
:102EB000FFF7CAFF314602462846BDE87040FFF7DB
:102EC00091BF4FF0FF3070BD70BD00BF8C6A030032
:102ED0002DE9F8430446FAF37BF2204640F60E0152
:102EE0000022FAF3AFF30546002838D02046FAF363
:102EF0006BF2014618B920460A46F9F3F5F520466B
:102F00002F68D5F80080F9F303F60428064605D8A3
:102F100025D108F4E028B8F5403F20D100205049E1
:102F2000F0F392F3D8B907F0F0073F090FE0013F43
:102F3000072E2F6108D90C2E06D02B6C03F44063AA
:102F4000B3F5406F00D010B1464B01206B61002FEC
:102F5000EDD1D5F8E83123F01003C5F8E831EAF7F0
:102F600031FC40F62A0102462046FAF36BF33E4D4F
:102F700006462860EAF726FC314602463B48EFF356
:102F800011F52046F9F3C4F5394B18602B681A681F
:102F900042F080721A601A6842F002021A6000223F
:102FA000C3F8E0216269272A05DDD3F8E02142F069
:102FB0004002C3F8E02140F2DD5602E00A20F4F3BB
:102FC000CFF12B68D3F8E0319B0301D4013EF5D15A
:102FD00000210B4620464FF40062FFF7B2FE0021AD
:102FE0000B46204640F61202FFF7ABFE00210B46CF
:102FF000204640F62902FFF7A4FE20460121FFF7F4
:103000007BFE00201B49F0F31FF300B32046F9F3C9
:1030100077F50646EAF7D6FB40F62A010246204637
:10302000FAF310F3D0F814900746D0F898802046B1
:10303000F9F366F50123834043EA09037B6148F015
:103040000103C7F8983020463146FAF309F32B689C
:103050001A6A42F003021A62BDE8F843FFF702BFA2
:1030600097850200FF7F0121B0600100BB3C010099
:10307000B8600100A28502000721C0F8A411402118
:10308000C0F8A8114FF4F061C0F8C8111821C0F8B9
:10309000CC1108210122C0F8D01106210A23C0F862
:1030A0009C21C0F8B021C0F8DC11C8221C21C0F856
:1030B0009831C0F8B42120231022C0F8E0110C216F
:1030C000C0F8A031C0F8BC31C0F8C031C0F8C4218C
:1030D000C0F8D431C0F8E4110323C0F8E82104217A
:1030E000C0F8F0210022C0F8D831C0F8EC11C0F8C7
:1030F000F421C0F8FC21C0F80032704741F2E443EB
:10310000984206D144F2F4300B1A584240EB0300C7
:10311000704700207047D0F81C1238B5044659B1EA
:10312000806804F0D0FB0546D4F81C02F4F33CF4AC
:103130000023C4F81C3200E00D46284638BD7FB598
:103140000446062384200393F4F31CF4C4F81C0201
:10315000B8B100218422EFF3FFF300251C23A068FF
:10316000D4F81C1203AA0095019504F061FB0646F1
:10317000013008D1D4F81C02F4F316F4C4F81C5240
:1031800001E04FF0FF36304604B070BD2DE9F0414C
:1031900004460D461646984640F2E93702E00A20FA
:1031A000F4F3DEF063691A6D002A04DA013FF6D108
:1031B0003846BDE8F081069A46443602B2F1807F77
:1031C00046F0004603D12A7842F08072B6181E6598
:1031D00040F2E93602E00A20F4F3C2F063691B6DA5
:1031E000002B03DB2B700120BDE8F081013EF2D102
:1031F0003046BDE8F08100002DE9F0438BB01D465C
:10320000DDF848909F4B0846C3F8009011461746DA
:10321000FFF774FF002800F030814FF40B70F4F3D7
:10322000B1F30446002800F0298100214FF40B720D
:10323000EFF392F3A560C4F814902046FFF71CFF4B
:10324000914B1E68C4F818621EB13678003618BF5C
:10325000012604F12808404602214122F0F382F4BD
:103260000023009301930293384629464A46139B54
:1032700006F024FBE060002800F0FA80F9F338F44F
:103280002060E068F9F344F46769804A7B6880490C
:1032900003F0010383F00103D4F800C0002B18BF32
:1032A000114684F87A3140F629039C456060D4F8D1
:1032B00008E0E26807F5007303D110B107F508775D
:1032C00001E007F504770097D4F8BC010190D4F829
:1032D000C0010290D4F8C80103904FF0FF30049071
:1032E000D4F8C4010590082006900020079070468D
:1032F00004F04EFC6062002800F0BA80D4F8181286
:10330000644FB9B10B78ABB1D7F8B0309847624988
:103310002246D4F81802F0F32DF3D4F818025F49CE
:10332000224604F0F1FA2EB12046FFF708FF0028EC
:1033300040F09E8002210A46D7F8B830606A98476C
:1033400020460021E2682B4600F06EF9206100283B
:1033500000F08E8000210B462046514AF3F336F5EB
:103360000023C4F8940184F87D314E48F5F304F04D
:1033700010B3EFF347F5012383404B48C4F8843181
:10338000F4F3FAF710B1EFF33DF508B1D4F8840186
:10339000C4F8880145490020F0F356F1030CA4F865
:1033A0008C31A4F88E013BB100212046404A0B46E7
:1033B000F3F30CF5C4F8900100203E49F0F344F11A
:1033C000012808BF84F822022046F6F391F4002871
:1033D00035D000200125C4F8A40184F82A523649CA
:1033E000F0F332F120B184F805523448EFF3DAF209
:1033F00000203349F0F328F1C0B28DF8260068B1FF
:1034000000F00F004FF080730AA901F8020D4FF48D
:103410004072009320460F23FFF7B8FE0AA9082345
:1034200001F8013D636900221D6F1A674FF0807338
:1034300000932046F023FFF7A9FE63691D67214929
:1034400022462148F4F30CF12048F3F3ABF7204B6C
:1034500004F58472511C1A600332DA60D4F8F0204B
:10346000596004F585719960C3F810805A6105E0D0
:103470002046F4F399F2002400E0044620460BB005
:10348000BDE8F0838804000044040000B985020010
:10349000CB85020010A7880051E78000CDE78000AF
:1034A00091F08000E08502000A8602000286020098
:1034B000EDE68000D5850200C1850200E9850200A5
:1034C000AD85020095E68000E03C0100F9E2800055
:1034D000BC60010038B50025044680F879510069C8
:1034E00000F0DEF82046F6F3F5F5E0682946F9F33A
:1034F000F9F2D4F8940128B1F3F3ECF3D4F8940181
:10350000F3F312F4D4F8900128B1F3F3E3F3D4F811
:103510009001F3F309F4E06805F078FFD4F81C3269
:1035200023B11B7813B12046FFF7F5FD2046BDE817
:103530003840F4F339B210B58469A068FFF7CAFFC8
:10354000E06805F061FD002010BD000010B5846941
:103550000021342204F11C00EFF3FEF1034BA068BC
:1035600063622462F6F32AF3002010BD91F6800016
:103570002DE9F347274D99462B680646072B0F4642
:10358000924640DC05F032FD80465020F4F3FAF11B
:10359000044600283AD000215022EFF3DDF12B68D9
:1035A000A4F8149084E848002761C4F80C802046F1
:1035B00041F2E4414A4643468DE88004FFF71CFE91
:1035C000A06010B300200A990B9A134B8DE84004B9
:1035D000FEF79AFE074618B1A068FFF77BFF12E0DE
:1035E000A068F6F367F12B68A0610F210B4A304603
:1035F000EFF318F2F7730A483146EFF3D3F12B6873
:1036000001332B6002E0002400E004462046BDE8C0
:10361000FC8700BFD4600100C1F680003386020041
:1036200013860200F4F3C0B12DE9F0411B4F984618
:103630003B780546072B144626D85420F4F3A2F114
:10364000064610B300215422EFF386F13B780022A6
:1036500086F8443001333B700123B46086E82001D2
:10366000A6F84C20A6F85020A6F84E20A6F8522026
:10367000B3640420F4F386F10446306440B10021C1
:103680000422EFF369F100E000263046BDE8F08146
:103690003046F4F389F12646F7E700BFD860010011
:1036A000C26B1AB100235362826B5362C068FFF78A
:1036B000B9BF0000054A064BD17E1970117F5970C1
:1036C000517F9970927FDA70704700BF8C6A030057
:1036D000906001002DE9F04F8FB0E9F7A9FD474E4A
:1036E000474D3368049005932B68B3F5805F00F273
:1036F0008180444F44493868EFF3A6F701287AD017
:103700002B68DFF81C910393D9F80030002406934E
:10371000DFF810812368DFF810A10793D8F8003094
:10372000DFF808B10893DAF80030384A0993DBF87B
:103730000030D7F800C00A93354B126819680C9214
:103740000B913449301D0968039A0D916146CDF8FB
:1037500008C00193EFF37CF021462A683868EFF344
:10376000FBF02D4A019BCAF800202849294A0498F9
:103770001C6014600C604FF0FF32311A3C60C9F8D5
:1037800000402C60C8F80040CBF80040EFF38CF705
:103790000599019BCA439042DDF808C029D1039ADC
:1037A00006992A60C9F8001021681C4AC7F800C0B1
:1037B0001160079A08992260099AC8F80010CAF89F
:1037C00000200A990B9ACBF800101A600F490C9B45
:1037D000039A0B600D9B0F4960460B60311DEFF3A0
:1037E00037F02A68301D21460FB0BDE8F04FEFF3E7
:1037F000B3B0FEE7FEE70FB0BDE8F08F8C6A0300C0
:103800009C5C0100985C0100828602004C14000060
:103810004814000050140000DDBAADBB381400009D
:10382000945C0100441400003414000040140000B3
:1038300070470000774B2DE9F04F1B6891B0043BB7
:10384000012B03D8744B1868FFF7F2FFFEF7D2FD87
:1038500000210446F9F334F720460021F9F300F77C
:10386000054658B12046F9F3B3F52B6A002B05DA6B
:103870002046F9F3ADF54FF000432B62E9F7CBFF9B
:103880002046F9F3CBF00EA90822EFF3F1F202463D
:103890002046D4F840B00B92F9F38CF082462046D3
:1038A000F9F388F081462046F9F384F080462046FB
:1038B000F9F3EEF007462046F9F3EAF00646204613
:1038C000F9F3E6F005462046F1F334F701462046C9
:1038D0000C91F1F32FF784462046CDF834C0F1F374
:1038E00029F70B9A0C99DDF834C0029208F542488A
:1038F0004A4A05F5424500F542400AF5424A09F5B3
:10390000424908F5A87807F5424706F5424605F50D
:10391000A87501F542410CF5424C00F5A870B8FBC2
:10392000F2F8B5FBF2F50CF5A87CB0FBF2F00AF565
:10393000A87A09F5A87907F5A87706F5A87601F51C
:10394000A871B1FBF2F1DFF8F8E0BAFBF2FA02FB82
:103950001899B7FBF2F702FB156602FB10C2CDF80F
:1039600004E0DFF8E0E02E4BB2FBFEF2B9FBFEF91B
:10397000B6FBFEF6089109922A492B4A2B48009380
:10398000CDF80CB0CDF810A0CDF81490069707969E
:10399000EFF308F0264840F60D0144F2F432FEF74A
:1039A00085FC38B1224840F6290144F2F432FEF792
:1039B0007DFC20B91F4A204B1D4D1A6000E00025F8
:1039C000204605F01BFE44F218334FF6FF7290427A
:1039D00014BF02461A4640F612011848FEF766FC6C
:1039E0001649002818BF00214DB141B1124B28469D
:1039F0001B685B6898472B6928465B689847204698
:103A0000F9F3E6F42946FEF71DFE204611B0BDE8A5
:103A1000F08F00BF501400004C14000040420F0013
:103A20007D8602003F8602007E86020044860200F8
:103A3000A85C0100D45C01008C040000945D0100CE
:103A400040390100A0860100084670472DE9F04F7B
:103A5000D1F8FC3091B00B9303F5606304460993F1
:103A600071E10E22002320460BA9E8F3DBF50F28B5
:103A70000746204602D1E8F373F56CE100220BA95A
:103A80001346E8F3CFF510F00E0F40F061818B4E36
:103A90003A0D3E4040F23B43360A00F4F8789A4231
:103AA00008924FEA181804D140F6FF739E4200F0C6
:103AB0004A8100F478534FEA532B002B00F04381E6
:103AC00000F4F82A00F47803DB0C4FEA9A3A13EB7F
:103AD0000A02079325D140F267339E4214D10CAB02
:103AE00001930DAB02930EAB03930FAB04932046EF
:103AF0000BA913460092E8F335F5002800F0238166
:103B00000C9BC4F858331EE140F2DC539E4208D0AF
:103B100040F20B539E4204D040F627039E4240F0F1
:103B20001281D4F8D050314605F1B60344F8237021
:103B300005F1C60344F823002046FFF785FF04EB98
:103B40008503C3F8D40000270BE0012220460BA90F
:103B50001346E8F367F500F00E00022840F0F88005
:103B600001374745F1D10CAB01930DAB02930EAB7E
:103B7000002703930FAB049320460BA93A463B461C
:103B80000097E8F3EFF420B1B94627E04FF00109C0
:103B900000E08146402300930CAB01930DAB0293F0
:103BA0000EAB039300220FAB049320460BA91346E0
:103BB000E8F3D8F40028E9D1B9F1010F0ED00D9B3C
:103BC000002B40F0C5800F9B002B40F0C1800E9A67
:103BD000B2F5805F40F0BC809946DBE70C9A04EBBD
:103BE0008503C3F814210E9A0127C3F8D4210CAB26
:103BF00001930DAB02930EAB03930FAB0022049322
:103C000020460BA93B460092E8F3ACF460B1012FCB
:103C10000AD10E9BB3F5805F06D10C9904EB8502A7
:103C2000C2F89411C2F8143201370028DFD13746A8
:103C30004FF001082E4617E00025002300930CAB3F
:103C400001930DAB02930EAB03930FAB049320468D
:103C50000BA942462B46E8F385F408B10135ECE7A1
:103C6000002D75D008F10108D845E5D135463E460E
:103C700000271FE0C02300930CAB01930DAB029310
:103C80000EAB03930FAB049320460BA93A460023D7
:103C9000E8F368F400285BD00F9B002B58D10E9BF3
:103CA000B3F5805F54D127B90C9A05F1A60344F807
:103CB000232001375745DDD1002739E000FF0F00F1
:103CC000802300930CAB01930DAB02930EAB0393D7
:103CD0000FABBBF1010F0CBF3A467A1C0493204690
:103CE00000230BA9E8F33EF4089A40F23B439A42C2
:103CF0000DD140F235139E4209D1D4F870330C999E
:103D000004EB83020133C2F87413C4F87033F8B1C2
:103D10000F9BEBB90E9BB3F5805F19D1BAF1000F81
:103D200005D127B90C9A05F1A60344F823200137E1
:103D3000079B9F42C4D1B9F1000F04D1D4F8D03011
:103D40000133C4F8D0300B9B099A9342FFF489AE3B
:103D50000023C4F8D03011B0BDE8F08F10B5D0F812
:103D60007023002306E0D0F870134FF44C74C1F8B0
:103D70000049013304309342F5D110BD2DE9F843D9
:103D800000270446154699460E46B84609E03046D7
:103D900000210422EEF3E0F50137C6F80080B046BA
:103DA00076194F45F3DBC4F80080BDE8F88370B5A1
:103DB0000D460446D8B1D1B10E68C6B1B389CBB9AE
:103DC000738A03F00303012B03D1F06908B1F3F305
:103DD000EBF5738A201D23F0040373823146EDF363
:103DE00061F723890020013B2381286070BD6FF0BB
:103DF000010070BD6FF00F0070BD2DE9F74F0C9FF3
:103E0000019116469A46DDF834B0BDF83890054663
:103E1000002857D00F9B002B54D0002952D0002AE5
:103E200050D0BBF1000F4DD09BF80030002B49D093
:103E300000F104084046EDF341F70446002844D061
:103E4000B9F1010F0BD157B906FB0AF0F3F39AF55C
:103E5000074638B940462146EDF324F735E04FF0E8
:103E6000000800E08046002124222046EEF374F58D
:103E7000019B0822A360638A204623F0030349EADA
:103E8000030343F0040363825946EEF33DF6002337
:103E9000B9F1010FE3710CD1A4F814A0C4F81C808F
:103EA000A66104F12000394632465346FFF766FF0B
:103EB00001E0EB6863612B89002001332B810F9BAC
:103EC0001C6004E06FF0010001E06FF01A00BDE833
:103ED000FE8F2DE9F84307460E461546002A2DD0E1
:103EE00000282BD0002929DD1020F3F34BF50446E0
:103EF00040B300211022EEF32FF5E760242707FBE3
:103F000006F966814846F3F33DF5804630B9204610
:103F1000F3F34AF56FF01A00BDE8F88300214A4632
:103F2000EEF31AF5204640F8048B41463A463346F4
:103F3000FFF724FF2C600020BDE8F8836FF001003C
:103F4000BDE8F8836FF01A00BDE8F88370B5064647
:103F500060B1046854B125895DB92068F3F324F594
:103F60002046F3F321F53560284670BD6FF001005F
:103F700070BD6FF00F0070BDFFF719BF1FB50024B3
:103F8000019203930A46234600940294FFF735FFFB
:103F900004B010BDFFF70BBF51B1032902D80423B1
:103FA000136003E0033121F003011160002070472A
:103FB0006FF0010070472DE9F04186B005460C46D0
:103FC0001E46DDF83080174612B31BB1B8F1000F62
:103FD00003D11DE0B8F1000F1AD12846214605AAE9
:103FE000FFF7DAFFB0B92EB1059B7B4398450FD39D
:103FF000B3070DD10D9B28460193012302930E9B1D
:1040000021460393059A3B460096FFF7F6FE01E032
:104010006FF0010006B0BDE8F08110B5044690B124
:10402000C36823B1406804F10C01FFF7A5FFA36842
:1040300023B1606804F10801FFF79EFF2046BDE848
:104040001040F3F3B1B410BD2DE9FF410746102035
:104050000D4616469846F3F395F40446F8B1002150
:104060001022EEF379F4124A27606560019204F1A0
:1040700008020023029228460C2132460093FFF7E3
:104080009AFF034658B90B4A0090019204F10C02C2
:10409000029228460C214246FFF78DFF18B12046B8
:1040A000FFF7BBFF0024204604B0BDE8F08100BF4D
:1040B0009086020088860200FFF7AFBF80697047D4
:1040C000008A400070470000808ACB69B2FBF0F3A1
:1040D00000FB1322D2B242F000421B0642EA134315
:1040E0008B61002300E001338869094A002802DA65
:1040F0009342F8D106E0934204D0C30005D4C0F344
:10410000407070474FF6FF7070474FF6FF70704772
:104110008096980010B58468002364694B61302C48
:10412000C4BFD1F8F43003F47E03C1F8F430BDE825
:104130001040FFF7C9BF2DE9F041002480460F462B
:104140001601254640463946AA19FFF7E3FF4FF608
:10415000FF73984206D0A84001350443102DA4B245
:10416000F0D100E004462046BDE8F081BF230B807B
:10417000FF2313807047013906291DD8DFE801F0BD
:10418000040A1C1C101C1700202343824023838236
:10419000802310E04023438283824FF480730AE03F
:1041A00060234382402383824FF4C07303E01023D3
:1041B00043824023838203820020704701390A2909
:1041C00019D8DFE801F006080A0C0E1810181818A4
:1041D000130040230CE060230AE0802308E0A023C2
:1041E00006E0C02304E04FF4807301E04FF4C07395
:1041F000438220238382838A428A53431B11038292
:10420000002070476FF01600704770B50446058AAD
:104210008068F8F375F400210646A068F9F320F2EF
:10422000A2685369222B05DDC36C9B059B0D0733E8
:10423000DB08A38510463146F9F312F2A38D6D0019
:10424000E81A023870BD70B5044680680D461646FF
:10425000F9F394F030B1204629463246BDE870406B
:10426000FFF769BF06F5806635F8160080B270BDAD
:10427000F8B50446806816460F46F8F341F400216D
:104280000546A068F9F3ECF13A4601462046FFF7EF
:10429000DAFF29463080A068F9F3E2F10020F8BD8A
:1042A00001392DE9F84F044691461E460E2971D872
:1042B000DFE801F00818702870707034707070704A
:1042C00070703B0090F82E20838B0AB1C58C00E003
:1042D000C58BED1AA369D9052ED53368AB4233D30C
:1042E000A78B36E090F82E20038C0AB1C58C00E035
:1042F000458CED1AA3699A051ED53368AB4223D3CA
:10430000278C26E083694FF0020513F4806F13D0E9
:104310003368012B18D9876A02371AE0878CC58C5D
:104320008369ED1B13F4006F05E0878BC58C8369EF
:10433000ED1B13F4407F04D135606FF01D00BDE824
:10434000F88F3368AB4204D235606FF00D00BDE8E2
:10435000F88FA068F8F3D4F300218346A068F9F33E
:104360007FF14FF00008824609E008EB0702204683
:104370005146FFF768FF08F1010829F8020BA8452C
:10438000F3D1A0685946F9F36BF1C6F8008000201C
:10439000BDE8F88F6FF00100BDE8F88F73B500231A
:1043A000ADF80430ADF80630836804465B690D460D
:1043B000272B05DDCB691B051B0D1B11043B06E0FC
:1043C0001B2B06D84FF492629A4002D50C238362CD
:1043D0000EE0242B01D0272B04D1238A7F2B05D874
:1043E0000C2304E0172B01D0182B01DD1423A3624A
:1043F000EB6903F4E023B3F5803F0ED04FF00443A4
:10440000AB61002300E00133AA69002A2E4A02DAD8
:104410009342F8D157E0934255D02B69A26AA36129
:10442000033220462946FFF70EFF284BA2690009F8
:1044300003401343A36103F440730022B3F5407FAC
:1044400084F82E2002D1012384F82E30A36A0DF1C6
:1044500006020433A383238A2046E383E38401A96D
:10446000FFF784FEBDF80620BDF80430D61AB6B2B8
:1044700016B1E3836384A284A369DB050AD52046D1
:104480002946A26AFFF7DFFE000980B200B1E0838F
:10449000E38B00E0A38B2384AEB92046FFF7B5FE83
:1044A000A36900EBD07040106084980509D5A26A1A
:1044B000204629460132FFF7C6FE00096084A08429
:1044C00001E0238CA3847CBD8096980000FFFF0050
:1044D000F8B543690546152B01D0162B3CDD28465F
:1044E000F8F340F70646002836D12846F8F33CF7A3
:1044F000002833D02846F8F303F331460746284610
:10450000F9F3AEF00646EAF7FDF86B690446302B86
:1045100004DDF16901F47041090B03E0A96901F4BC
:104520006011C90C91B1F36903F4E0231B0C012B5A
:1045300003D12046FFF742FE03E013B92046FFF700
:104540001AFE20463146FFF729FF00E00C462846B8
:104550003946F9F385F002E0002400E004462046E5
:10456000F8BD08B54368DB68984708BD08B54368DF
:104570001B68984708BD73B5002604460196EAF704
:10458000C1F84C2231460546EEF3E6F16369152B7E
:104590002B6001D0162B02D9EAF7B8F868606B6877
:1045A000D3B1AC602046F8F313F7E8602046F8F387
:1045B000DBF6064620B92046012101AAF8F30AF7E6
:1045C0006B6820461B699847054636B92046314638
:1045D00001AAF8F3FFF600E01D4628467CBD2DE950
:1045E000F7439946002304460F4690460193F8F39B
:1045F000BBF6054620B92046012101AAF8F3EAF6E8
:104600002046F8F3B1F678B12046F8F3ABF658B986
:104610002046FFF7B0FF50B1436839465E69424615
:104620004B46B047064604E06FF0180601E04FF035
:10463000FF3625B92046294601AAF8F3CBF63046C5
:10464000BDE8FE8382604160016070472DE9F04162
:10465000541A012C0F461E46069D0EDD2046F3F32C
:1046600091F1804670B139462246EEF3F1F0C6F87A
:10467000008000202C60BDE8F081002018602860D8
:10468000BDE8F0816FF01A00BDE8F0810EB4F3B51B
:1046900081680446012945D908AB4068079A01930F
:1046A000EEF3A8F2431C064603D0A368023B9842EF
:1046B00002DD0020A06036E060683D21EEF3CAF123
:1046C00040B367682568C71B21E028463A46EEF3E9
:1046D000ABF0B0B9EB5D3D2B13D12846EEF3E8F11A
:1046E0006268471C731CDB1B521BE919D218284651
:1046F000EEF30EF16368DB1B6360A368DF19A7604C
:1047000008E02B4613F8012B1D46002AFAD16168F8
:104710008D42DAD3A368701C1B1AA36063681B1850
:10472000636000E00020BDE8FC4003B0704700007B
:104730002DE9F04FBBB01A9019911B921893002BE2
:1047400002F01C874FF48050F3F31CF11290002804
:1047500002F0148737A812994FF48052FFF772FFC6
:1047600000214FF480521298EEF3F6F0189A116877
:10477000D9B10B78CBB1449A1368022B03D814E05B
:10478000013A026000E0449802688B1813F8014C6B
:104790001CB913F8023C002BF2D01298EEF358F03B
:1047A0004499389A0B68D318389300238DF89C30BD
:1047B0004FF0FF321593139301231192169302F0D9
:1047C000A8BE1999012251F8046B00231991179280
:1047D0001493179949B1F25C5F1C1092013AD2B25E
:1047E000FD2A0FD8F55D9F1C0DE0F15C4A1ED2B288
:1047F000FD2A109103D880220D46109200E0179DEB
:104800005F1C00E000257B19B3F5607F82F27E8695
:10481000109B202B28D005D8152B0BD01B2B42F03A
:10482000708664E01099222935D030D3802942F077
:10483000688667E0F3195A78F35D1202D318072BE4
:1048400012DDBC1C34192246E14937A8FFF71EFFD0
:104850002046EEF32DF1FA1C1218DE4937A8B218E3
:10486000FFF714FF02F04DBEF4196278F35D1202F7
:10487000D21837A8D849FFF709FFE378A2781B02BE
:1048800037A8D6499A18FFF701FF02F03ABEF25D49
:10489000149202F036BE149B0C2B02F02D869DF86C
:1048A0009C30002B42F02D86F35D042B42F02986CC
:1048B00007F1020806EB08042046EEF3B9F60028DB
:1048C00042F01F8616F80830DB0702F11A8627A986
:1048D0002046EEF325F31199013142F01286F319C7
:1048E0009A79DB791202D318119302F00ABEF319F8
:1048F000DA799B7937A8BA4943EA0222FFF7C6FE64
:1049000002F0FFBDF35DF4198F2B02F2FA8501A2CC
:1049100052F823F0399301006B9301005594010084
:1049200015990100F19A0100D598010053980100F2
:10493000719801007B940100199B01008D9B01007F
:10494000B59B0100C99B010057BC01003B9A0100C7
:10495000BB980100F7970100619C0100A19C010038
:104960004B930100E19C0100EF9C0100119D0100AF
:104970001F9D010017930100D992010057BC01004F
:10498000FD9401002D9D01001195010057BC01000F
:1049900057BC010057BC0100439D0100879D0100E9
:1049A0009B9D0100BD9E010081A0010057BC01003C
:1049B00057BC010025A20100C9920100B992010073
:1049C000A99201009FA30100B3A30100C7A30100A6
:1049D000DBA3010057BC0100E99B0100EF9401003B
:1049E00057BC010057BC0100ED930100A7A60100D0
:1049F000EFA301006B9D0100799D0100B5A60100A8
:104A00001DB4010057BC010057BC010057BC010098
:104A100057BC01001D95010047A4010071A40100CD
:104A2000B3A40100F1A401002FA501006DA50100B0
:104A3000ABA50100E9A50100FDA5010057BC0100DF
:104A4000C595010057BC010057BC010057BC0100CF
:104A5000D79701003195010057BC010057BC0100F8
:104A600057BC010057BC010071B4010057BC0100E4
:104A70000B9801002BA70100FBA7010051A9010021
:104A80003BAA010025AB01005FAB0100E7AB0100D1
:104A900035AC010043AD0100CDAE010079AF01009E
:104AA00025B001008FB401007B9601003B97010007
:104AB00071B00100ADB10100B9B20100C5B3010090
:104AC000D5B40100AFB60100E7B4010005B501009F
:104AD00023B5010041B5010053B5010065B50100E2
:104AE00077B5010089B50100F3B50100FFB50100FC
:104AF0000BB601002FBC010057BC010057BC0100E0
:104B000057BC010057BC010057BC010057BC010055
:104B100057BC010057BC010057BC010011A60100A1
:104B200085A6010057BC010057BC010001B7010078
:104B300069B70100EFB7010075B80100A1B9010024
:104B4000B3B90100BFB90100E9B90100E1BA010040
:104B5000D9BB01004FEA950A5FFA8AFA4FF00008C4
:104B600001F03CB84FEA55095FFA89F94FF00008A7
:104B700001F005B84FEA55095FFA89F94FF00008CE
:104B800000F0EBBF07F1010806EB08042046EEF346
:104B90004FF5002842F0B58416F80830D80702F126
:104BA000B084204627A9EEF3BBF1119B013342F0FC
:104BB000A884F3195A799B791202D318119302F041
:104BC000A0BCA37862781B029A18119202F099BCDB
:104BD000DE93020005890200378F0200748A02000A
:104BE00043920200647837A8A54922461694FFF73D
:104BF0004DFD02F086BCE37822791B0443EA026390
:104C0000627837A81343A2789E4943EA0222FFF74D
:104C10003DFD02F076BCA27863781202D2189A4960
:104C200037A8FFF733FD2279E378120237A89749B6
:104C3000D218FFF72BFD062D42F26384A279637927
:104C4000120237A89249D218FFF720FD082D42F230
:104C50005884237AE2791B0237A88E499A18FFF705
:104C600015FD0A2D42F24D8407F10A0807F10904E7
:104C700016F80820335D1202D21837A88649FFF7CC
:104C800005FD16F80830325D1B0237A883499A18D3
:104C9000FFF7FCFC02F035BC814B0622B5FBF2F2BB
:104CA0001A704FF00008994624E0434610217D4ACF
:104CB0001DA8EDF3B7F6434610217B4A2FA8EDF36C
:104CC000B1F66378A2781DA943EA022237A8FFF75C
:104CD000DDFC6379A2791B0443EA0263E27837A81A
:104CE000134322792FA943EA0222FFF7CFFC08F1F0
:104CF0000108063499F800309845D6DB02F001BC73
:104D0000022D06D137A869496278FFF7BFFC02F08F
:104D1000F8BBA37862781B0237A864499A18FFF79A
:104D2000B5FC02F0EEBBA27863781202042D1A449F
:104D300005D92379E1781B0609045B181A4337A8C3
:104D40005B49FFF7A3FC062D42F2DB83F3199A7946
:104D500059791202082D0A4405D9197ADB79090616
:104D60001B04C9180A4337A85249FFF78FFC0A2DC4
:104D700042F2C783F3199A7A597A12020C2D0A4427
:104D800005D9197BDB7A09061B04C9180A4337A821
:104D90004949FFF77BFC02F0B4BB37A8474962786A
:104DA000FFF774FC02F0ADBBA37862781B0237A852
:104DB0003A499A18FFF76AFC02F0A3BB01350021BB
:104DC000EDB2179102F09DBBA378627837A83C49F9
:104DD00042EA0322FFF75AFC02F093BB94F803A0C7
:104DE00023794FEA0A4A4AEA036A6378B5F1050B68
:104DF0004AEA030A48BFA5F1020BA3784FEAAB0BBE
:104E00004AEA032A5FFA8BFB4FF0000824E0434490
:104E10001021244A2FA8EDF305F699F8003010214F
:104E20004344214A1DA8EDF3FDF552462FA937A8AA
:104E3000FFF72CFCE37822791B0443EA02636278D3
:104E400037A81343A2781DA943EA0222FFF71EFCEC
:104E50000AF1040A08F10108DFF844900434D84547
:104E600099F80030D3DB9B4489F800B002F049BBCD
:104E70000B4BEA081A704FF0000899464DE000BF4E
:104E80002C94020034900200628D02005A940200B9
:104E90008E8A02008D87020088900200FF8F020038
:104EA00028610100003E01000B3E01001F9302003B
:104EB000D98D0200238A0200348A0200298B020065
:104EC000AF8D020043461021B14A1DA8EDF3AAF5AB
:104ED00043461021AF4A2FA8EDF3A4F5E3782279D9
:104EE0001B0443EA026362781DA91343A27837A822
:104EF00043EA0222FFF7CAFBE379227A1B0443EA62
:104F00000263627937A81343A2792FA943EA0222E8
:104F1000FFF7BCFB08F10108083499F80030984508
:104F2000D0DB02F0EEBA94F803A023794FEA0A4AE4
:104F30004AEA036A6378B5F1050B4AEA030A48BFF7
:104F400005F1020BA3784FEAEB0B4AEA032A5FFA5A
:104F50008BFB4FF000083BE0434410218C4A2FA804
:104F6000EDF360F599F80030102143448A4A1DA8FA
:104F7000EDF358F599F8003010214344874A33A8DF
:104F8000EDF350F552462FA937A8FFF77FFBE379E1
:104F9000227A1B0443EA0263627933A91343A2799C
:104FA00037A843EA0222FFF771FBE37A227B1B0456
:104FB00043EA0263627A37A81343A27A1DA943EA3F
:104FC0000222FFF763FB0AF1080A08F1010808341E
:104FD000DFF8CC91D84599F80030BDDB9B4489F8C7
:104FE00000B002F08EBA6E4B0C22B5FBF2F21A70D2
:104FF0004FF0000899463EE043461021644A33A82A
:10500000EDF310F543461021634A1DA8EDF30AF5B0
:1050100043461021614A2FA8EDF304F5E378227985
:105020001B0443EA0263627833A91343A27837A8CA
:1050300043EA0222FFF72AFBE379227A1B0443EAC0
:10504000026362792FA91343A27937A843EA0222A7
:10505000FFF71CFBE37A227B1B0443EA0263627ABC
:1050600037A81343A27A1DA943EA0222FFF70EFBD9
:1050700008F101080C3499F800309845BCDB02F0C7
:1050800040BAE37822791B0443EA0263627837A8C6
:105090001343A278434943EA0222FFF7F7FA02F0EA
:1050A00030BAA378627837A83F4942EA0322FFF773
:1050B000EDFA02F026BA4FF00509B5FBF9F95FFAEF
:1050C00089F94FF0000816E063781021374A2FA8BD
:1050D000EDF3A8F4237962791B0443EA0263A27812
:1050E00037A81343E2782FA943EA0222FFF7CEFA4A
:1050F00008F101080534C845E6DB02F002BA37A81A
:105100002B496278FFF7C2FA022D42F2FA8137A8E2
:105110002849A278FFF7BAFA02F0F3B9002237A8BB
:1051200025496378FFF7B2FA022D42F22D8201225F
:1051300037A82149A378FFF7A9FA032D02F02482AA
:10514000022237A81C49E378FFF7A0FA042D02F0E9
:10515000D681032237A818492379FFF797FA01224D
:10516000139202F0CEB9627837A81249FFF78EFA8F
:1051700037A811490122A378FFF788FA02F0C1B9D4
:1051800037A80E496278FFF781FA02F0BAB900BF7A
:10519000003E01000B3E0100163E0100223E0100D0
:1051A0002861010045870200299002002E3E01007F
:1051B0006A8A0200319102009C8702005A8B020029
:1051C000AB1E0E2B02F29D8101A151F823F000BF0E
:1051D0006199010057BC010057BC010057BC010098
:1051E00057BC0100D9990100A799010087990100D6
:1051F0006F99010057BC010057BC0100D99901000B
:10520000A7990100879901006F99010037A8A94962
:105210006278FFF73BFA02F074B937A8A649627AC0
:10522000FFF734FA0C2D8CBF4FF009084FF000083F
:1052300001E04FF00008F31937A89E491A7AFFF7EA
:1052400025FA0C2D07D9B8F1000F08BF4FF0080858
:1052500001E04FF0000807F10709984916F8092006
:1052600037A8FFF713FA002237A8954916F8093036
:10527000FFF70CFA0C2D07D9B8F1000F08BF4FF05B
:10528000070801E04FF000084FF00009A2786378AA
:105290008C491202494437A8D21809F10909FFF7CD
:1052A000F5F90234B9F11B0FF0D10C2D42F229812E
:1052B000B8F1000F08BF4FF00608834CB844B04463
:1052C00004F1240998F8022098F8013012022146CE
:1052D00037A8D2180C34FFF7D9F94C4508F1020869
:1052E000F0D102F00EB9142D19D0172D03D0132DC3
:1052F00042F0078119E006EB0708744998F8162078
:1053000037A8FFF7C3F9724998F8152037A8FFF7B7
:10531000BDF937A86F4998F81420FFF7B7F9F319CA
:1053200037A86D49DA7CFFF7B1F9A946A2464FF0DC
:1053300000082546AA786B7868491202414437A8CC
:10534000D21808F10908FFF7A1F90235B8F11B0FCF
:10535000F0D14D464FF00008227AE37960491202FD
:10536000414437A8D21808F10B08FFF78FF902342F
:10537000B8F1210FF0D100249AF80E209AF80D30E0
:1053800058491202091937A8D2180B34FFF77EF9D1
:10539000212C0AF1020AEFD102F0B3B8E178627869
:1053A000A3780091217937A8019161790291A179BF
:1053B0000391E1790491217A05914B49FFF766F950
:1053C00002F09FB8A9464FF00008254615F8013FA6
:1053D000FF2B04D037A845494246FFF757F908F19B
:1053E0000108B8F1040FF1D1B9F10C0F4D4642F2AA
:1053F000888004EB08035B78FF2B04D037A83B4977
:105400004246FFF743F908F10108B8F10C0FF0D15B
:10541000102D42F2768004EB08035B78FF2B04D05A
:1054200037A832494246FFF731F908F10108B8F1CF
:10543000100FF0D102F065B8627837A80AB1A378EE
:105440001BB92B49FFF722F902E02A49FFF71EF9A1
:10545000F31937A82849DA78FFF718F902F051B89C
:10546000A378627837A8254942EA0322FFF70EF9AC
:1054700002F047B8E37822791B0443EA02636278BA
:1054800037A81343A2781E4943EA0222FFF7FEF829
:1054900002F037B837A81B496278FFF7F7F8022DFA
:1054A00042F22F8037A81849A278FFF7EFF802F0F0
:1054B00028B800BF368E0200D38E02009B930200F4
:1054C0004A890200D38B0200B38F0200BD8D020017
:1054D000E6900200E7860200C68B0200E98D02001A
:1054E00096900200B7860200A6870200458A020055
:1054F0003992020084950200A78C02003C8D0200C4
:10550000CB870200A7940200E89402007C1C325D65
:1055100037A8764902F00F02FFF7B8F8325D37A8D6
:105520001209BC1C7249FFF7B1F8325D37A8714906
:1055300002F00702FFF7AAF8325D37A8D2086E49D9
:1055400002F00302FFF7A2F801F0DBBF7C1C325D22
:1055500037A86A4902F00F02FFF798F8325D37A8C2
:105560001209BC1C6649FFF791F8325D37A86549FE
:1055700002F00702FFF78AF8325D37A8D2086249C5
:1055800002F00302FFF782F801F0BBBF37A85F49C2
:105590006278FFF77BF801F0B4BF627837A85C4906
:1055A000FFF774F8A27837A85A49FFF76FF837A8C1
:1055B0005949E278FFF76AF801F0A3BF37A85749C5
:1055C0006278FFF763F801F09CBF37A8544962780E
:1055D000FFF75CF801F095BFA2786378120637A850
:1055E000504942EA0322FFF751F801F08ABF62787E
:1055F00037A84D49FFF74AF8A27837A84B49FFF77B
:1056000045F82379E2781B0237A849499A18FFF731
:105610003DF801F076BF37A846496278FFF736F8C3
:1056200001F06FBF37A844496278FFF72FF801F007
:1056300068BFA37862781B0237A840499A18FFF721
:1056400025F801F05EBF94F8028063784FEA0828DD
:1056500098441FFA88F83A494FEAD82237A8FFF74A
:1056600015F808F4E062120A364937A8FFF70EF879
:1056700008F0F802D208344937A8FFF707F808F015
:1056800006025208314937A8FFF700F837A8304919
:1056900008F00102FEF7FAFF042D41F23287237968
:1056A000E4781B021C19A4B2E20A37A82949FEF7C4
:1056B000EDFF04F4E062120A37A82749FEF7E6FF7F
:1056C00004F0F802D20837A82449FEF7DFFF04F0FF
:1056D0000602520837A82249FEF7D8FF37A8214909
:1056E00004F00102FEF7D2FF01F00BBFF4870200C5
:1056F00042880200C68E020039880200BF94020070
:1057000038870200558C0200438E020093920200FB
:10571000E6930200478D0200D4930200B793020083
:10572000E78E0200AC8E0200048E0200CC8D0200D7
:105730000E900200438F0200F29402009B8C020044
:10574000F5880200CC9402006D870200E488020014
:10575000D994020076920200888B0200E38902004D
:10576000F18E0200A893020000226378674937A8EF
:10577000FEF78CFF4FF000086549A27837A8FEF7C6
:1057800085FFCDF800802279E3781202D3180193C7
:1057900002226049434637A8FEF778FFCDF8008023
:1057A000A27963791202D318019302220123594985
:1057B00037A8FEF76BFFCDF80080227AE37912025A
:1057C000D3180222019337A852491346FEF75EFF11
:1057D0001E2D41F29686627A37A84F49FEF756FF92
:1057E000A27A37A84D49FEF751FFE27A37A84C4913
:1057F000FEF74CFF227B37A84A49FEF747FFCDF85A
:105800000080A27B637B1202D318019305224346DA
:1058100037A84049FEF73AFFCDF80080227CE37BB1
:105820001202D31801930522012337A83949FEF744
:105830002DFFCDF80080A27C637C1202D318019367
:105840000522022337A83349FEF720FFCDF8008058
:10585000CDF80480227DE37C1202D3180293052246
:105860006C234FF0010937A82F49FEF70FFFCDF841
:105870000090CDF80480A27D637D1202D3180293BC
:1058800005226C234FF0020A37A82749FEF7FEFED7
:10589000CDF800A0CDF80480227EE37D1202D3185B
:1058A000029305226C2337A81F49FEF7EFFECDF8BF
:1058B0000080CDF80480A27E637E1202D31802938A
:1058C0000522682337A81849FEF7E0FECDF80090BE
:1058D000CDF80480227FE37E1202D31802930522C2
:1058E00037A868231049FEF7D1FECDF800A0CDF807
:1058F0000480A37F627F1B029B18029337A80A498A
:1059000005226823FEF7C2FE01F0FBBD4A890200B2
:105910002C880200A6860200E4910200C2920200D6
:10592000409002007B9402002692020001226378DC
:105930009C4937A8FEF7AAFE4FF001089A49A278C1
:1059400037A8FEF7A3FECDF800802279E378120293
:10595000D318019302220023944937A8FEF796FE3C
:10596000CDF80080A27963791202D3180193022244
:105970008E49434637A8FEF789FECDF80080227A8B
:10598000E3791202D3180222019337A887491346FC
:10599000FEF77CFE1E2D41F2B485627A37A8844959
:1059A000FEF774FEA27A37A88249FEF76FFEE27A0C
:1059B00037A88149FEF76AFE227B37A87F49FEF7A8
:1059C00065FECDF80080A27B637B1202D3180193A1
:1059D0000522002337A87549FEF758FECDF8008050
:1059E000227CE37B1202D31801930522434637A899
:1059F0006E49FEF74BFECDF80080A27C637C12025C
:105A0000D3180193052202234FF0000937A86749F4
:105A1000FEF73CFECDF80090CDF80480227DE37CBB
:105A20001202D318029305226C2337A86449FEF7AB
:105A30002DFECDF80080CDF80480A27D637D12029A
:105A4000D318029305226C234FF0020A37A85C4951
:105A5000FEF71CFECDF800A0CDF80480227EE37D89
:105A60001202D318029305226C2337A85449FEF77B
:105A70000DFECDF80090CDF80480A27E637E120268
:105A8000D31802930522682337A84D49FEF7FEFD7F
:105A9000CDF80080CDF80480227FE37E1202D31877
:105AA0000293052237A868234549FEF7EFFDCDF89C
:105AB00000A0CDF80480A37F627F1B029B18029395
:105AC00037A83F4905226823FEF7E0FD01F019BD24
:105AD000A27863781202D2183A4937A8FEF7D6FDA9
:105AE000A279637912061B04D218237937A81B0206
:105AF000D218E3783449D218FEF7C8FD122D41F2CE
:105B00000085A27A637A12061B04D218237A37A87A
:105B10001B02D218E3792D49D218FEF7B7FDA27BFC
:105B2000637B12061B04D218237B37A81B02D218F2
:105B3000E37A2749D218FEF7A9FDA27C637C1206FE
:105B40001B04D318227C37A812029B18E27B214940
:105B50009A18FEF79BFD01F0D4BCA278637812027C
:105B6000D31800930222434637A81B4908F10108C5
:105B7000FEF78CFD0234C845EFDD01F0C2BCA2780F
:105B800063781202D31800930522434637A81249BE
:105B900008F10108FEF77AFD0234C845EFDD01F097
:105BA000B0BC00BF4A890200DA8E0200A68602005D
:105BB000F2910200CF9202004B9402008A940200FC
:105BC0002692020086920200988602001691020038
:105BD0008C930200028F0200138A0200CDF800802D
:105BE000A27863781202D318019305226C2337A898
:105BF000BB4908F10108FEF749FD0234D045EDDD4F
:105C00004FEA55095FFA89F909F1010B09F1020917
:105C1000B944BB4406EB09044FF00008CDF80080FE
:105C20002278C9EB040313F80B301202D318019346
:105C30000522682337A8AA4908F10108FEF726FDC6
:105C40000234D045EADD01F05CBCA37862781B0227
:105C500037A8A4499A18FEF719FD01F052BCA378A1
:105C600062781B0237A8A0499A18FEF70FFD01F0D1
:105C700048BCA37862781B0237A89C499A18FEF7A3
:105C800005FD01F03EBCA37862781B0237A8984955
:105C90009A18FEF7FBFC01F034BC2279E378120677
:105CA0001B04D218A37837A81B02D2186378914935
:105CB000D218FEF7EBFC227AE37912061B04D21805
:105CC000A37937A81B02D21863798B49D218FEF743
:105CD000DDFC227BE37A12061B04D318A27A37A8D4
:105CE00012029B18627A85499A18FEF7CFFC01F0E0
:105CF00008BCA2786378120237A88149D218FEF74F
:105D0000C5FC042D41F2FD832379E2781B0237A8FC
:105D10007C499A18FEF7BAFC01F0F3BB2279E378CC
:105D200012061B04D218A37837A81B02D218637876
:105D30007549D218FEF7AAFC062D41F2E283227AB9
:105D4000E37912061B04D318A27937A812029B1814
:105D500062796E499A18FEF799FC01F0D2BBDFF820
:105D6000BC914FF00108A84581F2CB832279E378FA
:105D700012061B04D218A37849461B02D218637876
:105D800037A8D21808F10408FEF780FC0434B8F1F3
:105D9000190F09F11809E6D101F0B3BBDFF88091C2
:105DA0004FF00108A84581F2AC832279E37812060E
:105DB0001B04D218A37849461B02D218637837A86F
:105DC000D21808F10408FEF761FC0434B8F10D0F95
:105DD00009F11309E6D101F094BBDFF848914FF0C7
:105DE0000108A84581F28D832279E37812061B040D
:105DF000D218A37849461B02D218637837A8D21864
:105E000008F10408FEF742FC0434B8F10D0F09F163
:105E10001409E6D101F075BBDFF80C914FF00108D1
:105E2000A84581F26E832279E37812061B04D2180A
:105E3000A37849461B02D218637837A8D21808F114
:105E40000408FEF723FC0434B8F10D0F09F114091E
:105E5000E6D101F056BBDFF8D4904FF00108A84519
:105E600081F24F832279E37812061B04D218A378BB
:105E700049461B02D218637837A8D21808F10408E3
:105E8000FEF704FC0434B8F10D0F09F11409E6D152
:105E900001F037BBA37862781B0237A81C499A1817
:105EA000FEF7F4FB01F02DBBA37862781B0237A844
:105EB00018499A18FEF7EAFB01F023BB2279E37830
:105EC00012061B04D318A278647812029B1837A814
:105ED000114901221B19FEF7D9FB01F012BB00BFCB
:105EE00000920200F48F0200B79002008089020045
:105EF00059890200169102008C930200028F020061
:105F00009C920200AF920200A9910200C09102008F
:105F1000B98E0200379402003B910200998A020078
:105F2000628C02009788020048950200F0930200FC
:105F30002279E37812061B04D318A278647812023F
:105F40009B1837A8974902221B19FEF79FFB01F007
:105F5000D8BA37A894496278FEF798FB01F0D1BA15
:105F60009249627807F1020837A8FEF78FFB16F80E
:105F700008208F49120937A8FEF788FB16F8082079
:105F800037A88C4902F00F02FEF780FB032D41F287
:105F9000B882E27837A88849FEF778FB07F1050850
:105FA000227937A88549FEF771FB16F8082037A833
:105FB00092088349FEF76AFB16F8082037A8814942
:105FC00002F00302FEF762FB37A87F49A279FEF7D1
:105FD0005DFB01F096BA94F8028063784FEA0828D6
:105FE00098441FFA88F84FEAD82237A87749FEF775
:105FF0004DFB08F4806302229B0A37A87449FEF720
:1060000045FB08F4007302225B0A37A87149FEF7CA
:106010003DFB08F4F87302221B0937A86E49FEF70E
:1060200035FB08F00E0302225B0837A86B49FEF728
:106030002DFB022208F0010337A86949FEF726FB71
:106040002379E4781B021C19A4B2E20A37A8654937
:10605000FEF71CFB04F4806305229B0A37A85C4909
:10606000FEF714FB04F4007305225B0A37A85949B4
:10607000FEF70CFB04F4F87305221B0937A85649F8
:10608000FEF704FB04F00E0305225B0837A8534912
:10609000FEF7FCFA37A85249052204F00103FEF787
:1060A000F5FA01F02EBAA27863781202D21837A856
:1060B0004D49FEF7EBFA94F804E0E3784FEA0E2E30
:1060C0000022734437A84949FEF7E0FA217AE279C1
:1060D00009028A1894F806E063790092A17A627A3C
:1060E00009024FEA0E2E8A187344019237A8002243
:1060F0003F49FEF7CBFA227BE37A0092627B37A816
:106100000192A27B3B4902920022FEF7BFFAA17CDA
:10611000627C09028A1894F810E0E37B0092217DEA
:10612000E27C09028A180192A17D627D09028A1827
:106130000292217EE27D09028A180392A17E627E8C
:1061400009028A180492217FE27E09028A180592C8
:10615000A17F627F09028A18069294F82010E27FDC
:1061600009028A18079294F8221094F82120090253
:106170008A18089294F8241094F8232009028A18A7
:10618000099294F8262094F82510120252184FEA2A
:106190000E2E0A9237A8184900227344FEF776FAA9
:1061A00001F0AFB93B910200508D0200808A0200DD
:1061B000328B0200FF890200D7870200958B020014
:1061C0000991020087910200129202006E8D020076
:1061D0009B910200118F0200D79102009994020056
:1061E000C1930200D8860200458C02004A89020051
:1061F00021870200A88B0200EE8B020094F802E0D7
:1062000063784FEA0E2E0122734437A8AA49FEF79D
:106210003DFAA179627909028A1894F804E0E378DA
:106220000092217AE27909024FEA0E2E8A1873440D
:10623000019237A80122A149FEF728FAA27A637ACF
:106240000092E27A37A80192227B9D4902920122B4
:10625000FEF71CFA217CE27B09028A1894F80EE012
:10626000637B0092A17C627C09028A180192217DE5
:10627000E27C09028A180292A17D627D09028A18D5
:106280000392217EE27D09028A180492A17E627E39
:1062900009028A180592217FE27E09028A18069275
:1062A000A17F627F09028A18079294F82010E27F8A
:1062B00009028A18089294F8221094F82120090201
:1062C0008A18099294F8242094F823101202521884
:1062D0004FEA0E2E0A9237A87A4901227344FEF73C
:1062E000D5F901F00EB994F802E063784FEA0E2E6A
:1062F0000222734437A87049FEF7C8F9A179627980
:1063000009028A1894F804E0E3780092217AE2798D
:1063100009024FEA0E2E8A187344019237A802220E
:106320006649FEF7B3F9A27A637A0092E27A37A857
:106330000192227B624902920222FEF7A7F9217C98
:10634000E27B09028A1894F80EE0637B0092A17C3C
:10635000627C09028A180192217DE27C09028A1876
:106360000292A17D627D09028A180392217EE27D5C
:1063700009028A180492A17E627E09028A18059297
:10638000217FE27E09028A180692A17F627F0902BC
:106390008A18079294F82010E27F09028A1808925E
:1063A00094F8221094F8212009028A18099294F88E
:1063B000242094F82310120252184FEA0E2E0A924B
:1063C00037A8404902227344FEF760F901F099B8FA
:1063D000627837A83C49FEF759F90122A37837A81B
:1063E0003A49FEF753F90222E37837A83749FEF716
:1063F0004DF96379227903F001031B0237A8344970
:106400009A18FEF743F901F07CB8A278637812027B
:10641000D31800932822002337A82E49FEF736F917
:106420002279E3781202D31800932822012337A897
:106430002849FEF72BF9A27963791202D318009349
:106440002822022337A82349FEF720F9227AE3798C
:106450001202D31800935022002337A81D49FEF7DB
:1064600015F9A27A637A1202D318009350220123FD
:1064700037A81849FEF70AF9237BE27A1B029B181A
:10648000009337A8134950220223FEF7FFF801F0CA
:1064900038B8A27863781202D21837A80E49FEF7EE
:1064A000F5F82379E2781B0237A80C499A18FEF711
:1064B000EDF801F026B800BF4A89020021870200EA
:1064C000A88B0200EE8B0200E5870200F486020032
:1064D0002D930200F59002001188020052920200F2
:1064E00094F804E0E3784FEA0E6E1B049E44A37810
:1064F0006C221B029E44637837A873449749FEF7C9
:10650000C5F894F808E0E3794FEA0E6E1B049E4448
:10651000A3796C221B029E44637937A87344904987
:10652000FEF7B4F894F80CE0E37A4FEA0E6E1B0421
:106530009E44A37A6D221B029E44637A37A873445B
:106540008649FEF7A3F894F810E0E37B4FEA0E6E5D
:106550001B049E44A37B6D221B029E44637B37A8D1
:1065600073447F49FEF792F894F814E0E37C4FEA15
:106570000E6E1B049E44A37C68221B029E44637C17
:1065800037A873447549FEF781F894F818E0E37D65
:106590004FEA0E6E1B049E44A37D68221B029E449C
:1065A000637D37A873446E49FEF770F894F81AE0DB
:1065B000637E4FEA0E2E6C22734437A86949FEF7BA
:1065C00065F894F81CE0E37E4FEA0E2E6D227344CA
:1065D00037A86449FEF75AF8A37F647F1B0237A8E7
:1065E000604968221B19FEF751F800F08ABF94F841
:1065F00002E063784FEA0E2E7344682237A85A49A6
:10660000FEF744F82279E3781202D3180093682247
:106610006C2337A85549FEF739F8A279637912023D
:10662000D318009368226C2337A85149FEF72EF83F
:10663000227AE3791202D318009368226D2337A8D7
:106640004A49FEF723F8A27A637A1202D31800931C
:1066500068226D2337A84649FEF718F8227BE37AB3
:106660001202D3186822009337A813463F49FEF759
:106670000DF8A27B637B1202D3186822009337A81F
:1066800013463B49FEF702F894F810E0E37B4FEA2B
:106690000E2E73446C2237A83349FDF7F7FFA27C16
:1066A000637C1202D3186C22009337A813462F493B
:1066B000FDF7ECFF227DE37C1202D3186C220093DD
:1066C00037A813462A49FDF7E1FFA27D637D120238
:1066D000D31800936C2207F118086D2337A82349BB
:1066E000FDF7D4FF16F80820E37D1202D3180093BB
:1066F0006C226D2307F11A0937A81D49FDF7C6FF63
:1067000016F80920637E1202D31800936C226823C6
:1067100037A81649FDF7BAFF227FE37E1202D3188D
:1067200000936C22682337A81149FDF7AFFFA37FC0
:1067300016F808E01B026822734437A80D49FDF7DC
:10674000A5FF94F8203016F809401B0237A8094924
:106750006C221B19FDF79AFF00F0D3BE328C0200A9
:106760008F950200DC920200248F0200D78F020076
:10677000428B0200688B02006378002237A8AA4986
:1067800003F01F03FDF782FFA378012237A8A64973
:1067900003F01F03FDF77AFFE378022237A8A2492E
:1067A00003F01F03FDF772FF6279237902F01F02E5
:1067B0000092A27937A802F01F020192E2799B4968
:1067C00002F01F02029203F01F030022FDF75EFF9A
:1067D000627A237A02F01F020092A27A37A802F0AE
:1067E0001F020192E27A914902F01F02029203F025
:1067F0001F030122FDF74AFF627B237B02F01F0289
:106800000092A27B37A802F01F020192E27B874927
:1068100002F01F02029203F01F030222FDF736FF6F
:1068200000F06FBE6378002237A8814903F03F0370
:10683000FDF72CFFA378012237A87D4903F01F0341
:10684000FDF724FFE378022237A8794903F01F03FC
:10685000FDF71CFF6279237902F03F020092A279D2
:1068600037A802F03F020192E279724902F03F023A
:10687000029203F03F030022FDF708FF627A237AB9
:1068800002F01F020092A27A37A802F01F020192C2
:10689000E27A684902F01F02029203F01F0301220C
:1068A000FDF7F4FE627B237B02F01F020092A27BC5
:1068B00037A802F01F020192E27B5E4902F01F023C
:1068C000029203F01F030222FDF7E0FE00F019BE62
:1068D0000022637837A85849FDF7D8FE0122A37833
:1068E00037A85549FDF7D2FE0222E37837A852496E
:1068F000FDF7CCFE0022237937A85049FDF7C6FEEC
:106900000122637937A84D49FDF7C0FE37A84B49EE
:106910000222A379FDF7BAFE00F0F3BD94F80280DD
:1069200063784FEA082898441FFA88F84FEAD8336A
:1069300000930522002337A84149FDF7A7FE08F47C
:10694000F043DB1200930522002337A83D49FDF7F1
:106950009DFE08F4E0631B1200930522002337A874
:106960003949FDF793FE08F08003DB110093022202
:10697000002337A83249FDF789FE08F07803DB10C1
:1069800000930222002337A82E49FDF77FFE08F06E
:10699000070300930222002337A82B49FDF776FE58
:1069A0002379E4781B021C19A4B24FF000084FEAC7
:1069B000D4390522682337A8244904F4F04A4FEA61
:1069C000EA2A8DE8000304F4E064FDF75FFE052287
:1069D000682337A81E4924128DE80005FDF756FEEE
:1069E000682337A81B490522CDF800800194FDF7E4
:1069F0004DFE052237A86D2314498DE80003FDF7ED
:106A000045FE05226D2337A811498DE80005FDF7E5
:106A10003DFE37A80F4905226D23CDF80080019473
:106A2000FDF734FE00F06DBDB18C020066890200F6
:106A300032890200C39002004C8E02007D8B02005E
:106A400005930200659402004F9002000587020042
:106A5000528A0200118E020094F8028063784FEA95
:106A6000082898441FFA88F84FEAD8330093052283
:106A7000012337A8B549FDF709FE08F4F043DB12FE
:106A800000930522012337A8B149FDF7FFFD08F463
:106A9000E0631B1200930522012337A8AD49FDF7DF
:106AA000F5FD08F08003DB1100930222012337A8D3
:106AB000A649FDF7EBFD08F07803DB1000930222F6
:106AC000012337A8A249FDF7E1FD08F00703009371
:106AD0000222012337A89F49FDF7D8FD2379E478E6
:106AE0001B021C19A4B24FF001084FEAD439052249
:106AF000682337A8984904F4F04A4FEAEA2A8DE857
:106B0000000304F4E064FDF7C1FD0522682337A803
:106B1000924924128DE80005FDF7B8FD682337A8D7
:106B20008F490522CDF800800194FDF7AFFD0522C5
:106B300037A86D2388498DE80003FDF7A7FD0522DE
:106B40006D2337A885498DE80005FDF79FFD37A81F
:106B5000834905226D23CDF800800194FDF796FD51
:106B600000F0CFBC94F8028063784FEA082898447C
:106B70001FFA88F84FEAD83300930522022337A87A
:106B80007249FDF783FD08F4F043DB120093052200
:106B9000022337A86E49FDF779FD08F4E0631B1264
:106BA00000930522022337A86A49FDF76FFD08F01C
:106BB00080030222DB11009337A813466349FDF7D7
:106BC00065FD08F078030222DB10009337A8134616
:106BD0005F49FDF75BFD022208F00703009337A829
:106BE00013465C49FDF752FD2379E4781B021C191A
:106BF000A4B24FF002084FEAD4390522682337A81F
:106C0000554904F4F04A4FEAEA2A8DE8000304F4F7
:106C1000E064FDF73BFD0522682337A84F492412A5
:106C20008DE80005FDF732FD0522682337A84C49A1
:106C3000CDF800800194FDF729FD6D2337A8464962
:106C400005228DE80003FDF721FD052237A86D23FD
:106C500042498DE80005FDF719FD37A84049052296
:106C60006D23CDF800800194FDF710FD00F049BCC4
:106C700094F802E063784FEA0E2E2822734437A876
:106C80003849FDF703FD94F804E0E3784FEA0E2E4F
:106C90002822734437A83449FDF7F8FC94F806E03D
:106CA00063794FEA0E2E5022734437A82D49FDF721
:106CB000EDFC237AE4791B0237A82B4950221B19DB
:106CC000FDF7E4FC00F01DBCA27863780092E27846
:106CD0002521019222791DA8029262790392A2795C
:106CE0000492E2790592227A0692627A0792A27A57
:106CF0000892E27A0992227B0A92627B0B92A27B33
:106D00000C92E27B0D92227C0E92184AEBF38AF6EB
:106D100037A817491DAAFDF7B9FCF2E37C1C325DC8
:106D200037A8144902F07F02FDF7B0FC325D37A8A6
:106D30001149D209FDF7AAFCE3E3A378627837A8EA
:106D40000E4942EA0322FDF7A1FCDAE305930200B3
:106D5000659402004F90020005870200528A0200EB
:106D6000118E02004C910200148902003A3E01008B
:106D700068910200B29402006692020070910200D3
:106D8000A378627837A8944942EA0322FDF77EFC93
:106D9000B7E3E37822791B0443EA0263627837A8F9
:106DA0001343A2788D4943EA0222FDF76FFCA8E362
:106DB000E37822791B0443EA0263627837A813431D
:106DC000A278874943EA0222FDF760FC99E3E37861
:106DD00022791B0443EA0263627837A81343A2783E
:106DE000804943EA0222FDF751FC8AE3A3786278E6
:106DF00037A87D4942EA0322FDF748FC81E3A378E6
:106E0000627837A8794942EA0322FDF73FFC78E32C
:106E1000A378627837A8764942EA0322FDF736FC68
:106E20006FE3A378627837A8724942EA0322FDF73C
:106E30002DFC66E394F801905FEA990900F0618304
:106E40004FF00008A179E279090294F803E041EAE1
:106E50000241627923790A434FEA0E2E4EEA034E2D
:106E6000A3780092617AA27A090241EA0241227A69
:106E700037A80A430192217B627B090241EA024161
:106E8000E27A4EEA03030A4302925B49424608F162
:106E90000108FDF7FBFB0C34C845D3DB31E337A811
:106EA00056496278FDF7F2FB2BE337A85449627824
:106EB000FDF7ECFB25E3227AE17923791143A279EE
:106EC00094F803E0114362794EEA030EA3780A4373
:106ED0004EEA030E63780092227BE17A4EEA0303C6
:106EE0001143A27A37A81143627A0A430192227CA5
:106EF000E17B1143A27B1143627B0A430292414929
:106F00000022FDF7C3FB227EE17D237D1143A27D9C
:106F100094F813E01143627D4EEA030EA37C0A430A
:106F20004EEA030E637C0092227FE17E37A8114374
:106F3000A27E4EEA03031143627E0A43019294F853
:106F40002020E17F1143A27F0A43617F0A4302921E
:106F50002C490122FDF79AFBD3E2A37864781B0247
:106F60001C19A4B204F00F0300932822002337A8B1
:106F70002549FDF78BFB04F0F0031B110093282239
:106F8000012337A82049FDF781FB04F470631B122D
:106F900000932822022337A81B49FDF777FB37A867
:106FA0001A492822E30BFDF771FBAAE22179E27866
:106FB00009028A1894F802E063780092A279617954
:106FC000120252184FEA0E2E019237A810490022E1
:106FD0007344FDF75BFB94E2D38802003F93020009
:106FE000579302006F930200588E02006D8E0200CC
:106FF000828E0200978E02006890020024910200A7
:10700000D4890200798D0200998D0200ED92020070
:10701000538702002179E27809028A1894F802E085
:1070200063780092A179627909028A180192217A23
:10703000E27909028A180292A17A627A09028A1810
:107040000392217BE27A09028A180492A17B627B77
:1070500009028A180592217CE27B09028A180692AD
:10706000A17C627C09028A180792217DE27C0902D8
:107070008A180892A17D627D09028A180992227EEF
:10708000E17D120252184FEA0E2E0A9237A87B4970
:1070900000227344FDF7FAFA33E22179E27809021B
:1070A0008A1894F802E063780092A1796279090263
:1070B0008A180192217AE27909028A180292A17A49
:1070C000627A09028A180392217BE27A09028A18FD
:1070D0000492A17B627B09028A180592217CE27BE3
:1070E00009028A180692A17C627C09028A1807921A
:1070F000217DE27C09028A180892A17D627D090245
:107100008A180992227EE17D120252184FEA0E2E51
:107110000A9237A85A4900227344FDF7B7FAF0E102
:107120002179E27809028A1894F802E063780092E3
:10713000A179627909028A180192217AE279090219
:107140008A180292A17A627A09028A180392217B34
:10715000E27A09028A180492A17B627B09028A18EA
:107160000592217CE27B09028A180692A17C627C4E
:1071700009028A180792217DE27C09028A18089286
:10718000A17D627D09028A180992217EE27D0902B1
:107190004FEA0E2E8A180A927344002237A8394902
:1071A000FDF774FA217FE27E09028A1894F81AE04A
:1071B000637E0092A17F627F09028A18019294F88F
:1071C0002010E27F09028A18029294F8221094F8A3
:1071D000212009028A18039294F8241094F823209D
:1071E00009028A18049294F8261094F825200902BE
:1071F0008A18059294F8281094F8272009028A1812
:10720000069294F82A1094F8292009028A18079205
:1072100094F82C1094F82B2009028A18089294F8FC
:107220002E1094F82D2009028A18099294F8302023
:1072300094F82F10120252184FEA0E2E0A9237A815
:10724000104901227344FDF721FA5AE1A3786278CC
:107250001B0237A80C499A18FDF718FA51E137A814
:107260000A496278FDF712FA4BE1A378627837A8F1
:10727000074942EA0322FDF709FA42E14F8802007A
:107280008C890200FE940200458C020001880200F5
:107290007E870200E2782379120442EA036263786F
:1072A000217A1A43E379207B1B0443EA0163617965
:1072B00094F802C00B43E17A94F806E0090441EA2D
:1072C0000061607A42EA0C220143A07A43EA0E236D
:1072D00041EA00210091E17B207C090441EA006140
:1072E000607B0143A07B41EA00210191E17C207D8C
:1072F000090441EA0061607C0143A07C41EA00216D
:107300000291E17D207E090441EA0061607D014334
:10731000A07D41EA00210391E17E207F090441EA3A
:107320000061607E0143A07E41EA00210491E17F7B
:1073300094F82000090441EA0061607F0143A07FC6
:1073400041EA0021059194F8231094F824000904DF
:1073500041EA006194F82100014394F8220041EAD7
:107360000021069194F8270094F82810000440EAC0
:10737000016094F82510014394F8260041EA0021A9
:10738000079137A88249FDF781F9BAE0E2782379BD
:10739000120442EA03626378217A1A43E379207B7C
:1073A0001B0443EA0163617994F802C00B43E17A5C
:1073B00094F806E0090441EA0061607A42EA0C228E
:1073C0000143A07A43EA0E2341EA00210091E17BC8
:1073D000207C090441EA0061607B0143A07B41EA13
:1073E00000210191E17C207D090441EA0061607C7B
:1073F0000143A07C41EA00210291E17D207E090445
:1074000041EA0061607D0143A07D41EA00210391D2
:10741000E17E207F090441EA0061607E0143A07E95
:1074200041EA00210491E17F94F82000090441EA37
:107430000061607F0143A07F41EA0021059194F83B
:10744000231094F82400090441EA006194F8210013
:10745000014394F8220041EA0021069194F82700A4
:1074600094F82810000440EA016094F825100143C4
:1074700094F8260041EA0021079137A84549FDF715
:1074800005F93EE00B2D3CD1A37862781B02D2189F
:1074900037A84149FDF7FAF82379E2781B02D218A0
:1074A00037A83E49FDF7F2F8A37962791B02D2189A
:1074B00037A83B49FDF7EAF8237AE2791B02D21894
:1074C00037A83849FDF7E2F8A27A637A120237A8A2
:1074D00035499A18FDF7DAF813E0E37822791B04AE
:1074E00043EA0263627837A81343A2782F4943EA3C
:1074F0000222FDF7CBF804E00022149201E0012300
:10750000139310997B19FF297DF463A9159A013211
:107510001592159B1B998B427DF453A9119A511C0E
:1075200003D037A82249FDF7B1F89DF89C3023B16C
:1075300037A8204927AAFDF7A9F8169B0A2B0CD8D3
:1075400000201D49ECF3A4F038B9139929B937A8E4
:107550001A49139AFF23FDF799F8389A002302F885
:10756000013B449B1A9800931299189B3892FDF79F
:107570006DF804461298F0F317F201E06FF0010481
:1075800020463BB0BDE8F08F01211391B9E700BF61
:10759000C28C0200FF8C02004F8F0200638F02003A
:1075A000778F02008B8F02009F8F02002C8E0200CB
:1075B0001D900200F4890200468902009C870200A7
:1075C0002DE9F04F8DB0059205468A4606A80021A8
:1075D000142298460B91EBF3BFF1594B1C78002C09
:1075E00040F0A3806B69232B0CDD1C22284621462A
:1075F00023460094F5F388F2002806DA01260227D4
:10760000B14605E00427012601E00C270326A14628
:107610002846F5F30BF20128834602D0022813D145
:1076200005E028465146EBF3CBF040000BE028463E
:10763000FCF7A1FF044638B1FCF793FFC20503D560
:107640002046FCF793FF0B900B9800284ED0F0F3E8
:1076500099F1044600286ED0BBF1010F03D0BBF1B5
:10766000020F1BD10BE00B9B002101930290059AA6
:107670002846534600910391EBF3A0F00CE00B9ADF
:107680000CAB520843F8042D284601212246FCF792
:10769000A6FF0B9B5B000B93002840D122884FF67E
:1076A000FD73013A92B29A4203D92046F0F37CF17D
:1076B0001CE0B9F1000F03D004EB4707069719E06F
:1076C000E31962880693A388A7F5805707EB122277
:1076D0001B0602EB1343E3180793E388DB19E31857
:1076E00008932389DF19E719099703E0154B002454
:1076F00006930126169A5046009206A93246434642
:10770000FDF716F850B9169B28461A68D8F80010ED
:1077100001F038FDD8F800200B4B1A6014B1204658
:10772000F0F342F1064A01231370169B0020C8F8BB
:107730000000186001E06FF01A000DB0BDE8F08F96
:1077400029610100608B02008893020030B5194660
:10775000039B049C43B14CB100251D60256003943C
:10776000BDE83040FFF72CBF184630BD204630BD85
:10777000014B00221A70704729610100F8B50C4FC7
:1077800006463C688CB101250BE0284600212C46BA
:10779000E6F7C6FF20B128463146E6F7BBFF04E016
:1077A00001353B689D42F0D900242046F8BD00BF5A
:1077B0002C61010010B5847801462046E6F7B0FF41
:1077C00028B120460021E6F7A5FF002010BD4FF0AC
:1077D000FF3010BD70B50C4E0D46306880B90B49B6
:1077E000E6F798FF012404E020460021E6F792FF27
:1077F000013433689C42F7D9034B28461D6070BDA5
:107800004FF0FF3070BD00BF2C610100ADDEADDE7A
:10781000064B1A68194632B1012300E00133934246
:10782000FCD900230B600020704700BF2C610100D1
:107830002DE9F0470C461668824615460846842214
:10784000002198469DF82470EBF386F02046FFF760
:1078500095FFC0B2002832D0012323709DF820305C
:10786000A070003318BF0123E3703C233C2EB4BF4B
:10787000B1464FF03C09A4F80E806770A381002642
:1078800015E0504641463A46F0F390F030B963684F
:10789000002B0CBF6FF01A0000200BE0A37801361C
:1078A000C3706368436123896060013323814E455F
:1078B000E7DB0020238963812B60BDE8F0874FF070
:1078C000FF30BDE8F087F8B506460C4600250BE012
:1078D0007B693046636000237B61FB703946E27848
:1078E000F0F386F00135ADB26768002FF0D123893F
:1078F00020465B1B238163895D1B6581FFF75AFF6F
:10790000A77027703846F8BD10B5C37C032B08D08C
:107910009C1D00EBC40401336160A260C3740020AD
:1079200010BD4FF0FF3010BD2DE9F84311F01F06D8
:1079300018BF012606EB511707F107094FEA89091D
:1079400048460D4601F01F08F0F31CF004460028DD
:107950003BD000214A46BFB2EAF3FEF76780A5801C
:10796000E580A46021462246002303E04FF0FF306B
:10797000906101330432BB42F8D356B14FF0FF326D
:1079800002FA08F87B1D04EB83035A6882EA0802B6
:107990005A6017F01F0318BF012307F01F0003EB05
:1079A00057172780002203E04FF0FF358D6001322A
:1079B0000431BA42F8D343B14FF0FF33834001376B
:1079C00004EB87077A6853407B602046BDE8F88364
:1079D0000846EFF3E9B7436B23B14FF47F629A6037
:1079E000436B05E0836B4BB14FF47F629A60836B0E
:1079F0009868D0F1010038BF00207047012070471F
:107A00000346002001E00130C0B25B08FBD17047A3
:107A10000B6843F440330B6008680B6800F4403097
:107A200023F440330B60A0F54031484240EB0100A5
:107A3000704708B5416B09B9816B21B1806AFFF7C6
:107A4000E7FF012008BD084608BD2DE9F047DDF835
:107A500020801F88099D1046894614461E463946D7
:107A600042462B46EFF38EF48246E8B1012313FA27
:107A700007F72B68013BDB19B3FBF7F35F43631E8A
:107A8000DB195F4017EA090F0ED02046FFF7B8FF59
:107A900030805046EFF380F43188204642462B4632
:107AA000BDE8F047EFF36EB45046BDE8F08770B51F
:107AB000002301290CBFB0F84620B0F86C2086B036
:107AC0000493B0F84430120101290446ADF8163091
:107AD0000D46806A41F6FF7329D104AED4F8C41074
:107AE000009604F15C060196994214BF4FF4803170
:107AF0004FF4005104F150060DF116030296FFF702
:107B0000A4FF002840D0BDF81630E26D15FA03F34B
:107B1000511EC918B1FBF3F14B43A3659B1A9BB2ED
:107B2000C018A4F86030049BE06363662BE004ADEA
:107B3000D4F8CC10009504F184050195994214BF46
:107B40004FF480314FF4005104F178050DF1160324
:107B50000295FFF77AFFB8B1BDF81630012515FA86
:107B600003F3D4F88420511EC918B1FBF3F14B4341
:107B7000C4F880309B1A9BB2C018A4F88830049BCC
:107B80002064C4F88C30284606B070BDFFF78FBF64
:107B90002DE9F74F8DE803000EAEE02014469A461B
:107BA0000D9F96E8400ADDF84C80EFF3EBF60546B2
:107BB000002800F079810021E022EAF3CDF69A4B0B
:107BC0000021B8F1000F08BF98460A46C5F81C808E
:107BD0002046F4F38BF70C9BC0F30030AB63934B60
:107BE00003212B60002285F83000C5F834A0284618
:107BF000EDF3F8F5082205F120000199EAF384F786
:107C0000002385F82730009BEC62AB62BBF1FF3F9D
:107C100014BF5B46CC23B9F1CC0F88BFC3EB090975
:107C2000C5F89830BDF84430A5F84670C5F89C30CA
:107C30009DF84830A5F86C60C5F8A0300C9BA5F8FD
:107C40009490002B45D0AA6B1368D80704D523F075
:107C500001031360AA6B1360AB6B4FF0FF329A60A5
:107C60002046F4F345F740F63C03984212D1E86A07
:107C7000F4F34EF7052809D0E86AF4F349F7082829
:107C800004D0E86AF4F344F70C2803D1AB6B4FF04F
:107C9000FF329A60AB6B9A681205120D1AB15A68DE
:107CA00042F00F0201E041F6FF72C5F8CC201A68DD
:107CB00002F4E012920C85F8B5201A6802F4600212
:107CC000520D85F8BA201B6803F040731B0E85F82F
:107CD000BB30BAF1000F4DD06A6B1368D90704D5D9
:107CE00023F0010313606A6B13606B6B4FF0FF327C
:107CF0009A60E86AF4F3FCF640F63C03984212D12D
:107D0000E86AF4F305F7052809D0E86AF4F300F708
:107D1000082804D0E86AF4F3FBF60C2803D16B6B57
:107D20004FF0FF329A606B6B9A681205120D1AB110
:107D30005A6842F00F0201E041F6FF72C5F8C42014
:107D4000C5F8C8201A6802F4E012920C85F8B62033
:107D50001A6802F4E072920985F8B7201A6802F4F2
:107D60006002520D85F8B8201B6803F040731B0EAB
:107D700085F8B93062680023012AC5F8A430C5F837
:107D8000AC3018D1A268B2F5026F03D040F63C01C6
:107D90008A4202D14FF0004303E04FF08042C5F821
:107DA000A420C5F8A830D5F8A430C5F8AC30D5F873
:107DB000A830C5F8B0302046F4F39AF640F629030F
:107DC000984208D12046F4F3A3F620B12046F4F3FC
:107DD0009FF602280FD92046F4F38AF640F63403C2
:107DE00098420CD12046F4F393F620B12046F4F3E8
:107DF0008FF6012803D1002385F8313004E02846AE
:107E0000FFF717FE85F831002846FFF7E4FD85F8F7
:107E1000B40068B10D23FF2FA5F844300CD8FF2E15
:107E200009D80C2305E000BF906101008C500100CF
:107E30000423A5F844304FB1BC002046EFF3A2F56F
:107E4000E86468B300212246EAF386F54EB1B40037
:107E50002046EFF397F5686710B300212246EAF356
:107E60007BF527B128460121FFF790FEC0B126B16E
:107E700028460221FFF78AFE90B1D5F8A4305BB105
:107E800095F8313043B9AB6DB3F1804F08D8D5F8D0
:107E90008030B3F1804F03D8012385F8DD3003E053
:107EA0002846EDF3F9F400252846BDE8FE8F00BF13
:107EB00010B50446F5F38CF2002120460A46F4F38F
:107EC00015F6C30407D5204601F0DBFA00280CBFE5
:107ED0002020402010BD202010BD2DE9F047044691
:107EE000266A09A9042E666A9DF82000CCBF06F414
:107EF000781606F4F01691E82202760C4FF000088E
:107F00004BE031F828A01FFA83FCE24501EB88071B
:107F100003D197F802C0844504D008F101085FFA44
:107F200088F83AE0002A35D006FB08F800252EE054
:107F300063692046222B0ADDE3695A0607D540F61D
:107F400027010022F4F342F70146204600E0002119
:107F50004FF4CC62F4F3DAF5056063692046222B16
:107F60000ADDE3695B0607D540F627010022F4F33A
:107F70002DF70146204600E0002140F26462F4F350
:107F8000C5F509EB880353F8253001350360EBB2E2
:107F9000B342CDD3F878BDE8F087A845B1D300202F
:107FA000BDE8F0872DE9F84304461E46002B00F09B
:107FB000B480436A02EB061503F4F8594FEA192915
:107FC00055F8043C013E0BB900279FE02046984736
:107FD000002800F09E80F7E70122BA4055F8103CD7
:107FE0001A4200F0928063692046222B0ADDE36981
:107FF0005A0607D540F627010022F4F3E7F60146BA
:10800000204600E000214FF4C462F4F37FF50760DE
:1080100015F90C2C22B1012A19D0013275D144E096
:1080200063692046222B09DDE3695B0606D540F62D
:108030002701F4F3CBF60146204600E0002140F290
:108040002462F4F363F555F8083C03605DE063696E
:108050002046222B0ADDE369590607D540F62701A1
:108060000022F4F3B3F60146204600E0002140F27E
:108070002462F4F34BF563698046222B20460ADD27
:10808000E3695A0607D540F627010022F4F39EF66D
:108090000146204600E0002140F22462F4F336F568
:1080A00055F8083C026813432DE063692046222BF3
:1080B0000ADDE3695B0607D540F627010022F4F3E9
:1080C00085F60146204600E0002140F22462F4F3E8
:1080D0001DF563698046222B20460ADDE3695906B7
:1080E00007D540F627010022F4F370F6014620463A
:1080F00000E0002140F22462F4F308F555F8082C62
:10810000036823EA0203C8F8003001374F457FF4C3
:1081100063AF103D002E7FF453AFBDE8F88300003D
:1081200070B59D4904460020EBF38EF2002800F064
:10813000318100209849EBF387F2974905460020EA
:10814000EBF382F2944906460020EBF37DF215F042
:10815000006500F0AC804FF4001200211346204669
:10816000E6F741FD0222062113462046F4F344F6C9
:1081700063692046222B0ADDE3695A0607D540F6DB
:1081800027010022F4F322F60146204600E00021F8
:108190004FF4C162F4F3BAF40668002506F4807661
:1081A0001BE04FF47A70EFF3DBF063692046222B7B
:1081B0000ADDE3695B0607D540F627013246F4F392
:1081C00005F60146204600E000214FF4C162F4F3B9
:1081D0009DF40668013506F480761EB9B5F57A7F00
:1081E000DFD170BDB5F57A7F00F0D4804FF47A709E
:1081F000EFF3B6F00822062113462046F4F3FCF50F
:108200000023062104222046F4F3F6F54FF47A7099
:10821000EFF3A6F063692046222B0ADDE3695906D5
:1082200007D540F627010022F4F3D0F50146204699
:1082300000E000214FF4C062F4F368F40568002602
:1082400005F001051BE04FF47A70EFF389F06369E4
:108250002046222B0ADDE3695A0607D540F627019E
:108260000022F4F3B3F50146204600E000214FF46C
:10827000C062F4F34BF40568013605F001051DB149
:10828000B6F57A7FDFD102E0B6F57A7F03D12046DA
:108290000621082279E029464FF480122B46204619
:1082A000E6F7A1FC2046062101222B466EE0730171
:1082B00070D54FF48012134629462046E6F793FC0A
:1082C0000122062113462046F4F396F54FF47A7006
:1082D000EFF346F00422062113462046F4F38CF512
:1082E000062108222B462046F4F386F54FF47A70D7
:1082F000EFF336F063692046222B0ADDE3695E0660
:1083000007D540F627012A46F4F360F501462046DA
:1083100000E000214FF4C062F4F3F8F30668002592
:1083200006F001061BE04FF47A70EFF319F0636971
:108330002046222B0ADDE369590607D540F62701BE
:108340003246F4F343F50146204600E000214FF4A5
:10835000C062F4F3DBF30668013506F001061EB9CE
:10836000B5F57A7FDFD102E0B5F57A7F03D12046FB
:108370000621042209E000214FF400120B4620469A
:10838000E6F731FC2046062102220023BDE87040BA
:10839000F4F332B570BD00BF6853010046F290534C
:1083A000994210B5044609D049F21823994207D0E2
:1083B000B1F5964F0CBF1F23002302E02A2300E0F3
:1083C0003C230521FF222046E6F779FC4FF400020A
:1083D000062113462046E6F73CFC1E20EEF3C0F7CC
:1083E000204606214FF400020023BDE81040E6F7C6
:1083F00030BC0000F0B5036A466A042BCCBF06F41B
:10840000781606F4F01685B00446760C00253BE09D
:10841000102168461F4A2B46EAF304F30020694600
:10842000EBF336F100282ED000210A46EAF3CCF611
:1084300063690746222B20460ADDE369590607D502
:1084400040F627010022F4F3C1F40146204600E083
:1084500000214FF4CC62F4F359F3056063692046C0
:10846000222B0ADDE3695A0607D540F627010022D0
:10847000F4F3ACF40146204600E0002140F26462CF
:10848000F4F344F307600135EBB2B342C0D305B057
:10849000F0BD00BFD5950200F0B5036A85B0042B8E
:1084A0000446466A03DD06F0F866B60D02E006F003
:1084B000F076760D00253BE0102168461F4A2B46DA
:1084C000EAF3B0F200206946EBF3E2F000282ED088
:1084D00000210A46EAF378F663690746222B204614
:1084E0000ADDE3695A0607D540F627010022F4F3B6
:1084F0006DF40146204600E000214FF4CB62F4F316
:1085000005F3056063692046222B0ADDE3695B06FB
:1085100007D540F627010022F4F358F4014620461F
:1085200000E0002140F25C62F4F3F0F207600135F4
:10853000EBB2B342C0D305B0F0BD00BF0C9902004E
:10854000F0B5036A85B0042B0446466A01DDF60ED9
:1085500002E006F0F056760E00253BE0102168465A
:108560001E4A2B46EAF35EF200206946EBF390F0D8
:1085700000282ED000210A46EAF326F66369074652
:10858000222B20460ADDE3695B0607D540F627016A
:108590000022F4F31BF40146204600E000214FF4D2
:1085A000CA62F4F3B3F2056063692046222B0ADD48
:1085B000E369590607D540F627010022F4F306F4D3
:1085C0000146204600E0002140F25462F4F39EF29E
:1085D00007600135B542C1D105B0F0BD1B9902005D
:1085E00000487047C0AD3A022DE9F04304460F46FB
:1085F00085B00020904915461E46EBF325F060B982
:108600002046394615B1FFF7EBFF07E0FFF7E8FF1B
:108610004FF47A75B0FBF5F500E005460020874978
:10862000EBF312F000F00F00012808D0022809D067
:10863000834B844A032814BF9146994604E0DFF82F
:10864000149201E0DFF8109229462046FFF7A6FEBB
:108650002046F4F355F2002180462046F5F300F061
:10866000794B0246002E4BD10193032302933946E6
:10867000204632462B460096CDF80C90FFF72DFC95
:108680000746002837D063692046222B0ADDE369BC
:108690005B0607D540F627013246F4F397F301460F
:1086A000204600E000214FF4C062F4F32FF202688C
:1086B000BF004FF68373134007F07C0205F17F077C
:1086C000FF09013F42EA07471F4363692046222B07
:1086D0000ADDE369590607D540F627010022F4F3C5
:1086E00075F30146204600E000214FF4C062F4F328
:1086F0000DF2076096E029465448EAF353F192E000
:1087000000218DE80A0003230293204639462B46B8
:10871000CDF80C90FFF7E1FB002D00F083802046A0
:10872000E6F774F8064606E0AB4203D16369222BF4
:1087300007DC12E00C36002E74D03388002BF3D106
:1087400070E0E3695A0608D540F62701204600226A
:10875000F4F33CF30146204601E0204600214FF4AB
:10876000C062F4F3D3F10268B37802F07C02B3EB99
:10877000920F57D03579F3782D061B0505F07065FB
:1087800003F4700300214FF07F622B432046E6F78D
:1087900096FA737902211B052D4A43F400332046D3
:1087A000E6F78DFAB3686FF07F420321134020464D
:1087B000E6F785FA63692046222B0ADDE3695B064A
:1087C00007D540F627010022F4F300F301462046C6
:1087D00000E000214FF4C062F4F398F102684FF614
:1087E000837335881340B2787F35ED119200013DD7
:1087F00002F07C0242EA05451D4363692046222BB4
:108800000ADDE3695E0607D540F627010022F4F38E
:10881000DDF20146204600E000214FF4C062F4F38F
:1088200075F10560012620464146F4F319F73046FC
:1088300005B0BDE8F08300BFEC9502007453010061
:108840008C5101000C52010006970200A395020012
:108850000000FE1F80530100F85301002DE9F04392
:1088600099468BB00023079308930993036A476ADC
:10887000042BCCBF07F4781707F4F01704460D4615
:1088800090467F0C00260CE0102103A8334A3346A3
:10889000EAF3C8F0002003A9EAF3FAF620B901369A
:1088A000F6B2BE42F0D34EE008AB009309AB0193A1
:1088B00020462946424607ABE6F7C0FB012329467E
:1088C0004A462046FFF790FE20462946FFF792FDD4
:1088D000236A012B2CDD63692046222B0ADDE36924
:1088E0005E0607D540F627010022F4F36FF2014639
:1088F000204600E000214FF4C062F4F307F1636901
:108900000646222B20460ADDE369590607D540F6C4
:1089100027010022F4F35AF20146204600E000212C
:108920004FF4C062F4F3F2F0036843F48063336001
:10893000089B20460093099B294601934246079BCA
:10894000E6F7D4F807E0204629464A460023FFF719
:108950004BFE0028A8D10BB0BDE8F083D5950200EE
:108960002DE9F04F002587B004460E460495059585
:10897000F4F3C6F0294683462046F4F371F6A14984
:1089800082462846EAF384F648B1012384F860332E
:1089900029462A46EAF318F4C4F85C0301E084F897
:1089A000600300209849EAF373F648B101230021DF
:1089B00084F868330A46EAF307F4C4F8640301E074
:1089C00084F868032046F3F3F5F7904B676A984202
:1089D0008F4B94BF20252125A3F1080898BF984606
:1089E00007F4F8573F0A08EBC50863692046222BB5
:1089F0000ADDE3695A0607D540F627010022F4F3A1
:108A0000E5F10146204600E000214FF4C462F4F392
:108A10007DF018F8083C013D036063692046222B75
:108A20000ADDE3695B0607D540F627010022F4F36F
:108A3000CDF10146204600E000214FF4C562F4F379
:108A400065F058F8043CA8F108080360002DCCD16B
:108A500047E0082102A86F4A2B46E9F3E3F700201C
:108A600002A9EAF315F600283AD000210A46EAF3F3
:108A7000ABF3236A80460C2B07DDB0F5803F04D2B0
:108A8000C3B24FEA102843EA084863692046222B04
:108A90000ADDE369590607D540F627010022F4F301
:108AA00095F10146204600E000214FF4C462F4F342
:108AB0002DF0056063692046222B0ADDE3695A0622
:108AC00007D540F627010022F4F380F10146204645
:108AD00000E000214FF4C562F4F318F0C0F8008004
:108AE0000135BD42B5D1204631464B4A1F23FFF721
:108AF00059FA00253EE00821484A2B4602A8E9F32E
:108B000091F7002002A9EAF3C3F58146002830D08E
:108B100063692046222B0ADDE3695B0607D540F630
:108B200027010022F4F352F10146204600E0002123
:108B30004FF4C462F3F3EAF7056063692046222B21
:108B40000ADDE369590607D540F627010022F4F350
:108B50003DF10146204600E0002140F22462F3F39B
:108B6000D5F7002180460A464846EAF32DF3C8F8B7
:108B700000000135BD42BED1204604A905AAE5F793
:108B80000FFF049F52463B46314600252046009584
:108B9000E5F752FE384304902046F4F347F4059A73
:108BA000049B002A3CD01A4363690592222B20467D
:108BB0000ADDE3695A0607D540F627012A46F4F391
:108BC00005F10146204600E0002140F21C62F3F36B
:108BD0009DF763690546222B20460ADDE3695B06A3
:108BE00007D540F627010022F4F3F0F001462046B5
:108BF00000E0002140F21C62F3F388F7059B026855
:108C00003AE000BFC595020000970200BFAD3A02EE
:108C100000960200E79502001C970200E295020010
:108C2000002B2BD063692046222B09DDE36959060E
:108C300006D540F62701F4F3C9F00146204600E0CE
:108C4000002140F21C62F3F361F763690546222BB1
:108C500020460ADDE3695A0607D540F627010022BF
:108C6000F4F3B4F00146204600E0002140F21C621B
:108C7000F3F34CF7049B026813432B60049BABB1E6
:108C800063692046222B0ADDE3695B0607D540F6BF
:108C900027010022F4F39AF00146204600E000216B
:108CA0004FF4C362F3F332F7049B0360059BABB14F
:108CB00063692046222B0ADDE369590607D540F691
:108CC00027010022F4F382F00146204600E0002153
:108CD00040F21C62F3F31AF7059B036031465246DB
:108CE0002046E6F77EF94FF4FA60EEF339F32046BA
:108CF0005946F4F3B5F407B0BDE8F08FF8B5044673
:108D000015460E46F3F3FCF6002107462046F4F321
:108D1000A7F4314602462B462046FFF79FFD20462A
:108D200031462A46E5F7D8FD20463946BDE8F840E9
:108D3000F4F396B438B5036A0446012B2DD1436988
:108D4000222B0ADDC3695A0607D540F62701002207
:108D5000F4F33CF00146204601E0204600214FF4A8
:108D6000C062F3F3D3F663690546222B20460ADD81
:108D7000E3695B0607D540F627010022F4F326F0ED
:108D80000146204600E000214FF4C062F3F3BEF636
:108D9000036823F400732B6038BD2CDD4369222B5C
:108DA0000ADDC369590607D540F627010022F4F30E
:108DB0000DF00146204601E0204600214FF4C0623C
:108DC000F3F3A4F663690546222B20460ADDE36926
:108DD0005A0607D540F627010022F3F3F7F70146BC
:108DE000204600E000214FF4C062F3F38FF60368E1
:108DF00043F400732B6038BD70470120704738B5CD
:108E000005460C46FFF79CFB284621460022FFF74B
:108E1000F3FF28462146BDE83840FFF781B900003E
:108E200038B504460D4600203149EAF331F440B12B
:108E300000210A46EAF3C8F12946C3B201222046BE
:108E400003E02046294601220523E5F78BFF002099
:108E50002849EAF31DF448B100210A46EAF3B4F1C7
:108E60002946C3B209222046E5F77CFF00202249AB
:108E7000EAF30EF448B100210A46EAF3A5F12946C7
:108E8000C3B205222046E5F76DFF00201B49EAF337
:108E9000FFF348B100210A46EAF396F12946C3B22E
:108EA00006222046E5F75EFF002120464FF4786257
:108EB0004FF43863E5F7CDFE002120464FF46042C1
:108EC0004FF42043E5F7C5FE4FF4C02200211346BE
:108ED0002046E5F7BEFE0122002120461346E5F7B5
:108EE000B8FE20462946BDE83840FFF7D5BA00BF96
:108EF00012970200DB95020012990200CA95020047
:108F000038B5036A0446092B69DD4369222B0ADD63
:108F1000C3695B0607D540F627010022F3F356F735
:108F20000146204601E0204600214FF4C062F3F3E1
:108F3000EDF5026812F0010253D163692046222B3D
:108F400009DDE3695D0606D540F62701F3F33EF738
:108F50000146204600E0002140F26C62F3F3D6F5B2
:108F60004FF0004303604FF47A70EEF3F9F1636958
:108F70002046222B0ADDE369590607D540F6270172
:108F80000022F3F323F70146204600E0002140F2DF
:108F90006C62F3F3BBF505686369ED04ED0C222BFD
:108FA00020460ADDE3695A0607D540F6270100226C
:108FB000F3F30CF70146204600E0002140F26C621A
:108FC000F3F3A4F56D030023036005F5424506485D
:108FD00005F5A875B5FBF0F56420684338BD0020A1
:108FE00038BD002038BD00BFA086010038B5002183
:108FF00005461020E3F7A0FF002104461022E9F304
:10900000ABF46560204638BD08B1E4F71DB8704781
:1090100010B50446E4F706F96060E0602068E7F701
:1090200016FA6368A0F50060206118180123A0609B
:10903000237610BD38B50546F4F3CAF11C20EEF3D3
:10904000A1F4084C00211C222060E9F385F420687B
:109050000560FFF7DDFF044922682846BDE8384077
:10906000E6F726BC90040000D93F00002DE9F84F38
:109070000C46F4F3ADF141F20100E568EEF382F441
:1090800000287CD000F1010C064620E00132197066
:10909000D2B2434639783D460137C1B13D2903F18B
:1090A0000108F3D1327029464646002203E001321E
:1090B0003770D2B2664611F8017FC3EB0508B044A1
:1090C00006F1010C002FF2D11A7008F10105E768D2
:1090D000A368FB189D4205D22B781BB12F4663462F
:1090E0000022D7E725460123E2688346BA1A2A827E
:1090F0003BE0594611F8012B9A4202D14FF0000C87
:109100000AE0102B2AD10F2AF8DC27E01BF8018F88
:1091100007F80C800CF1010C6245F7D101EB020855
:10912000895C07EB020C4FF03D0907F8029008F14B
:10913000010B0CF1010701F10109002203E018F80D
:1091400002A00CF802A001324A45F8D17A184FF07B
:10915000000C07F801C08B44571C06E011F802B060
:1091600001EB020C0BF1010BE344B345C1D3013316
:109170000235112BB8D1BDE8F84FEEF315B4BDE8B8
:10918000F88F0000F8B50E4617460446F4F320F1B8
:109190003020EEF3F7F3054668B1C660074E302382
:1091A000436033688760036029462046FFF75EFF0F
:1091B00035600020F8BD6FF01A00F8BD940400007F
:1091C00008B5064B1B683BB9054B196821B1054B27
:1091D0001A680AB1FFF7D6FF002008BD940400000A
:1091E000985C01009C5C0100F8B5104B07461C68B8
:1091F0001E46BCB1E3689BB10D4D2A689A420FD15F
:10920000F4F3E6F0E068EEF3CFF300232B6007E021
:1092100038462568F4F3DCF02046EEF3C5F32C461F
:10922000002CF5D100233360F8BD00BF940400008A
:109230008893020073B5856E04466DB1D0F8CC30CA
:1092400000EB8303D3F8D420036E9A4203D1406E1F
:10925000A847054600E000252046F3F351F400231B
:1092600002A941F8083D06466946204601AA0DF0CC
:10927000C1FE9DE806004FF4FF20E9F3E9F2204625
:109280003146F4F3EDF1E36E5BB1D4F8CC2004EB9E
:109290008202D2F8D410226E914202D1606E294629
:1092A00098477CBDF8B50446F0F3BAF000284FD0DB
:1092B000A56E6DB1D4F8CC3004EB8303D3F8D42081
:1092C000236E9A4203D1606EA847054600E0002550
:1092D0002046F3F315F4002107462046F4F3C0F1CD
:1092E0000121064600222046F0F3BAF04FF4801127
:1092F0000A462046F0F396F040210A462046F0F355
:10930000A5F04FF080710A462046F0F38BF020461E
:10931000FFF790FF0F4B0121C6F804354FF4FC73A3
:10932000C6F808350A462046F0F39AF0204639463A
:10933000F4F396F1E36E5BB1D4F8CC2004EB820237
:10934000D2F8D410226E914202D1606E294698471D
:10935000F8BD00BFF200394001207047C36B44F2F2
:10936000583293420DD004D844F25632934218D169
:1093700012E04AF62E22934208D04AF62F22934258
:109380000FD1C0F884334AF6322303E0C0F88433A7
:109390004AF63123C3637047C0F8843344F2543330
:1093A000C363704738B541F2E443044603630D4696
:1093B00029B108460F49EAF347F1A06240B92846AF
:1093C0000D49EAF341F1A06210B94FF6FF73A362B1
:1093D0000A492846EAF338F10949E0622846EAF3E7
:1093E00033F1084960632846EAF32EF184F855000A
:1093F00038BD00BF2D990200239902006499020034
:10940000439902004E9902007047000030B585B0C4
:109410000190002404A840F8044D01A90422E9F3B6
:1094200017F2019DB5B12B46D3F88C2012B1002262
:10943000C3F88C2001340433102CF5D10398FEF7C7
:1094400097F90398FFF7D0FE034B9D4202D02846C0
:10945000EEF3AAF205B030BDE46101000367D0F875
:10946000CC3010B500EB8303029CD3F8D4304466B3
:109470008166C266036610BD00238366C366036708
:1094800070478069C0F3C06070472DE9F843044617
:109490001E46089D099FFAF761FC00212046F4F35F
:1094A000DFF080462046F3F333F30A28C8BFD8F82C
:1094B0002C306061C8BFA3642228D8F80430C8BF2C
:1094C000D8F8AC20A361C8BFE261DA001CD522281D
:1094D00014DDE3695B0611D50022204640F6270122
:1094E000F3F374F401462046F4F3BAF0D0F80436EE
:1094F000002163622046F4F3B3F002E0D8F80436AA
:10950000636294F8243023624FF4E063A3604FF069
:10951000FF33E36011232361A1464FF0000817E0F9
:109520004146F4F39DF02046F3F3E2F22046F3F3D4
:10953000EFF21EB1D9F814319E4203D0D9F88C3025
:109540009F4201D1C5F8008008F1010809F1040922
:10955000D4F8D03020469845E2D32968F4F380F05F
:109560000120BDE8F883F7B5002213460D4601211E
:109570000446E5F738FB0021282207460B46204623
:109580000091F3F3C1F20646280709D020460121D5
:109590000622F3F367F6204602210622F3F362F671
:1095A00015F0F00F04D0204600210222F3F35AF602
:1095B00015F4706F0ED0204600210122F3F352F60D
:1095C00001210A462046F3F34DF6204602210122EE
:1095D000F3F348F601213B4620464FF0FF32E5F712
:1095E00002FB2046002128224FF0FF330096F3F3C0
:1095F0008BF2FEBD0020EAF327B0000010B50C4945
:109600000446FFF7F7FF80B288B9D4F88000084914
:10961000EAF31AF080B250B9D4F880000549EAF3B1
:1096200013F04FF6FF7380B2002808BF184610BD34
:109630006D9902007B990200436907B50A2B09DD89
:10964000003118BF01210091242200210123F3F3EE
:109650005BF201E04FF0FF300EBD07B50021F822AC
:109660000B460091F3F350F200F00F000EBD000026
:109670002DE9FF47DDF830809246DDF834900F4643
:109680004FF46372002104461E460E9DB8F1010F8F
:1096900008BF4FF00008E9F35FF111232361C4F81C
:1096A0008860C4F85C90C4F858A0C4F80480B8F18D
:1096B000000F40F0C580204641463A464B46FFF732
:1096C0004BFE002800F0C0804FF0C0531A68130F03
:1096D00002F47021236093B202F47002120D6264EE
:1096E00044F25832090C9342E36321640AD004D84F
:1096F00044F25632934208D104E0A3F52A432E3BAC
:10970000012B02D82046FFF729FE636C20460E3B52
:10971000012B8CBF0023012384F84C304FF0C05143
:109720003A46FAF793F9D4F8D030002B00F08A804B
:10973000002704AB43F8047D8DE8480020464FF035
:10974000C0513A463B46FFF7A0FE00287CD0204699
:10975000FFF736FD0F9B00950193204639463246B0
:10976000A36DFDF7F3FF002870D105B12D683A4EC7
:1097700020462946FFF716FE3278002A42D1636957
:10978000132B19DD4FF400612046F3F35BF73349E7
:1097900007462846E9F37CF738B128462F49E9F314
:1097A00053F7B0F1FF3F08BF00200023BB650399CA
:1097B000F8652046F3F354F72046A16DFFF7BAFA97
:1097C0002046A16DFFF71BFB28462549E9F33CF72E
:1097D000024620B92046A16DFFF792FB0246C4F86D
:1097E0008823A16D2046FFF789FA2046FFF75AFD2E
:1097F0002046A16DFFF7B4F82046A16DFFF710FBDE
:10980000012333702046F3F3E1F528461549E9F3C7
:109810003FF738B113492846E9F316F701462046C9
:10982000FFF7A1FE28461049E9F332F778B1284640
:109830000D49E9F309F701462046FFF7E5FD06E08B
:10984000002404E01C4602E0044600E03C462046BA
:1098500004B0BDE8F08700BFE06101003E9902005E
:109860005B99020073990200349902001FB50F4CF6
:1098700002462378BBB910B90346014601E00C4B00
:10988000191D00200090019002930391094844F2B1
:1098900010714FF0C053FFF7EBFE28B1064B2022AA
:1098A0001A6001232370034804B010BD70650100E5
:1098B00064620100E4610100A00400002DE9FF479B
:1098C00007464FF46370884691469A460D9E0E9D5A
:1098D000EEF358F00446C8B10C9B3946019342465A
:1098E0004B46CDF800A002960395FFF7C1FE074650
:1098F00020B92046EEF358F03C4607E006B1366842
:10990000C4F8806005B12D68C4F88450204604B0C6
:10991000BDE8F08770B5064686B04FF4BC70EEF334
:1099200031F00446E8B100214FF4BC72E9F314F0C1
:109930000D4B266000930D4B0025019330680C49B8
:109940000C4A2346029503950495059500F0D8FE30
:1099500030B94FF49663C4F8603184F8640100E0D4
:109960002C46204606B070BDA53881005D3D8100C3
:10997000D8D288003CC5890010B5044650B10368B0
:1099800005491868224600F060FE2046BDE81040F8
:10999000EEF30AB010BD00BF3CC589002DE9F041CF
:1099A000054686B08020EDF3EDF70446002844D04C
:1099B00000218022E8F3D0F704236360B4232560FC
:1099C000A381A046C5F85847274600260EE01C2272
:1099D00002FB06423C61A8681B4910320023FAF3DF
:1099E0006DF338621C3700282BD0013663689E4225
:1099F000EDDB164B1649009300230193029303936A
:109A0000049305932868134A234600F079FEC0B9F1
:109A100013E0D8F8201031B123689868FAF336F3D0
:109A20000023C8F82030013508F11C0863689D4206
:109A3000EFDB2046EDF3B8F70024204606B0BDE882
:109A4000F0810025F2E700BF49488100A946810066
:109A50007CD388007F3F890070B5044600281ED063
:109A600003680F491868224600F0EFFD25460026DE
:109A70000DE0296A29B123689868FAF307F30023F7
:109A80002B62E86908B1EDF38FF701361C35636886
:109A90009E42EEDB2046BDE87040EDF385B770BD19
:109AA0007F3F890010B50446C06F08B1FFF764FF1F
:109AB000D4F8840008B107F0C1FED4F8800008B1E2
:109AC000FFF7CAFFD4F8B00008B100F013F9A0689E
:109AD00008B101F0E3F92046BDE81040EDF364B7AA
:109AE0002DE9F04F07468DB0B8208A4690461D46B6
:109AF000179EEDF347F70446002800F0A0804FF0D2
:109B0000000B0021B822E8F327F7266084F88CB018
:109B10003846FFF76BFA0BABC4F8A8B02A460190A1
:109B20000693814641F2E44120463346CDF800B029
:109B3000CDF808A0CDF80C800494CDF814B001F055
:109B40005DFA0546002875D0A06010F06FDA2B6929
:109B50001021E3603C4B6060A3643C4A33462761BC
:109B600064643846E8F35EF72B69D86FF2F356F772
:109B700049F6981398422B69D86F06D8F2F34EF73E
:109B800008210346324A09A805E0F2F347F7314AB3
:109B90000346082109A8E8F345F7314609AA2E4BE8
:109BA0002E48E8F3FFF63246002016992C4B8DE83C
:109BB0008001F8F7A9FB064600283BD1636801271E
:109BC00083F8787008210A46286930F0D5DA362102
:109BD0003A46D5F89802EFF730FD2846FFF7DEFE4B
:109BE000C4F8800030B3284607F0F6FDC4F88400BE
:109BF00000B32846FFF78EFEE067D8B163681949C5
:109C000083F8E070184B02968DE84800039604969E
:109C100005962868154A234600F072FD50B928467B
:109C200000F032F8C4F8B00020B111482146EDF33D
:109C3000A9F120B120464946FFF734FF0024204611
:109C40000DB0BDE8F08F00BFBD888100DB5501007D
:109C5000E05501004D498900403901008199020019
:109C6000FD8D81002CD58800198A810058FB890060
:109C7000F589810001207047024B01221A70E3F739
:109C800063BA00BFFC03000070B5064686B0202012
:109C9000EDF37EF60446F0B100212022E8F35CF6F5
:109CA0004FF4E153E3804B2323810A2363810E4B5E
:109CB00026600025009330680C490D4A2346019523
:109CC000029503950495059500F01AFD30B93368A7
:109CD000012283F86321204606B070BD2046EDF3D3
:109CE00063F62C46F7E700BF7D9A81008CD588008B
:109CF000C04B890010B5044678B1FBF309F3236823
:109D000022461868054900F0A0FC2046EDF34CF609
:109D1000236800221B6883F8632110BDC04B8900B3
:109D20000368D3F8D42041F26B03116B99420BD135
:109D3000936AEF2B28D001D8D62B04E0F52B23D043
:109D400040F20F118B421FD0936A40F2C6529342E9
:109D50001AD040F27452934216D0036A7F2210E068
:109D6000482283F8FD2006E002F0C002921102EBC7
:109D7000810183F8FD10036A93F9FD20142A0BDC9E
:109D8000482283F8FD207047036A93F8FD104AB219
:109D9000B2F1FF3FE8D1E3E77047D0F8E81110B522
:109DA000044629B18068FAF371F10023C4F8E83160
:109DB000D4F8001229B1A068FAF368F10023C4F8BE
:109DC0000032D4F88434D3F8301139B1A068FAF3F2
:109DD0005DF1D4F884340022C3F83021D4F8501354
:109DE00029B1A068FAF352F10023C4F85033D4F833
:109DF000541529B1A068FAF349F10023C4F8543589
:109E0000D4F8F41529B1A068FAF340F10023C4F89E
:109E1000F435D4F8C41729B1A068FAF337F1002358
:109E2000C4F8C43710BD10B50446006807F0D8F870
:109E3000D4F8800620B106F021F80023C4F880365B
:109E4000D4F87C0620B106F049FA0023C4F87C3629
:109E5000D4F89C0120B108F089FE0023C4F89C319D
:109E6000D4F88C0120B101F025FE0023C4F88C3118
:109E7000D4F8400120B102F069FF0023C4F840315A
:109E8000D4F8540120B1FEF3FFF30023C4F8543199
:109E9000D4F8300120B102F019FC0023C4F83031AD
:109EA000D4F8340120B102F0C1F90023C4F83431F0
:109EB000D4F8380120B102F01BFB0023C4F838317C
:109EC000204602F0D5FAD4F84C0120B106F0BAFAD7
:109ED0000023C4F84C31D4F8480120B108F078FDD3
:109EE0000023C4F84831D4F8440120B106F032F917
:109EF0000023C4F84431D4F85C0120B108F016FA0C
:109F00000023C4F85C31D4F82C3113B10023C4F819
:109F10002C31D4F8600120B104F0B4F90023C4F866
:109F20006031204608F0AAFA204605F09FFFD4F8D9
:109F3000500120B105F0FAFF0023C4F85031D4F8E5
:109F4000700120B101F09EFC0023C4F87031D4F8F8
:109F5000780120B104F0A8FC0023C4F87831D4F8CB
:109F60007C0120B107F06CFE0023C4F87C31D4F8EA
:109F7000740120B108F072FD0023C4F87431D4F8E4
:109F8000840120B101F01CFC0023C4F88431D4F812
:109F9000880120B104F0E2FB0023C4F88831D4F832
:109FA000780420B107F0F4FC0023C4F87834D4F826
:109FB0007C0420B107F02EFD0023C4F87C34D4F8D3
:109FC000800420B107F0C0FD0023C4F88034D4F829
:109FD000940120B108F0A2FE0023C4F89431D4F813
:109FE000640820B108F0F6FE0023C4F86438D4F801
:109FF000F80620B108F040F90023C4F8F836D4F888
:10A000009C0620B104F0E2FE0023C4F89C36D4F88C
:10A01000A00620B101F060FD0023C4F8A036D4F8FA
:10A02000CC0620B104F0BAFE0023C4F8CC36D4F834
:10A03000D40620B104F0F4FC0023C4F8D436D4F8DC
:10A04000D00620B108F084FA0023C4F8D036D4F842
:10A05000600820B107F0D6FE0023C4F86038D4F8B9
:10A06000DC0620B107F0FEFB0023C4F8DC36D4F890
:10A07000BC0608B105F081FDD4F8C00608B105F0B2
:10A080007CFDD4F8A00120B103F0F8FE0023C4F851
:10A09000A031D4F8F00620B106F0C2F90023C4F8CC
:10A0A000F036D4F8300720B1EDF37EF40023C4F885
:10A0B0003037D4F8A40620B105F03AFD0023C4F8E7
:10A0C000A436D4F8940620B104F070FF0023C4F83D
:10A0D0009436D4F8240120B108F06CF80023C4F8B9
:10A0E0002431D4F8280120B103F0A6FD0023C4F8E0
:10A0F0002831D4F8880420B106F0A8FA0023C4F867
:10A100008834D4F8E80520B104F0D2FD0023C4F867
:10A11000E835D4F8380620B1F9F7CEFF0023C4F8AB
:10A1200038362046BDE8104004F0D4BB70B5D0F8F6
:10A130008434056801220446A3F89020D5F8D8009D
:10A140003C49E9F3A5F240B1D5F8D8003949D4F833
:10A150008464E9F379F2A6F89000D4F88434642298
:10A16000A3F84A20D5F8D8003349E9F391F240B179
:10A17000D5F8D8003049D4F88464E9F365F2A6F83C
:10A180004A00D4F884346422A3F84C20D5F8D800CF
:10A190002A49E9F37DF240B1D5F8D8002749D4F82F
:10A1A0008464E9F351F2A6F84C00D4F884346422B4
:10A1B000A3F89220D5F8D8002149E9F369F240B11B
:10A1C000D5F8D8001E49D4F88464E9F33DF2A6F826
:10A1D0009200D4F884340122A3F89620D5F8D80050
:10A1E0001849E9F355F240B1D5F8D8001549D4F82B
:10A1F0008464E9F329F2A6F89600D4F884340422A2
:10A20000A3F89E20D5F8D8000F49E9F341F240B1F8
:10A21000D5F8D8000C49D4F88464E9F315F2A6F80F
:10A220009E00D4F884346422A3F894200122A3F879
:10A23000982070BD079A0200239A0200E399020059
:10A24000749B0200CD990200B5990200F7B5036A2C
:10A25000044693F9FC00421C2CD0236893F87C2020
:10A260000A2A02D8FEF308F225E0D3F8D8501449A0
:10A270002846E9F3E9F113498DF804002846E9F38B
:10A28000E3F111498DF805002846E9F3DDF10025D9
:10A290008DF806002E4601AF7857FEF3EDF176B249
:10A2A000E8550135B042A8BF0646032DF6B2F2D1FB
:10A2B000304600E00820236A83F8FC00FEBD00BFA2
:10A2C000F5990200FB990200019A02000368D0F898
:10A2D000842470B5D3F8D8500323D371D0F88424E4
:10A2E00004461372D0F88424444982F8AD30D0F883
:10A2F0008424284682F8AE30E9F3A6F140B220B9B2
:10A3000028463F49E9F3A0F140B2431E0E2B0CD87A
:10A310000128D4F8842401D1002302E0022804D1CA
:10A320000123D371D4F884241372D4F8843493F8BD
:10A330001C210AB10322DA7132492846266AE9F360
:10A3400083F186F8FC002046FFF780FF2E4928465F
:10A35000266AE9F379F186F8FD002046FFF7E0FC74
:10A36000236A93F8FD2083F8FE20216841F26B02F6
:10A37000D1F8D430186B904229D1226A92F9FC00AE
:10A38000082824DC9B6AD12B12D0E92B10D0902B0B
:10A390000ED08B2B0CD08D2B01D10D2315E0932BE0
:10A3A0000AD1B1F87A301B051B0DB3F5826F01DCC1
:10A3B00018230AE01B2308E08E2B01D1102304E0B0
:10A3C000D62B01D0E42B02D1172382F8FC3023686E
:10A3D00040F27452D3F8D4309B6A934203D040F2D7
:10A3E000C652934207D1236A93F9FC20082A02DC63
:10A3F000172283F8FC20012070BD00BF579A02008D
:10A400001F9A0200959B0200519A020010B5044663
:10A410001C49806822460023F9F350F6C4F8E8018D
:10A4200070B3A068184922460023F9F347F6C4F830
:10A43000000228B3A068154922460023F9F33EF62E
:10A44000C4F85003E0B1A068114922460023F9F393
:10A4500035F6C4F8540598B1A0680E492246002389
:10A46000F9F32CF6C4F8F40550B10023A0680A49AA
:10A470002246F9F323F6C4F8C407003018BF0120C0
:10A4800010BD00BF713D82005D01820075EF81004B
:10A490001DFD8100CD378200A5CF810070B5FF2260
:10A4A0000446012384F8732484F8DB2241F201017D
:10A4B000D4F8842400260376A4F8581464200321D9
:10A4C00084F8400584F8763484F87264D171D4F845
:10A4D000842440F62A151172A4F85A54A4F85C5446
:10A4E000A4F85E54A4F86054A4F86254A4F8645428
:10A4F000A4F86654A4F86E1440F62B150221A4F8B3
:10A500006854A4F8701407250421A4F86A54A4F828
:10A510006C14A4F82E06A4F8686384F82062A4F8EA
:10A520002C6684F8346284F8236284F8216284F80B
:10A53000F26484F8B06284F8276521684FF0FF3038
:10A5400081F8533048632168204681F84130216802
:10A5500081F84230216881F8D160216881F8436038
:10A56000216884F80E6284F80F62C4F8506681F89E
:10A570009430216881F8F530216881F8F430216841
:10A5800081F89D30216881F83431216881F8693182
:10A59000216881F82861216881F86161216881F86A
:10A5A0006A612268966684F8643384F8653392F8A9
:10A5B0004F10890718BF82F852300323012500226B
:10A5C00084F8DC3184F8E4314FF44873A4F834356E
:10A5D00084F85065A4F84E2584F8DC5505F096DD26
:10A5E000052384F82036236884F8206184F85856BF
:10A5F00083F8115123684FF0FF31A4F87017A4F8C5
:10A60000541884F8736784F8A15784F8B05783F816
:10A610004251236883F84351236883F85C612368BF
:10A6200083F86451236883F86651236883F86B517B
:10A63000236883F86751236883F86851236883F897
:10A640003B612368C3F83C6170BD2DE9F0470F46BC
:10A650009246002834D00468002C35D04FF0000812
:10A66000C14628E0D4F8C40239464044E8F300F279
:10A67000E8B9D4F8C8324FEA890653F8293053456F
:10A6800015D1D4F8C43243445D6B013D5D63EDB92F
:10A69000184629463822E8F35FF1D4F8C802294663
:10A6A00080190422E8F358F12846BDE8F08709F143
:10A6B000010908F13808236893F8B4309945D1DBD3
:10A6C0006FF01D00BDE8F0876FF01D00BDE8F0875A
:10A6D000F8B500250F4606682C4608E0D6F8C402F7
:10A6E00039464019E8F3C4F1383538B101343368DC
:10A6F00093F8B4309C42F1DB6FF01D042046F8BDA6
:10A700002DE9F0478A461146984691460468FFF7BE
:10A71000DFFF031E05DA2368002693F8B4203546D0
:10A720003BE0D4F8C822382042F82380D4F8C42271
:10A7300000FB0320436B013343630020BDE8F08737
:10A74000D4F8C43206F138019F5D98191FBB494601
:10A750001F22E8F3D9F1D4F8C4320C999E19089B52
:10A76000C6F820A0B362099B384673620A9BF36265
:10A770000B9B3363D4F8183743F8351003EBC5024D
:10A780000D9B5360736B01337363D4F8C83243F885
:10A790002580BDE8F08701350E469542D0DB6FF08D
:10A7A0001500BDE8F0872DE9F04107680C46154615
:10A7B0009846D7F8CC02002604E003689C420BD0F0
:10A7C000064600690028F8D111E0002303610EB1AC
:10A7D000306101E0C7F8CC02069B80E83001C3601D
:10A7E0000020BDE8F0816FF01500BDE8F081142075
:10A7F000EDF3C8F00028E8D1F5E7000013B5002319
:10A800000446009321460068194AFFF7CCFF014631
:10A8100058BBD4F888040322164B05F07FFF01468D
:10A8200018BBD4F888040222134B05F077FF0146C9
:10A83000D8B9D4F888040522104B05F06FFF014603
:10A8400098B9D4F8880406220D4B05F067FF01463D
:10A8500058B9D4F8880408220A4B05F05FFF002895
:10A8600014BF4FF0FF30002001E04FF0FF301CBD5F
:10A87000C9A381002DCC8100B12C8200F92E820069
:10A88000FD4E000029FD8100026810B5D2F8CC020F
:10A8900000230EE00468A14209D101690BB11961DE
:10A8A00001E0C2F8CC12EDF37FF0002010BD0346AA
:10A8B00000690028EED16FF01D0010BD41F2E443A5
:10A8C000984208D10023064A9A5A8A4205D0023398
:10A8D000B3F58C7FF7D1002070470120704700BF8F
:10A8E0005C9A02002DE9F043D0F854530021C822AD
:10A8F00087B004462846E8F32FF06423EB85032352
:10A9000085F8603000220123D4F858014FF48051BB
:10A9100039F042D8FF28074605D1236A186919681B
:10A920004DF094D90746236A6F860021A4F8567427
:10A93000204607F46057B3F808801E680CF008DB67
:10A94000B7F5205F05F1380908D0B7F5C05F07D02B
:10A95000B7F5805F14BF0A27142702E0A02700E0A4
:10A9600028270021FF238DE80A00D4F884340290C0
:10A9700003971B7942460493484633465BF07ADAE4
:10A98000236893F84F309A0703D0EB8843F02003F5
:10A99000EB8007B0BDE8F08382B010B514246143AA
:10A9A000D0F8D44203936350059B60184360069B24
:10A9B00002618360049BC360BDE8104002B0704731
:10A9C00030B503680446DB6985B09A6D4068D4F8F9
:10A9D0003C16DB6DF9F738FBC4F83806002800F0A8
:10A9E000DE81204604F068F9C4F8E805002800F08C
:10A9F000D981204605F04AFEC4F88804002800F0FA
:10AA0000D481204603F048F9C4F82801002800F05A
:10AA1000CF81204607F098FBC4F82401002800F0FD
:10AA2000CA81204604F0D6FCC4F89406002800F041
:10AA3000D181204605F08EF8C4F8A406002800F065
:10AA4000CC81204604F0F2FE002840F0C981204667
:10AA500004F04EFF002840F0C381204604F076FF4A
:10AA6000002840F0BD81204604F0D4FF002840F0CB
:10AA7000B781204605F00AF8002840F0B181204651
:10AA800005F020F80546002840F0AA810321D4F8FB
:10AA9000A4060A4605F054F9C4F8BC06002800F0E4
:10AAA000A281D4F8A40602212A4605F049F9C4F887
:10AAB000C006002800F09A812946C04AC04B2046B3
:10AAC0000095019407F084FBBE4B1A1D07CA1B6852
:10AAD0008DE80700082122462046FFF75DFF206829
:10AAE00006F062FA204606F065FFC4F878040028F4
:10AAF00000F07F81204606F0A7FFC4F87C04002800
:10AB000000F07981204607F035F8C4F88004002869
:10AB100000F07381204601F063FEC4F81805002898
:10AB200000F06D81A84B2046C4F8543101F0E8FDD7
:10AB3000C4F83001002800F06481204601F0A0FB39
:10AB4000C4F83401002800F05E81204601F000FDC9
:10AB5000C4F83801002800F05881204601F092FC2A
:10AB6000002840F05581204607F092FBC4F85C01B4
:10AB7000002800F05081204607F06CF9C4F8600806
:10AB8000002800F04A8120682146A2688F4B03F01C
:10AB9000CBFEC4F89802002800F04181204603F063
:10ABA000BBFBC4F86001002800F03B81884B2046C5
:10ABB000C4F82C3105F000FBC4F84401002800F073
:10ABC0003281204607F01EFFC4F84801002800F03B
:10ABD0002C81204605F074FCC4F84C01002800F0DC
:10ABE0002781204602F0D6F8C4F84001002800F082
:10ABF00021812368012283F8A120204604F0EAF88D
:10AC0000C4F89C06002800F01781204607F09EFB40
:10AC1000002840F01381204605F0E4F9C4F8500103
:10AC2000002800F00D81204605F004F9002840F0CE
:10AC30000981204600F03CFEC4F87001002800F0B5
:10AC40000381204603F09AFDC4F87801002800F043
:10AC5000FD80204607F010F8C4F87C01002800F0C1
:10AC6000F880204607F010FFC4F87401002800F0B7
:10AC7000F380204600F0BAFDC4F88401002800F0FB
:10AC8000ED80204603F034FDC4F88801002800F070
:10AC9000E780204607F0BEFFC4F89401002800F0CA
:10ACA000E180204600F06AFEC4F88C01002800F024
:10ACB000DB80204607F070FFC4F89C01002800F0FC
:10ACC000D580204669F094DE60B1204608F036F861
:10ACD000C4F86408002800F0C9802368012283F8C2
:10ACE000322102E0236883F83201204607F08EFA11
:10ACF000C4F8F806002800F0BB80204605F002FBEF
:10AD0000C4F87C06002800F0B580204605F0C4F8A1
:10AD1000C4F88006002800F0AF80204607F03EFC13
:10AD2000C4F8D006002800F0A9802368012283F827
:10AD3000A320204600F0E2FEC4F8A006002800F0A0
:10AD40009F80204603F0D4FFC4F8CC06002800F012
:10AD50009980204603F08AFEC4F8D406002800F04B
:10AD60009380204606F08EFDC4F8DC06002800F033
:10AD70008D80236893F869313BB1204603F09CF83D
:10AD8000C4F8A001002800F08380204605F022FBD3
:10AD9000C4F8F00600280CBF7620002079E04FF4BC
:10ADA000967076E040F22D1073E04FF4977070E0EB
:10ADB00040F22F106DE04FF498706AE01934820071
:10ADC000E5338200389A0200EFBEADDE41FF81001C
:10ADD000EFBEAD0D40F231105BE04FF4997058E0DA
:10ADE00040F2411055E040F2471052E04FF4A47099
:10ADF0004FE024204DE025204BE0262049E02A208A
:10AE000047E0312045E0322043E040F2F51040E0D9
:10AE10004FF4FB703DE035203BE0BD2039E03920A8
:10AE200037E03C2035E03E2033E040F26D2030E05A
:10AE30003F202EE043202CE06A202AE0472028E033
:10AE4000492026E0482024E04A2022E040F2E52084
:10AE50001FE040F2E6201CE04B201AE05A2018E0E8
:10AE60005B2016E05E2014E05F2012E0632010E01B
:10AE700065200EE008480CE067200AE06C2008E03E
:10AE80006E2006E06F2004E0702002E0722000E0F7
:10AE9000732005B030BD00BF50464D00F8B50446E4
:10AEA000002800F0A6800FF099D9D4F8F415D0F15D
:10AEB000010638BF002621B1A068F9F37BF000B984
:10AEC00001362046D4F82C1305F00CDF2046D4F8C8
:10AED000DC1405F007DF2046D4F8341305F002DF58
:10AEE000D4F8400308B1ECF35FF5D4F8980220B130
:10AEF00003F070FD0023C4F89832276AB96911B1D4
:10AF0000204661F09BD80025BD61D4F864325959C0
:10AF100011B1204632F098DA0435202DF5D1D4F85D
:10AF2000580103F0B3FA2046FEF737FFD4F81805AE
:10AF300020B101F031FC0023C4F818352046FEF79B
:10AF400072FF204602F042FA23688619D3F8D41023
:10AF500031B1606802F035FA23680022C3F8D420CA
:10AF60002368D3F8D80028B1ECF31EF5236800223B
:10AF7000C3F8D820D4F8D05204E02846EF68ECF3A8
:10AF800013F53D46002DF8D12146C4F8D052206873
:10AF9000FFF77AFC206818492246FFF756FBD4F8E1
:10AFA000640118B107F09EF8C4F86451D4F89C020B
:10AFB00020B1ECF3F9F40023C4F89C32D4F8F8047F
:10AFC00048B1ECF3F1F40023C4F8F83403E0204670
:10AFD000616815F037D8D4F89422002AF7D104F527
:10AFE000C6600C30F8F7B2FF2046616801F08AF8BD
:10AFF00000E006463046F8BDDD5601002DE9F04F71
:10B0000091B0002491461B9E9DF868200790DDF8C2
:10B0100078B02046099198460892DDF880A00C94FB
:10B020000D940E94E3F792FB484631461C9A1D9B03
:10B03000CDF800B00CF031F8054608B1012376E3F5
:10B04000FEF71AFE0DAB01930EAB02934846314654
:10B050001C9A1D9BCDF800B002F0AEF9074618B956
:10B0600001230C93044688E30D9848B1AA49E8F3FC
:10B070000FF328B129462A46E8F3A6F01FFA80F913
:10B080001F9B3046009341460CAA4B4601F06CF8DA
:10B090000446002800F0898305680E9A46600D9BDF
:10B0A000C5F8DC20D0F88424FF21C5F8D470C5F899
:10B0B000D83082F86010426A0023C261079A0D936B
:10B0C0008260964AC5F80C80C5F8A4206E610E9384
:10B0D000012280F84226D0F8E022C0F8A4B163F340
:10B0E0001722C0F8E022089A414685F8212080F80E
:10B0F000CF31032380F84135FFF7D0F9236804F5F9
:10B10000C662DB696068196E0C32F8F7E2FE07462A
:10B11000002840F032832046394605F007D8204603
:10B1200007993246434606F045FFC4F8640108B962
:10B130000F23FCE27A4B28468DE88800794B7A4948
:10B1400004937A4B7A4A0593234602970397FFF7B5
:10B15000D7FA08B11023EAE2089B1C9A8DE8480050
:10B160001D9B02920393204609994A464346CDF817
:10B1700010B002F01DFA0C90002840F0FE82236906
:10B18000D86FFEF76AFAA4F84006B4F8AA010DF0E9
:10B19000CFD9003018BF01200A3054F820300AA956
:10B1A000236220692FF0FCDF00283DD10A9B07466F
:10B1B000C4F8B03139460FAA204604F0ADDC394658
:10B1C0002046BDF83C20013704F0AADC062FF1D15F
:10B1D0004FF44073C5F8E8302A23C5F8B83032235D
:10B1E000C5F8BC3036234FF47D62C5F8C43040F258
:10B1F000D453A5F8CA20A5F8C0304FF45D720023DF
:10B2000085F8B670A5F8C82084F89437D5F8B8301A
:10B21000842B02D98423C5F8B8304FF40470ECF3C2
:10B22000B1F3C4F89C0208B9142380E24FF404720D
:10B230000021E7F391F322460023D2F8A002D4F8CC
:10B240009C12043241F82300D4F89C1251F82310C8
:10B250008B710133042BF0D1012385F89330236ADD
:10B260001869EEF7A1FF00F0010085F85400236A89
:10B270001869EEF799FFC0F3C00085F8550029461C
:10B28000204607F0EDF92B49D5F8D800E8F3DCF1BA
:10B29000D5F8D42040F26E51936A07468B4208D00D
:10B2A000126B41F26B018A425AD1D12B01D0E92BAA
:10B2B00012D1D4F88434192283F84920D4F8843484
:10B2C0004FF0FF325A64642283F87A20D4F8843431
:10B2D000012283F8302059E0B3F5897F11D8B3F506
:10B2E000887F32D8F52B07D8F42B2ED2E42B2CD024
:10B2F000EF2B2AD0D62B27E0A3F58773012B45D857
:10B3000023E0B3F59A7F17D2B3F5987F1DD840F2AA
:10B310001712934218E000BF839B020000315F07C1
:10B3200001638200EC56010008D68800514F0000EE
:10B33000DD560100899B0200B3F59A7F26D9B3F54B
:10B340009B7F02D9B3F5A57F20D1D4F88434322273
:10B3500083F87A20D4F88434642283F8492010E0FA
:10B3600041F2E4418A4211D140F2DA5293420DD1C6
:10B37000D4F88424642382F87A30D4F8842482F8C0
:10B380004930D4F884344FF0FF325A642046FEF737
:10B39000CDFED4F884341922A3F8AA20204607F061
:10B3A0007FF8D4F88434226A19781069DA784EF07C
:10B3B000D1D8D4F878364FF0010983F83490E16998
:10B3C0002069043103F0D7FD236AD4F884B41869E6
:10B3D0004EF0D8D9CBF8400004F5E47B20695946FB
:10B3E0002EF064DF0622281D5946E7F331F2B4F847
:10B3F000AA010DF09DD8003018BF01200A3054F882
:10B40000203020462362FEF761FF08B918238EE141
:10B41000216A0F2340F2FF32A1F80031A1F8022186
:10B4200001F1F80301F1F402204601F01BFC236A4C
:10B43000D3F8F420C3F8F020C3F8E820D3F8F820BC
:10B44000C3F8EC201A68022A08BF83F8159007F0A9
:10B450000103002B0CBF0323002385F84F30236A20
:10B460001869EEF7A1FE10F40060236806D093F887
:10B470004F2002B1012283F8512001E083F85100EE
:10B48000216A20461C3106F06DDA00212046D4F8EE
:10B4900020900BF05DDD00227F2309F15001009325
:10B4A0000190134609F11C005AF020DD204664F09B
:10B4B0002FDF40F2CC63C4F828362046FFF780FA2D
:10B4C0000C90002840F05981D4F8800402219DF9A5
:10B4D0002C2059F0F9DD20464146FEF797FF10B9C0
:10B4E0004FF47A7323E1204602F0F4FFC4F85801C8
:10B4F00010B940F2E9331AE12046FFF7F3F920468C
:10B50000314614F07FDD10B940F2EB330FE1C4F89F
:10B51000BC05C4F8C0053146204614F073DD10B9EF
:10B520004FF47B7303E10123C4F8C40585F8A83008
:10B53000204602F045FC10B140F2ED33F7E006235F
:10B54000A5F86030A5F8623095F89C30012B04D145
:10B550004022A5F86020A5F86220D5F888300A229C
:10B560001A804FF454725A80D5F88C300126C422C8
:10B570001E805A80D4F830011FF0C8DD08B184F86D
:10B580000E62B4F8E13243F4C05343F01E03A4F852
:10B59000E132236A1869EEF707FEC10607D5D4F831
:10B5A000843401229A74D4F88434FF22DA74B4F813
:10B5B000E1224FF2FF731340D4F88424A4F8E1325F
:10B5C000D278012A07D123F4006323F00C031B0473
:10B5D0001B0CA4F8E132FF260221012284F8E0626C
:10B5E00084F8DF6284F8DE62204603F0BDDB0121CF
:10B5F0003246204603F0B8DB236A4FF0FF38C4F828
:10B6000014821869EEF7D0FD10F00406204605D02C
:10B610000321FEF3C3F684F81C8204E03146FEF3F6
:10B62000BDF684F81C62236A1869EEF7BDFD3A077F
:10B6300002D5002384F81C32FB0603D520460021E6
:10B64000FEF3ACF6BE070ED5A26A002382F84D3099
:10B65000E26A82F84D30B4F8E13223F080031B0433
:10B660001B0CA4F8E132780703D52046002164F0D2
:10B67000D5DF390607D5B4F8E13223F010031B04F7
:10B680001B0CA4F8E13295F84130A3B195F8423093
:10B690008BB117F0600F0ED007F02001D1F101013E
:10B6A00007F0400238BF0021D2F10102204638BF26
:10B6B000002200F00FFFB4F8AA010CF039DF0030CF
:10B6C00018BF012000F10A0654F82670D4F8681259
:10B6D0002046384A3B4660F06FDCB86154F82610CB
:10B6E000886910B940F24C4321E0503128223C30A7
:10B6F000E7F3AEF01420ECF34BF1C4F8300710B9C7
:10B7000040F24D4313E0AB6D204643F00403AB65BC
:10B710000EF078DD2046FFF771F810B14FF4FA63B0
:10B7200005E0204603F0DEF818B140F2D1730C9327
:10B7300023E023682049D3F8D800E7F3A9F770B1D4
:10B740000346184613F8012B1AB11C498A5C5207AC
:10B75000F7D500210A22E7F337F5C4F88406A0687C
:10B760000021F8F3A7F4012384F8A837BAF1000FF9
:10B7700017D00023CAF8003013E00D9820B1ECF385
:10B7800013F100230D930E9314B12046FFF786FBAF
:10B79000BAF1000F04D00C9B0024CAF8003000E07E
:10B7A0005446204611B0BDE8F08F3046394601F0CE
:10B7B00008FEE2E710570100489A02000AA088003C
:10B7C00038B5044670B1056821462868FFF75CF873
:10B7D000286805492246FEF738FF2046BDE8384074
:10B7E000ECF3E2B038BD00BF1657010070B5066A31
:10B7F0008EB005463820ECF3CBF0044600282FD05D
:10B800001B4B056000930023019302930393049361
:10B81000059328681749184A2346FEF771FFF8B9BF
:10B82000164B214600932868154A0223FEF7BBFFFA
:10B830000546A8B929461C2204F10B00E7F38CF059
:10B840003069316807AA4CF025DA234607AAD97A6D
:10B85000AA5C01350A43DA7201331C2DF6D103E0EC
:10B860002046FFF7ADFF002420460EB070BD00BF9C
:10B87000C54F830084E188001657010074E18800F9
:10B880007D4F830038B5044670B1056821462868AD
:10B89000FEF7FAFF286805492246FEF7D6FE204645
:10B8A000BDE83840ECF380B038BD00BF1A57010046
:10B8B00030B5054687B00C20ECF36AF0044600284A
:10B8C0003FD000230560012100930190204A2846C3
:10B8D000204B02F037FA0028606032DB1E4BD5F8AF
:10B8E00094068DE81800052121221C4B03F0F2FB81
:10B8F00038BB1B4BD5F894068DE81800052124228F
:10B90000184B03F0E7FBE0B9174B0190009302904E
:10B9100003900490059015492868154A2346FEF7C0
:10B92000EFFE70B9134B286800932146124A032397
:10B93000FEF739FF28B92A680123A36082F8A930ED
:10B9400003E02046FFF79EFF0024204607B030BDED
:10B950007954830075548300C15583007D5483005E
:10B96000915683009D5483004D558300C0E18800AB
:10B970001A570100A8E18800D154830030B505466C
:10B9800087B000286DD00820ECF302F004460028B0
:10B9900068D000230560142100930190354A2846A1
:10B9A000354B02F0CFF9002860605EDB334B4FF47B
:10B9B00098718DE818006B22D5F89406304B03F08F
:10B9C00089FB002851D12F4B05218DE818006B22EF
:10B9D000D5F894062C4B03F07DFB002845D12B4B6A
:10B9E0004FF490718DE818006C22D5F89406284B1E
:10B9F00003F070FB002838D1264B4FF490718DE88E
:10BA000018006F22D5F89406234B03F063FB00283F
:10BA10002BD1224B0A218DE818006E22D5F894060E
:10BA20001F4B03F057FB00281FD10095D5F8940653
:10BA30000A216E221B4B03F003FEB0B91A4B019092
:10BA40000093029003900490059028681749184AC3
:10BA50002346FEF755FE40B92B68012283F8AC203F
:10BA600000E00446204607B030BD2046EBF39CF7CB
:10BA70000024F7E7215C8300015C8300395E8300CA
:10BA8000555C8300195E8300355C8300595E83003A
:10BA9000815C8300C55E8300C15C8300F15E83002E
:10BAA000ED5C8300E15B8300195D8300D8E18800D1
:10BAB0001E57010010B5044650B1036805491868C7
:10BAC0002246FEF7C2FD2046BDE81040EBF36CB7FE
:10BAD00010BD00BF1E57010010B5044650B10368E9
:10BAE000054918682246FEF7B0FD2046BDE8104023
:10BAF000EBF35AB710BD00BF999B020070B5054625
:10BB000086B00820EBF33EF70446002800F0B98029
:10BB10005F4B05604FF49071009301903022D5F88F
:10BB200094065C4B03F0D6FA002840F0AA805A4BEA
:10BB3000D5F894068DE818004FF49071F422574B15
:10BB400003F0C8FA002840F09C80554BD5F89406C5
:10BB50008DE818000A21F422504B03F0BBFA0028AC
:10BB600040F08F804F4BD5F894068DE818004FF4C5
:10BB70009071A0224C4B03F039FB002840F08180EB
:10BB80004A4BD5F894068DE8180005213022484B21
:10BB900003F0A0FA002874D1464BD5F894068DE83E
:10BBA00018000521F422444B03F094FA002868D1D0
:10BBB000424BD5F894068DE818000521A022404B91
:10BBC00003F014FB00285CD1D5F89406052130223F
:10BBD0003C4B009403F034FD002852D1D5F8940674
:10BBE0000521F422384B009403F02AFD002848D1A7
:10BBF000D5F894060521A022344B009403F0A6FD4D
:10BC000000283ED1D5F89406C0213022304B009454
:10BC100003F016FD002834D1D5F89406C021A022E7
:10BC20002C4B009403F092FD58BBD5F89406C0212C
:10BC3000F422294B009403F003FD10BBD5F89406C1
:10BC40000A21F422254B009403F0FAFC0646C0B901
:10BC50008DE8110001212846214A224B02F072F89A
:10BC6000002860600DDB204B28688DE848001F49E4
:10BC70001F4A23460296039604960596FEF740FD5A
:10BC800018B12046FFF728FF0024204606B070BDFB
:10BC900059638300216383003BA10000D59C000011
:10BCA000E5A000006D6383003D638300996283001B
:10BCB0002161830077A0000031A00000E9628300C9
:10BCC00071618300A96183000D9D00001D628300E6
:10BCD0003D668300556683005D9C00008F9C0000DC
:10BCE0008563830081638300B964830038E2880040
:10BCF000999B02002023402180E80A00C0F8B01080
:10BD0000C16218214FF4F0628163016401651D2155
:10BD10002DE9F04182600B251022C16505210A241E
:10BD2000C2604561856142620425C0F8B8200166A1
:10BD300080224FF4F0714FF480660461C461856223
:10BD4000012409254FF0140C426311270822816653
:10BD50004FF027080321C0F8B43004624466C4647D
:10BD600043658567C0F830C0C2638765C6660667ED
:10BD70004167C0F87C80C0F8A440B024C0F8C0403F
:10BD80004824C0F8C4406024C0F88450C0F88850EB
:10BD9000C0F8C84002253024C0F8E030C0F8F030C8
:10BDA000D3234FF01208C0F88C50C0F89050C0F860
:10BDB0009C50C0F8A050C0F8CC404FF4FA6506245F
:10BDC000C0F8F4300023C0F88080C0F894C0C0F8F8
:10BDD0009810C0F8A810C0F8AC20C0F80021C0F836
:10BDE0000421C0F8D040C0F8D470C0F8D850C0F8D2
:10BDF000DC20C0F8E840C0F8E460C0F8FC30C0F8CF
:10BE0000F810BDE8F08101207047704738B504464E
:10BE1000D0F82C0320B1EBF3C7F50023C4F82C3382
:10BE2000D4F8340320B1EBF3BFF50023C4F8343366
:10BE3000D4F8180730B1236823B1EBF3B5F500232C
:10BE4000C4F81837D4F8C40218B123680BB1EBF367
:10BE5000ABF5D4F8C8020025C4F8C45228B1236851
:10BE60001BB1EBF3A1F5C4F8C852D4F8640208B1D1
:10BE7000EBF39AF5D4F854030025C4F8645218B1D2
:10BE8000EBF392F5C4F85453D4F8140320B1EBF358
:10BE90008BF50023C4F81433D4F8D40208B1EBF3C3
:10BEA00083F500256319D3F8A032D3F8E00008B178
:10BEB000EBF37AF50435102DF4D1D4F8A00208B1D3
:10BEC000EBF372F5D4F8840420B1EBF36DF50023A5
:10BED000C4F88434D4F8DC0420B1EBF365F5002316
:10BEE000C4F8DC34D4F8280520B1EBF35DF5002369
:10BEF000C4F8283538BD10B50C46D1B1C86918B1A1
:10BF0000EBF352F50023E361D4F8880020B1EBF3A2
:10BF10004BF50023C4F88830D4F88C0020B1EBF343
:10BF200043F50023C4F88C302046BDE81040EBF305
:10BF30003BB510BD70B504464FF4B8701646EBF330
:10BF400027F50546A8B14FF48470EBF321F5E861BD
:10BF500078B13146FFF7CEFE4FF45470EBF318F58D
:10BF6000C5F8880028B1C420EBF312F5C5F88C00A1
:10BF700020B929462046FFF7BEFF0025284670BDA0
:10BF80002DE9F0411D4600260368C0F8C46293F80D
:10BF9000B430044638205843EBF3FAF4C4F8C40232
:10BFA000002855D0236893F8B4008000EBF3F0F438
:10BFB000C4F8C80210B940F2F53394E04FF40070B1
:10BFC000EBF3E6F4C4F81807002800F09580C4F8F5
:10BFD00064622020EBF3DCF4C4F8640210B94FF47F
:10BFE0007E7380E0C820EBF3D3F4C4F8540310B997
:10BFF00040F2F23377E04FF4B870EBF3C9F4C4F8D1
:10C00000840410B940F2F9336DE08020666AEBF3E6
:10C01000BFF4B06210B940F2034364E04FF484709F
:10C02000EBF3B6F4C4F82C0310B940F2EF335AE046
:10C030004FF48470EBF3ACF4C4F8340310B94FF44C
:10C040007C7350E01220EBF3A3F4C4F8140310B98E
:10C050004FF47D7347E0B420EBF39AF4C4F8D402B4
:10C0600010B940F2F6333EE04FF46470EBF390F415
:10C07000C4F8A002F0B100F1E403C4F8A43200F562
:10C08000E47300F52B70C4F8A832C4F8AC0226465D
:10C0900004F110072368D6F8A082DB69D3F8D40036
:10C0A0004001EBF375F4C8F8E000D6F8A032D3F8FD
:10C0B000E00010B940F2F73315E00436BE42E9D192
:10C0C0004FF48470EBF364F4C4F8DC0410B940F26C
:10C0D000FB3308E04FF48670EBF35AF4C4F82805FC
:10C0E00020B940F2FF332B60BDE8F0813820EBF33C
:10C0F0004FF4C4F8780610B94FF48163F3E70120D8
:10C10000BDE8F08138B50D46044600282BD0FFF776
:10C110007CFE20462946FFF779FEA06A08B1EBF3C2
:10C1200043F4636A5BB1986A20B1EBF33DF4636A50
:10C1300000229A62606AEBF337F400236362D4F85A
:10C14000780620B1EBF330F40023C4F87836216888
:10C1500021B12846FFF7CFFE002323602046BDE82B
:10C160003840EBF321B438BD2DE9F341064640F6E3
:10C170007400884615461F46EBF30AF4044610B9CE
:10C1800040F2EA3310E02623C0F8E035C0F8E43589
:10C19000089B4146C0F81C373A463046FFF7CAFEB6
:10C1A000206018B940F2EB332B602DE040231A4A8F
:10C1B00080F8B430236812680460C3F898204FF404
:10C1C0000870EBF3E5F3A06240B100F58870E0621F
:10C1D0002C20EBF3DDF3606230B902E040F2F23381
:10C1E000E2E740F2F333DFE72046314642462B4692
:10C1F0000097FFF7C5FE38B12046314642462B4630
:10C200000097FFF700FE20B920463146FFF77AFF7E
:10C2100000242046BDE8FC814404000003680B2292
:10C22000DB69C3F8BC205A619A61704710B50446B7
:10C23000F8B1D0F8500208B1EBF3B6F3D4F8E80245
:10C2400020B1EBF3B1F30023C4F8E832D4F8FC03D7
:10C2500020B1EBF3A9F30023C4F8FC3323680549AC
:10C2600018682246FEF7F1F92046BDE81040EBF3CE
:10C270009BB310BD6E7D890080F8C013704700002D
:10C28000F0B587B00546FFF7C9FF4FF48160EBF3C7
:10C2900079F30446002800F0D48000214FF4816235
:10C2A0004026E6F359F3256084F8E163BC20EBF304
:10C2B00069F3C4F85002002800F0BA800021BC22C3
:10C2C000E6F34AF30123A3726373A373E373A374C6
:10C2D00094F8E13300223F2BE67498BFE374FF2308
:10C2E00084F828300B23227462742273E2720521D1
:10C2F000022284F8DE33002384F8271084F82D20EE
:10C3000041F2285084F82C306085286890F89C0011
:10C31000217501280CBF0120104684F82E00012051
:10C3200084F8C0034FF40060A27560632246214682
:10C330000520D0750220D07723B94FF48070A4F87F
:10C34000E40302E02020A1F8E403013301320231CA
:10C35000082BEDD100260127204641F2285184F810
:10C360002F6084F8307018F0D1DA0221204685F869
:10C37000DA721AF011DE84F8D86304212846324AB2
:10C38000324B0096019401F0DDFCB042C4F8000489
:10C390004EDB042128462E4A2E4B0096019405F0D0
:10C3A00017FFB042606043DB4FF43E70EBF3EAF2FC
:10C3B000C4F8E80200283BD031464FF43E72E6F361
:10C3C000CBF21020EBF3E4F2C4F8FC0300282FD0EA
:10C3D000214B28680093214B21490193214B224A8C
:10C3E00003932346029604960596FEF789F9F8B959
:10C3F0001E4B84F854721A1D07CA8DE807002246A6
:10C400001B6828460721FEF7C7FAFF2384F8DD33AF
:10C410002B68204693F841101BF03CDDC823C4F87C
:10C42000EC3220461BF04AD8202384F8E23308E09F
:10C43000D4F8500208B1EBF3B7F22046EBF3B4F2B4
:10C440000024204607B0F0BD01918300E5908300F1
:10C45000A1918300819183006199830099B7830042
:10C460005CE2880015AA83006E7D8900A09B020013
:10C47000024618B100680249FEF7E7B8704700BFEE
:10C480005D89890010B5044686B00E490E4A2346E0
:10C4900000680AF0F1D90D4B206800930023019346
:10C4A00002930393049305930949064A2346FEF732
:10C4B00027F920B12046FFF7DBFF4FF0FF3006B031
:10C4C00010BD00BF5D89890021CF830015CE830098
:10C4D0004CE3880038B50446D0F834011546FFF720
:10C4E000CBFED4F838012946BDE8384000F02CB81E
:10C4F00010B50446002824D0416969B190F829306C
:10C500001BB103689868F7F355F52368616998686B
:10C51000F7F3BCF500236361A06908B1EBF344F2C3
:10C52000E06918B1EBF340F20023E36123680549A9
:10C5300018682246FEF789F82046BDE81040EBF364
:10C5400033B210BD7686890080F82810704700004D
:10C5500070B5054686B03420EBF314F2044600288B
:10C5600000F0928000213422E6F3F6F140232560AA
:10C5700084F82A305020EBF305F2A06100287BD02C
:10C5800000215022E6F3E8F1012384F8203084F8FA
:10C59000213084F8223084F8233084F8243084F861
:10C5A000253084F8263084F82730237210236372F4
:10C5B00094F82A300F2B98BF63722B6A00261869F3
:10C5C000EDF7F2FD4FF47A73E381C823238200F084
:10C5D0001000012300280CBF0520072084F8283014
:10C5E00003232073E3722046A6721DF0FDDC0421B4
:10C5F0002846274A274B0096019401F0A3FBB0423E
:10C60000206339DB04212846234A244B00960194F9
:10C6100005F0DEFDB04260602EDBA86820492246AE
:10C620003346F7F34BF5606130B34FF4BA70EBF378
:10C63000A9F1E06100B331464FF4BA72E6F38CF130
:10C64000184B28680093184B18490193184B194A46
:10C650000393194B02960493184B05932346FEF758
:10C660004FF8064640B92B68204693F842101DF05B
:10C670006DDC84F8296007E0A06908B1EBF394F160
:10C680002046EBF391F10024204606B070BD00BFB8
:10C6900005DF8300EDDE830061DF830041DF83007F
:10C6A00071E28300DDDF830045E5830088E38800D5
:10C6B00029E18300768689004457010025A3000004
:10C6C0000023037440F6FB63C381704710B5044632
:10C6D00090B11EF025D9606808492246FDF7B5FFE4
:10C6E000E06E08B1EBF360F1206EEBF35DF12046F4
:10C6F000BDE81040EBF358B110BD00BF6E88890053
:10C7000030B5054687B07020EBF33CF104460028B5
:10C7100034D000217022E6F31FF12B68256063609E
:10C720001820EBF32FF1206620B300211822E6F346
:10C7300013F16420EBF326F1E066D8B10021642206
:10C74000E6F30AF10F4A104B0292104A00930023BD
:10C75000019303920493059360680D490D4A2346A3
:10C76000FDF7CEFF30B901236382A3822046FFF795
:10C77000A7FF03E02046FFF7A9FF0024204607B0EB
:10C7800030BD00BFDDF1830095EE830075F08300BE
:10C79000DCE388006E88890070B50446E8B18569DD
:10C7A000C669284600F016F9616C41B1A868F7F334
:10C7B00001F4A868616CF7F369F40023636422460E
:10C7C00030460649FDF741FF28682146FEF75CF830
:10C7D0002046BDE87040EBF3E7B070BD826A890087
:10C7E0002DE9F0433C234FF005090A27D0F80080DB
:10C7F000C0F80435C0F80895C0F8107587B0044635
:10C80000A020EBF3BFF00546002800F0B180002126
:10C81000A0220026E6F3A0F02E70AC61C5F81C80C3
:10C82000284620F0AFDF0421A862554A204633464F
:10C830000096019501F086FAB042A866C0F2988091
:10C84000204600F0E1F80646002840F09180A068FC
:10C850004C492A463346F7F331F46864002800F067
:10C860008780494B40460093484B49490193494BC7
:10C87000494A02932B46039604960596FDF740FF1E
:10C880000346002874D1009029462068434AFDF7EA
:10C890008AFF014600286BD1D4F888040122404B5E
:10C8A00003F03CFF002863D13E4BD4F894068DE89A
:10C8B0001800394601223C4B02F00CFC002857D1ED
:10C8C0003A4B32228DE81800D4F894063946384B9A
:10C8D00002F000FC024600284AD1D4F894064946EA
:10C8E000344B009402F0ACFE002841D1D4F89406F9
:10C8F00049460122304B009402F0A2FE002837D1B5
:10C90000D4F89406494632222C4B009402F098FE4B
:10C9100070BBD4F894064946A422294B009402F037
:10C9200015FF28BBD4F8940649463022254B0094C5
:10C9300002F086FEE0B9D4F89406C0212D22224BE5
:10C94000009402F07DFE98B9D4F8940690212D222F
:10C950001E4B009402F0D6FC50B9D8F8D8001C4900
:10C96000E6F372F64FF47A7390FBF3F36B8103E016
:10C970002846FFF711FF0025284607B0BDE8F083E1
:10C9800001FD8300DD16840009FD8300AD0F8400E6
:10C99000A8E4880089118400826A89006506840001
:10C9A000F9078400F5138400A5118400D9138400CD
:10C9B0009511840091128400C912840055128400DC
:10C9C000791384000D138400A9148400A514840035
:10C9D0006885890038B5D0F81455044675B1084902
:10C9E000024660F0B5D9074922462068FDF72DFEC2
:10C9F0002846EAF3D9F70023C4F8143538BD00BF40
:10CA00001139840066570100F0B5044687B04FF431
:10CA10000A60EAF3B7F7054620B9C4F814054FF0E9
:10CA2000FF3005E100214FF40A62E5F395F7226833
:10CA300005F120032B60002608236B612E61F8218D
:10CA4000D36520467B4A7C4B0096019405F0C0FBE1
:10CA5000B042A86105DA2046FFF7BCFF6FF0010085
:10CA6000E6E0764B002243F8042BF2071FD5744909
:10CA700001270A780D2A07FA02FE03DCD21917FAF9
:10CA800002F001E04FF40040CA78012111FA02F7E8
:10CA90000D2A47EA0E0747EA000003DC521811FA94
:10CAA00002F201E04FF40042024343F8042CB007C5
:10CAB00023D5634901274A7853F804EC0D2A07FA75
:10CAC00002FC03DCD21917FA02F001E04FF4004037
:10CAD0008A78012111FA02F70D2A47EA0C0747EA82
:10CAE000000003DC521811FA02F201E04FF4004298
:10CAF000024342EA0E0243F8042C710723D5504941
:10CB000001270A7953F804EC0D2A07FA02FC03DC2A
:10CB1000D21917FA02F001E04FF400404A790121DE
:10CB200011FA02F70D2A47EA0C0747EA000003DC76
:10CB3000521811FA02F201E04FF40042024342EAB5
:10CB40000E0243F8042C320723D53D4901278A7988
:10CB500053F804EC0D2A07FA02FC03DCD21917FA89
:10CB600002F001E04FF40040CA79012111FA02F706
:10CB70000D2A47EA0C0747EA000003DC521811FAB5
:10CB800002F201E04FF40042024342EA0E0243F88F
:10CB9000042C0136102E7FF465AF2A4B002103933D
:10CBA0002068294A23460091019102910491059140
:10CBB000FDF7A6FD70BB0121D4F888040A46234B7B
:10CBC00003F0ACFD48BBD4F8880401210222204BBD
:10CBD00003F0A4FD20BB1F4BD4F894068DE8180089
:10CBE000802105221C4B02F0F3F9E0B91B4B1A1D02
:10CBF00007CA8DE807002046032122461B68FDF77F
:10CC0000CBFE20461649224660F09CD870B9C4F885
:10CC100014550DE06FF003000AE06FF0040007E028
:10CC20006FF0050004E06FF0060001E06FF008000F
:10CC300007B0F0BDC5388400453884007465010034
:10CC400060E188000D32840066570100CD2F84001A
:10CC500009368400F9398400FD318400B09B02005C
:10CC60001139840070B51E468B89154642F2560272
:10CC700093420C4608D842F2550293422DD242F21A
:10CC80005002934229D108E042F2600293421AD046
:10CC90004EF2F542934220D11AE0CB89012B04D108
:10CCA0006FF03B032B600F2303E06FF045032B6015
:10CCB000142333600368D3F88030D90412D52B686D
:10CCC000023B2B600EE06FF04A032B600F2308E05D
:10CCD0006FF095032B60962303E06FF04A032B60FF
:10CCE00014233360D4F8080130B300214022E5F367
:10CCF00033F6D4F8082180231370D4F8082129686A
:10CD00005170D4F808219370D4F808313268DA7081
:10CD1000D4F80831BF221A71D4F8083100225A71B0
:10CD2000D4F808310322DA8046221A810A225A8175
:10CD300001229A810A22DA81D4F80C0128B100215B
:10CD40001022BDE87040E5F307B670BD10B504468B
:10CD5000E0B103680E4918682246FDF776FCE368E7
:10CD600033B1214651F80C3BD3F83C06F7F712F9E2
:10CD7000A36833B1214651F8083BD3F83C06F7F7D6
:10CD800009F92046BDE81040EAF30EB610BD00BF19
:10CD9000969F890070B5054686B01020EAF3F2F53B
:10CDA0000446002837D000211022E5F3D5F5D5F848
:10CDB0003C06E421194A04F10803F7F7DFF830BB19
:10CDC000D5F83C06E821164A04F10C03F7F7D6F82B
:10CDD0000646E0B98DE8110004212846114A124B9D
:10CDE00005F0F6F90028606011DB104B286800930D
:10CDF0000F4B10490193104B104A039323460296A0
:10CE000004960596FDF77CFC08B9256003E02046F2
:10CE1000FFF79CFF0024204606B070BD6B57010051
:10CE200071570100DDBD84009DBD840075B684008E
:10CE300051BE840050E6880079B68400969F890030
:10CE400001207047012970B50E46144607D1174BD3
:10CE500003211046D3F8B8300A46984770BD19BB75
:10CE6000124BD3F8C050FFF7EBFF31460246204685
:10CE7000A847204601213246A847204602213246D3
:10CE8000A847204603210122A84720464FF481717C
:10CE90000122A84720464FF480713246A847204619
:10CEA00040F201113246A84770BD00BF10A78800AC
:10CEB000806C20381F2805D8802333FA00F000F05A
:10CEC0000100704700207047C16FB0F84E3010B5B8
:10CED0008A6AB3B1FF2B16D9180B0138012814D870
:10CEE00003F47060000A09280FD878B103F0F0004D
:10CEF00090280AD803F00F0009288CBF00200120D9
:10CF000004E0184602E0012000E000200C6B41F232
:10CF1000E4418C4215D1A2F582610739012903D879
:10CF20003F2B98BF002010BD40F20C418A4207D031
:10CF300040F221418A4204D1502B98BF002010BDFD
:10CF4000002010BD90F8763010B504463BB9044B74
:10CF500004491A682CF03CDA012384F8763010BDBD
:10CF600078B802007CB8020070B50C46054616463B
:10CF700008460A220021E5F3EFF463881E432B6D77
:10CF80006680980603D5238843F480632380D5F810
:10CF9000943042F25002198C914205D15B8C052BE2
:10CFA0009CBF46F00406668070BD0000D0F880008B
:10CFB0000149E6F36DB300BF119C020010B50446B1
:10CFC0000C20EAF3DFF4C4F80C0138B10C22002184
:10CFD000E5F3C2F4D4F80C3110229A7210BD10B5EA
:10CFE0000446D0F80C0120B1EAF3DEF40023C4F8C3
:10CFF0000C3110BD70B5064605460024686938B18D
:10D00000064B1B6898473046214600223BF03ADE2B
:10D0100001340435062CF1D170BD00BF10A7880083
:10D020002DE9F043046985B00546EC20A66FEAF3CC
:10D03000A9F43062002875D01020A66FEAF3A2F49C
:10D04000706200286ED0002637460F216846384AA5
:10D050003346E5F3E7F4D4F880006946E6F318F3C5
:10D0600008B10137BFB2013640F2F1339E42ECD134
:10D0700037B9D4F880002F49E6F30AF3002843D0EB
:10D08000B8000630EAF37EF4C5F85C06002849D003
:10D090000023838000260F216846254A3346E5F3A6
:10D0A000C1F4D4F880006946E6F3F2F298B1D5F8FD
:10D0B0005C866946D4F88000B8F80490E6F3C4F2C0
:10D0C00008EB89031881D5F85C369A8803EB820156
:10D0D0000132CE809A80013640F2F1339E42DAD19D
:10D0E000D4F880001349E6F3D3F2D5F85C6650B16A
:10D0F000D4F880000F49E6F3A7F2D5F85C36012298
:10D1000070801A7000E03070A36F586A60B101231C
:10D1100003808380C38003810223438104238381AE
:10D12000002001E06FF01A0005B0BDE8F08300BFF9
:10D13000629C02006F9C02002DE9F04F0568C668F2
:10D140002B688FB0DF6900230446009388460BA844
:10D150000921944A3346E5F365F4D4F81490B9F103
:10D16000000F40F01081D4F888103A6801F5007182
:10D17000E06FD4F808A00992D7F804B0FAF798FE47
:10D180000146A868FCF776FD002800F0058109211A
:10D19000844A0BA83346CDF80090E5F343F4E26FE0
:10D1A000D4F88810B8F1000F02D001F5007300E048
:10D1B0004346099801F50871B8F1000F08BF002037
:10D1C00001900091CDF808B0B9684FF0FF39039194
:10D1D000CDF81090F968DFF8DC810591D5F8E015FD
:10D1E000504606910BA9CDF81C80FAF7D1FC0546F4
:10D1F000002800F0D1802A466B4B20460021FFF723
:10D2000021FE2A46204600213BF03CDD0025092175
:10D21000644A33464FF0010B0BA8CDF800B0E5F39C
:10D2200001F400953A68D4F88830019250460BA971
:10D23000E26F03F5107302950395CDF810900595F4
:10D240000695CDF81C80FAF7A3FC0746002800F0ED
:10D25000A4803A46544B20462946FFF7F3FD594631
:10D260003A4620463BF00EDD4FF0020B09214D4AB5
:10D2700033460BA8CDF800B0E5F3D4F3099AD4F8FF
:10D280008830019250460BA9E26F03F52073009598
:10D2900002950395CDF8109005950695CDF81C8064
:10D2A000FAF776FC0746002877D03A463E4B2046F0
:10D2B0002946FFF7C7FD59463A4620463BF0E2DCD7
:10D2C0004FF0030B0921374A33460BA8CDF800B0C5
:10D2D000E5F3A8F3099AD4F88830019250460BA9D7
:10D2E000E26F03F53073009502950395CDF8109029
:10D2F00005950695CDF81C80FAF74AFC07460028EC
:10D300004BD03A46284B20462946FFF79BFD3A462C
:10D31000204659463BF0B6DC042733460921214A12
:10D320000BA80097E5F37EF3099AD4F888300192B0
:10D3300050460BA9E26F03F54073009502950395E3
:10D34000CDF8109005950695CDF81C80FAF720FCD5
:10D35000064608B3324620462946134BFFF772FDB6
:10D360003246204639463BF08DDC2646706930B1A6
:10D370000E4B0F49D3F88C309847C6F8C0000135E2
:10D380000436062DF2D1D4F894102046083100223C
:10D39000FFF7EAFD012700E0074638460FB0BDE879
:10D3A000F08F00BFE29B0200F05D010010A7880033
:10D3B000D4318900C403000010B5BDE81040FCF76B
:10D3C0007DBA11B10846FCF721B87047F8B5046979
:10D3D0000546002C42D0E06F08B1FCF74DF820461E
:10D3E000FFF708FED4F89460B4F846000BF0A0D81C
:10D3F000706A28B103F04BFC00230746736200E01B
:10D400000746D4F8900003F021FC00263F18D4F81A
:10D410008C0004F0D9F92046C4F88060E667FFF775
:10D42000DEFDD5F85C0618B1EAF3BEF2C5F85C661D
:10D43000A36F186A20B1EAF3B7F2A36F00221A6251
:10D44000A36F586A20B1EAF3AFF2A36F00225A62C9
:10D45000204601F03BFD00232B6100E027463846C3
:10D46000F8BD0000F0B587B04FF4803500210423EB
:10D4700003AA0446D0F8887000952CF05BDC234B9F
:10D4800006AE46F8083D00210423204632460095AA
:10D490002CF09CDC0423002105AA204600952CF0EA
:10D4A00049DC049B059A9A422AD1194B0021049326
:10D4B00020460423324600952CF088DC042300210A
:10D4C00005AA204600952CF035DC049B059A9A426B
:10D4D00016D104230021204603AA00952CF076DC07
:10D4E0000023C7F88C31D7F82031B3F1042F09D0CD
:10D4F0000848C0EB030CDCF1000040EB0C0002E03C
:10D50000002000E0012007B0F0BD00BFAA5555AAD9
:10D5100055AAAA5500040084224B70B54FF0006153
:10D52000002603660A464666044605682DF0C6DDF9
:10D530004FF08073C4F820310323A4F8A8300223ED
:10D54000A4F8AA300723A4F8A4300423A4F8A63032
:10D5500041F2010384F8A260A4F8BC304FF41673C2
:10D56000A5F810362B6893F89C20012A0CBF0C22DA
:10D570000622A5F80E2693F864211AB1226E42F015
:10D580008072226693F89C20074812F1FF3218BF80
:10D5900001220649E5F306F2FF2384F83431012322
:10D5A000637470BD60A8E7B8785701007875020011
:10D5B0002DE9F04F97B09B464FF0000916AB8A4615
:10D5C000174643F8049D21995A46054601F097FCF9
:10D5D0000446002800F01D839DF880302861037404
:10D5E0002B6840F61201D3F8D400D3F8D860D3F8F2
:10D5F000DC304A46C4F88430E067C4F88060F0F359
:10D6000021F0C4F888008046E860E06FEFF380F214
:10D61000A0642046FFF780FF30469749E6F338F0D4
:10D6200028B149464A46E5F3CFF51FFA80FA30465D
:10D630009249E6F32DF048B100210A46E5F3C4F51E
:10D640004FF6FF7380B2984218BF074650463946DE
:10D65000FDF734F908B90C23DAE28949A4F844A0AB
:10D66000A4F846703046E5F3EFF78649C4F8600148
:10D670003046E5F3E9F7C4F86401B4F846000AF06F
:10D6800057DF003018BF0120263054F82030B4F89E
:10D690004600C4F894300AF04BDF003018BF012078
:10D6A0000A3055F8203020462B62FFF701FC08B9FC
:10D6B0000D23ADE2E06FEFF3E5F1E06FEFF39CF6E1
:10D6C000204600212BF0B0DB20464FF0FF312CF03C
:10D6D00021DC2046FFF7C6FE08B90E2398E230464B
:10D6E0006949E5F3B1F7FF2808BF0120A4F84E000F
:10D6F0002046FFF7E9FB08B90F2389E2634930466A
:10D70000E5F3A2F7624984F84C003046E5F39CF754
:10D71000604920653046E5F397F794F84C30606532
:10D720000B2B05D930465C49E5F38EF7C4F8500160
:10D730005A493046E5F388F7594984F835013046AF
:10D74000E5F382F784F836012B6893F86A312BB140
:10D7500030465449E5F378F7C4F85401524930464D
:10D76000E5F372F7514984F858013046E5F36CF758
:10D77000E36F41F26B02196BA4F86801914220D16A
:10D780009B6A4E2B08D1B4F84E30402B19D9236D2B
:10D7900043F00203236514E0E42B04D1B4F84E30C7
:10D7A000B3F5A85F06E0EF2B0BD1B4F84E2041F2A1
:10D7B00001239A4205D8236D43F480032365002397
:10D7C00063653B493046D4F85C71E5F33DF7394970
:10D7D00038603046D4F85C71E5F336F73649786046
:10D7E0003046D4F85C71E5F32FF73449B860304621
:10D7F000A76FE5F329F73876A36F1A7E012A01D0C7
:10D8000003221A76236D990604D5012120460A4683
:10D810002DF0F6D8D4F880002949E5F339F720B186
:10D82000D4F880002649E5F30FF781462549D4F85E
:10D830008000E5F32DF720B1D4F880002149E5F30D
:10D8400003F707462049D4F88000E5F321F720B11B
:10D85000D4F880001C49E5F3F7F62B6893F82821EB
:10D86000BAB3226D920504D5B9F1000F01D007B10A
:10D8700060BB00222BE000BF259C0200B49C02008C
:10D880004C9C0200579C0200AB9C0200BA9C020018
:10D89000069C0200869C02009F9C0200CC9B02001A
:10D8A000D79B0200799C0200369C0200C29C0200B9
:10D8B000419C02002C9C0200C09B0200ED9B0200D8
:10D8C000199C0200F29B0200929C0200012283F844
:10D8D00028212B6893F8692132B1226D12F00102E0
:10D8E00018BF012283F86921B4F846200123C4F847
:10D8F000B830B4F844002B68A5F8AA21E26FA5F867
:10D90000A801C3F8D420A26C1A6194F84C2083F8C3
:10D910007C202B68226DB4F84E00C3F88020626D25
:10D92000A3F87A00C3F8842094F84C2020460B2AF0
:10D9300084BFD4F85021C3F84821D4F8B820012777
:10D9400083F83D705A62A9682A4603F02BFFC4F899
:10D950008C0008B919235BE1219AE36F0292A26C53
:10D9600004900692B4F84620B4F84400ADF82A209A
:10D97000DA6B03930B921A6CADF828000C925A6C78
:10D9800002A80D9294F84C20CDF814B00E929A6A29
:10D9900009960F92B4F84E2010921A6B1192226DD4
:10D9A0001292626D13925A68DB680792089303F033
:10D9B000AFFAC4F8900008B9102329E12623C5F86E
:10D9C000E035C5F8E4354FF4FF73C4F83831B4F8E6
:10D9D00046000AF0ADDD10F1000918BF4FF0010953
:10D9E000494620462EF0FCD8B9F1000FD4F8943007
:10D9F0000CBF02220122C3F804901A602B6A14BFE4
:10DA000001220222C3F804901A60E06FD5F81C903E
:10DA1000EFF376F0D8F85C31C9F8000023F000434A
:10DA20007E4AE3662367A36C0C2101FB0323303B92
:10DA3000C4F8D830204639462BF0ACDDD4F89490A9
:10DA4000D4F890004146D9F80020334603F066F937
:10DA5000C9F8240008B91123DAE04FF0FF3120465D
:10DA60002DF04EDAD4F89430E16E586A03F00CF9D8
:10DA7000D4F8943003F12202009203F11C0103F167
:10DA80001E02586A203303F0ECF8D4F89480D8F8DA
:10DA9000240003F0F4F888F82800D4F89430D5F87E
:10DAA0002080586A03F0EBF888F81400D4F89480CA
:10DAB000D8F8240003F0E6F8D4F89430C8F8180039
:10DAC000DA8B37FA02F1C90701D41223A0E0296AE0
:10DAD000586A0861988B4A8108811A8C588C8A810F
:10DAE000C8810F2240F2FF30D8829A822046394600
:10DAF000FFF722FB08B913238AE02B6893F86931FA
:10DB0000002B32D0002120462BF0F6DF304644496E
:10DB1000A76FE5F399F5236DC0B2DA07386020D519
:10DB2000636D1B061DD4E36F9A69900002D5DA6914
:10DB3000D10704D5DB69DA0701D4580711D5E36EA4
:10DB400099000ED530463649E5F3A2F530B1344997
:10DB50003046E5F379F5C1B2204604E020460821BD
:10DB600001E0204600212BF073DDE06FEBF358F469
:10DB700020462DF017DF0094E06F2A492A4A00233F
:10DB8000FBF76CFC204600212DF0EEDE2046FFF76F
:10DB90000DFA08B915233BE004F1FC063146E5F324
:10DBA000A9F13046E5F338F518B93046E5F340F50C
:10DBB00008B116232CE02046FFF700FA2846A16C96
:10DBC00001F0E2F92B68DA69526AC5F84425013A96
:10DBD00085F84225D3F89800A8B103789BB1134982
:10DBE0002246E5F3C7F62B681149D3F89800224680
:10DBF000F9F78AFE606930B12B68D3F898100D4BA5
:10DC0000D3F8B03098472846FFF70AFA10B11B2323
:10DC10001593159817B0BDE8F08F00BF005E0100A6
:10DC2000FD9B020001DC840015DC84005DD98400CA
:10DC3000BDD9840010A7880010B50446002828D05C
:10DC40000368144918682246FCF7FFFC236A1BB1DD
:10DC500004F12000E4F396F0E3691BB104F11C0029
:10DC6000E4F390F0A3691BB104F11800E4F38AF027
:10DC700063691BB104F11400E4F384F023691BB160
:10DC800004F11000E4F37EF02046BDE81040E9F313
:10DC90008BB610BD8A570100036830B5DB690546B5
:10DCA000586D87B000012430E9F372F6044600286D
:10DCB00038D0034643F8245BC36004F11001D5F863
:10DCC0003806E4F349F068BBD5F8380604F11401CE
:10DCD000E4F342F030BBD5F8380604F11801E4F360
:10DCE0003BF0F8B9D5F8380604F11C01E4F334F040
:10DCF000C0B9D5F8380604F12001E4F32DF088B955
:10DD00004FF4856363600B4B019000930A4B0390C3
:10DD100002930490059009492868094A2346FCF7B4
:10DD2000EFFC18B12046FFF787FF0024204607B01C
:10DD300030BD00BFC10B85007513850080E68800EB
:10DD40008A570100F0B5D0F828410068A568C0697D
:10DD5000406D854211D2E7682E01B8194360059BDA
:10DD600001358360069BBA51C3606068A560C31C1F
:10DD7000591821F003016160F0BD6FF01500F0BD8E
:10DD8000D0F828311869E3F3C3B7D0F8280110B1EF
:10DD90000069E4F31FB07047D0F82831D869E3F385
:10DDA000B7B7D0F82831D869E4F314B0D0F82831E7
:10DDB000186AE3F3ADB7D0F82831186AE4F30AB073
:10DDC00073B505462EF058DC0446B8B12B684FF009
:10DDD0000052C5F86802009293F82F20284601925D
:10DDE0002146002204332EF0D3D9064650B92846E6
:10DDF00021462FF0B1DB064620B901E06FF01A068C
:10DE000030467CBD284621462FF01EDBF8E7F8B5EA
:10DE10001F4603680D461E691146D6F88000144659
:10DE2000E5F32AF440B3B84224D121460022D6F8C3
:10DE30008000E5F315F4287021460122D6F8800011
:10DE4000E5F30EF4687021460222D6F88000E5F36F
:10DE500007F4A87021460322D6F88000E5F300F409
:10DE6000E870D6F8800021460422E5F3F9F3287122
:10DE70000120F8BD4FF0FF30F8BD000038B5044672
:10DE8000B8B103680B4918682246FCF7DEFB606BEB
:10DE900008B1E9F389F5D4F880000025656318B16D
:10DEA000E9F382F5C4F880502046BDE83840E9F334
:10DEB0007BB538BD915701002DE9F04105698CB063
:10DEC00007468420E9F364F50446002800F0D28177
:10DED00007603C20E9F35CF58046002800F0CA8129
:10DEE0003B69012680F8386080F8396043603B6AFE
:10DEF000046031461869ECF77EFAD8F80430B64968
:10DF0000D3F88000E5F3A0F3D8F80430C8F8140083
:10DF1000B249D3F88000E5F397F3D8F80430C8F895
:10DF20001800AF49D3F88000E5F38EF3D8F8043039
:10DF3000C8F81C00AB49D3F88000E5F385F3D8F8A6
:10DF40000430C8F80800A849D3F88000E5F37CF352
:10DF5000D8F80430C8F81000A449D3F88000E5F3DD
:10DF600073F3A34BC8F80C00C4F880800093A14B56
:10DF7000A1490193A14BA24A0293A24B0393A24B46
:10DF80000493A24B059338682346FCF7B9FB8046FF
:10DF9000002840F06F8184F82C003B699C49D3F83D
:10DFA0008000E5F351F384F86F003220E9F3F0F4D8
:10DFB00007466063002800F05D8141460A2206A8FA
:10DFC000E4F3CAF40C238DF8193099238DF81A3034
:10DFD000A6238DF81B3008238DF81E30B7238DF84B
:10DFE0001F30E2238DF820308A4AC4238DF8213077
:10DFF0008DF818608DF81D601068516809AB03C377
:10E00000128985491A80854B3E70A363844B84F83E
:10E010005A80E363636B9E71D5F88000E5F338F3B3
:10E02000002800F093807C49D5F88000666BE5F30A
:10E030000BF370707B49D5F88000666BE5F304F351
:10E04000B0707949D5F88000666BE5F3FDF2F070A9
:10E050007649D5F88000666BE5F3F6F230717449C5
:10E06000D5F88000666BE5F3EFF270717149D5F871
:10E070008000666BE5F3E8F2F0716F49D5F8800037
:10E08000666BE5F3E1F2B0716C49D5F88000E5F319
:10E09000DBF284F844006A49D5F88000666BE5F34A
:10E0A000D3F230726749D5F88000666BE5F3CCF2A5
:10E0B0007072616B05230A31634A2046FFF7A7FEA1
:10E0C000616B05230F3186B2604A2046FFF79FFE41
:10E0D000616B0523143136185D4A2046FFF797FE21
:10E0E000616BB6B21931052336185A4A2046FFF73C
:10E0F0008EFE616BB6B236180B7AB6B2B34225D13A
:10E100001E310523544A2046FFF781FE616B05232B
:10E11000233186B2514A2046FFF779FE616B052311
:10E12000283136184E4A2046FFF771FE616BB6B2B1
:10E13000052336182D3120464A4AFFF768FE636BE7
:10E14000B6B236185B7AB6B2B34225D0626B002302
:10E150005370626B0C219370626BD370626B1171A0
:10E16000616B02224A71A86F616B0068C871616BB4
:10E170000A72616B4A72606B812284F8402006A9A2
:10E180000A2284F841300A30E4F362F3606B09A993
:10E190001E300A22E4F35CF3626BAB6FD27900218C
:10E1A0001A6004F14D000822E4F3D6F3002384F84A
:10E1B000583084F85930A4F85630D5F880002A49F0
:10E1C000E5F366F2002851D0D5F880002649E5F342
:10E1D0003BF284F85F0051E0E49D0200D19C020014
:10E1E000FA9C02000A9E0200629D0200D09D02007D
:10E1F0005128850085DA0000A4E68800E12B85001F
:10E2000091570100D52B8500A45701006DD3000064
:10E21000989E02003B380100479E020011278500AE
:10E2200089278500919D0200319E02001B9E0200FD
:10E23000F39D0200E29C0200A89D02004E9D020098
:10E24000819D02003D9D02000D9D02001D9D02006A
:10E250002D9D0200719D0200549E0200659E0200E9
:10E26000769E0200879E0200BD9D0200BA2384F8BC
:10E270005F3003E02046FFF701FE002420460CB08B
:10E28000BDE8F08130B5044685B0002840D0D0F814
:10E29000201131B103689868F5F3F8F60023C4F84B
:10E2A000203123681A6892F82F2022B3D3F8240172
:10E2B00001A900225EF0A2DA0FE043685A060CD5ED
:10E2C000D4F83051451904E00368C5F81031E9F37A
:10E2D0006BF3D5F810010028F6D1236801A9D3F813
:10E2E00024015EF0A1DA0028E7D104E00368C4F855
:10E2F0004431E9F359F3D4F844010028F6D12368F6
:10E30000044918682246FCF7A0F92046E9F34CF3CB
:10E3100005B030BD5DB3890030B5054687B04FF418
:10E32000A670E9F32FF30446002875D000214FF4BE
:10E33000A672E4F311F33C4B256000933B4B3C4A3F
:10E3400001930023029303920493059328683949AB
:10E35000394A2346FCF7D4F900285DD12B6A1A68A4
:10E36000022A05D15B7D002B0CBF1623302300E071
:10E37000302322184430B0F5887F1374EED1A8689A
:10E380002E492A460023F5F399F6C4F82001002807
:10E3900042D04FF47A7345F27352C4F81C31A4F89A
:10E3A0003C2100234622C4F84431A4F83E212846EB
:10E3B0008DE828004FF48A71214A224B03F008FFB0
:10E3C0000028C4F8300127DB1F4BD5F894068DE8F0
:10E3D00018000521B0221D4B00F008FFE0B91C4BCE
:10E3E000D5F894068DE818000521B222194B00F0EB
:10E3F000FDFE88B9D5F894060A21B022164B009488
:10E4000001F0A4F940B9D5F8C006B021134A144B65
:10E41000009401F005FC18B12046FFF733FF0024FB
:10E42000204607B030BD00BF9150850011658500C2
:10E43000654E850018E888005DB389005549850060
:10E4400011568500ED558500955D8500E94A8500EA
:10E45000D15C8500514A850095538500854E850025
:10E46000994E850010B5044630B133F091DE204658
:10E47000BDE81040E9F398B210BD10B50446242061
:10E48000E9F386F200B1046010BD000010B5044647
:10E49000E0B143680E4918682246FCF7D6F8D4F874
:10E4A0003C01FFF7DFFFD4F83401FFF7DBFFD4F8BE
:10E4B0009C0008B1E9F378F2D4F8940008B1E9F3CC
:10E4C00073F22046BDE81040E9F36EB210BD00BF04
:10E4D000BC5701002DE9F041754B00271F60754BBB
:10E4E000056888B006461F604FF4A070E9F34AF251
:10E4F0000446002800F0D78039464FF4A072E4F3B8
:10E500002BF284E860003046C6F85841FFF7B5FFAB
:10E510008046C4F8340130B13046FFF7AEFF804684
:10E52000C4F83C0120B92046E9F33EF24446BAE083
:10E530007F21042204F14400E4F30EF27F2104223F
:10E5400004F17000E4F308F2042207A83946E4F36A
:10E5500003F2336893F87C20D3F8D800012A13D94A
:10E560005549E5F395F0014658B107A80322E4F3B5
:10E57000CBF207A8042137F0B7D990B107A84F49CB
:10E580000CE007A84E4909E04E49E5F35DF0092883
:10E59000034606D84C4907A801EB83010322E4F3A4
:10E5A000B3F2032207A904F10800E4F3ADF23368E3
:10E5B0004649D3F8D800E5F347F0D5F8D43041F216
:10E5C0006B02196BE06091420ED19B6A8B2B01D0DC
:10E5D000902B09D1022807D107A83D490422E4F372
:10E5E0006FF208B90323E360D5F8D43041F26B022F
:10E5F000196B91420DD19B6A932B0AD107A835491B
:10E600000422E4F35DF220B9E368042B01D1062370
:10E61000E360D5F8D43041F26B02196B914218D106
:10E620009A6A40F235139A4213D107A82A49042264
:10E63000E4F346F258B107A828490422E4F340F273
:10E6400028B107A826490422E4F33AF208B91323B3
:10E65000E3600025EAF786FF35F058DF07A90422BA
:10E66000C4F89450C4F89850C4F89C50C4F8A05012
:10E67000C4F8A45084F8F450204633F0C3DE194B9C
:10E6800030688DE828001849184A234602950395FA
:10E6900004950595FCF734F828B12046C6F8585182
:10E6A000FFF7F4FE2C46204608B0BDE8F08100BF1D
:10E6B000B4650100B8650100A89E0200BF570100C3
:10E6C00041B58900AE9E020094E98800B19E020027
:10E6D000C257010068EB880078E9880080E988006B
:10E6E00084E98800F16D85003CE98800BC57010091
:10E6F00030B5054687B00C20E9F34AF10446D0B1A5
:10E70000114B05604FF49071009301900722D5F8EA
:10E7100094060E4B00F0DEFC80B90D4B0190009387
:10E7200002900390049005900A4928680A4A2346FB
:10E73000FBF7E6FF10B9204607B030BD2046E9F3ED
:10E7400033F10024F7E700BFC19D8500299B8500B8
:10E75000659B8500ECED880034590100036810B515
:10E760000446054918682246FBF76FFF2046BDE8BE
:10E770001040E9F319B100BF3459010070B50546E6
:10E7800086B00C20E9F304F10446002863D005604C
:10E790000026019004212846334A344B0096FFF7A7
:10E7A000D1FAB042606059DB04212846304A314B2F
:10E7B0000096019403F00CFDB042A0604EDB2846A9
:10E7C0002D492246FFF7DCFA002847D12B4BD5F81C
:10E7D00094068DE818004FF490712522284B00F024
:10E7E00079FC00283AD1274BD5F894068DE818001B
:10E7F0004FF490713C22244B00F06CFC00282DD18A
:10E80000D5F8940605219C22204B009500F036FF98
:10E81000002823D1D5F89406802125221C4B009492
:10E8200000F070FDD0B9D5F8940680213C22194B38
:10E83000009400F067FD88B9174B01900093174BC7
:10E84000039002930490059015492868154A2346C1
:10E85000FBF756FF10B9204606B070BD2046E9F31D
:10E86000A3F00024F7E700BF51A3850011A38500A2
:10E8700059A7850045A78500CDA38500E5A985009A
:10E88000F1A3850015AA850019A4850031A2850091
:10E89000D1A28500F1A2850009A58500E1A9850026
:10E8A00028EE880050B9890038B50568044622462C
:10E8B00028680649FBF7C9FE284605492246FFF7A6
:10E8C00064FA2046BDE83840E9F36EB050B98900DB
:10E8D000CDA38500024602490068FBF7B6BE00BF23
:10E8E0003A59010030B50D4B87B000930023044620
:10E8F000019302930393049305930949094A23461C
:10E900000068FBF7FDFE002814BF4FF0FF3500251F
:10E91000204638F071D8284607B030BDA1B0850038
:10E92000445901003A5901002DE9F043064687B0E9
:10E9300038200F4691469846E9F324F00446002813
:10E9400038D000213822E4F307F0D7F83C06402104
:10E950001A4A04F12003F5F711FB054620B12046C1
:10E96000E9F322F0002425E0154BC4F81C80A760D1
:10E97000C4F80C9026611349009301900290039013
:10E9800004900590234630460F4AFBF7B9FE034634
:10E9900060B9E0680D492246F5F390F30546A061A1
:10E9A00040B920690A492246FBF74FFE2046E8F3AA
:10E9B000FBF72C46204607B0BDE8F08314C689005B
:10E9C000EDB4850058EE8800B89E02004DB5850074
:10E9D0005C59010010B5044638F042DA0F4920694D
:10E9E0002246FBF732FEA16961B1237D23B1E068C5
:10E9F000F5F3E0F200232375E068A169F5F346F32F
:10EA00000023A361A36804F12001D3F83C06F5F7C5
:10EA1000C1FA2046E8F3C8F7002010BDB89E0200F6
:10EA200010B50446C0B122460C494068FFF7C3F94F
:10EA3000224660680A4903F00EFE224660680949D2
:10EA4000FFF7A3F9A06808492246FBF7FEFD204620
:10EA5000BDE81040E8F3A8B710BD00BF21BF850096
:10EA600081C5850029BB85006359010070B5054645
:10EA700086B01820E8F386F70446002800F0E98005
:10EA800000211822E3F368F72B680022A360AB682B
:10EA90006560E3606B68042123610423A382284638
:10EAA0006D4B8DE81400FFF74DF900282060C0F28F
:10EAB000CC80284669492246FFF778F9002840F0C3
:10EAC000C480284666492246FFF75AF9002840F0DC
:10EAD000BC8028466349224603F0B8FD002840F078
:10EAE000B480614B019000930290039004900590D4
:10EAF0005E4928685E4A2346FBF702FE002840F084
:10EB0000A4805C490322D5F8BC063CF039DA5A4EA1
:10EB10005A490222D5F8C0063CF032DAD5F89406FC
:10EB2000B0213022564B0096019400F051FA002893
:10EB300040F08B80534BD5F894068DE8180040F6D2
:10EB400005013622504B00F0C5FA00287DD14F4B0D
:10EB5000D5F894068DE8180040F6040137224C4B96
:10EB600000F0B8FA002870D1D5F8BC063021444A2C
:10EB70003346009401F009F8002866D1D5F8BC06A8
:10EB80003621414A3F4B009400F0FFFF00285CD142
:10EB9000D5F8BC0637213E4A3C4B009400F0F5FF07
:10EBA000002852D1D5F8C00639213A4A3A4B009490
:10EBB00000F0EBFF002848D1D5F89406C02136229A
:10EBC000364B009400F03CFD00283ED13021D5F8B2
:10EBD00094060A46324B009400F094FB002834D18E
:10EBE000D5F8940640F60A0136222E4B009400F028
:10EBF00027FD50BBD5F8940640F60A0137222A4B70
:10EC0000009400F01DFD00BBD5F894063021392298
:10EC1000264B009400F014FDB8B9D5F8BC0630219D
:10EC20001F4A234601F044F878B9D5F8BC063621CE
:10EC30001C4A234601F03CF838B9D5F8BC06372108
:10EC4000194A234601F034F818B12046FFF7E8FED0
:10EC50000024204606B070BDA1BA850021BF850002
:10EC600029BB850081C5850035BC850080EE880004
:10EC7000635901007CEE880019BA8500A4EE880073
:10EC800071B8850085C68500A5BB8500C1C5850016
:10EC900035BB850021BC8500DDC68500C9C4850063
:10ECA00005C28500C9C0850011C0850035C1850039
:10ECB00008B1E8F379B6704737B505463820E8F370
:10ECC00067F6044650B14FF0FF33056005490193E4
:10ECD000054A064B009539F0ABDD01E0FFF7E8FF90
:10ECE00020463EBDE9CD8500F1CD8500E1CD850012
:10ECF00070B5054686B01020E8F344F604460028B7
:10ED000038D000211022E3F327F6002625600121E8
:10ED1000C5F8CC462846194A194B00960194FFF7CE
:10ED200011F8B042E06021DB164B28688DE84800FE
:10ED30001549164A23460296039604960596FBF754
:10ED4000DFFC98B9124BD5F894068DE82800052110
:10ED5000BE22104B00F04AFA40B9D5F89406C02103
:10ED6000BE220D4B009500F0F1FC18B12046E8F3EF
:10ED70001BF60024204606B070BD00BF8DD0850074
:10ED800089D08500E1CF8500A8EE8800BF9E0200F3
:10ED90005DD085003DD0850091D0850010B504463A
:10EDA00088B1037923B18068E8F3FEF5002323716D
:10EDB0002368054918682246FBF747FC2046BDE852
:10EDC0001040E8F3F1B510BDBF9E020008B1E8F3B2
:10EDD000EBB5704737B505460420E8F3D3F5044694
:10EDE000002855D02D4B056040F23F110093019053
:10EDF0002D22D5F894062A4B00F06CF9002847D153
:10EE0000284BD5F894068DE818004FF495713D22F3
:10EE1000254B00F05FF900283AD1244BD5F8940631
:10EE20008DE818004FF495714A22214B00F052F9F9
:10EE300070BB204BD5F894068DE8180015215022A0
:10EE40001D4B00F0D3F918BBD5F8940605212D22EF
:10EE50001A4B009400F0F4FBD0B9D5F89406C02109
:10EE60002D22174B009400F0EBFB88B9D5F89406DF
:10EE7000C0213D22134B009400F0E2FB40B9D5F8CD
:10EE80009406C0215022104B009400F05FFC18B192
:10EE90002046FFF79BFF002420463EBDC5D28500DB
:10EEA000CDD0850011D38500E1D085000DD385003C
:10EEB000DDD0850071D28500B5D0850041D18500B7
:10EEC00001D2850021D285007DD1850010B5044690
:10EED000A0B10368806F00225A6108B1E8F364F5BD
:10EEE000D4F8980008B1E8F35FF5606808B1E8F37A
:10EEF0005BF52046BDE81040E8F356B510BD2DE99E
:10EF0000F04104464FF4B6700D4616469846E8F3B5
:10EF10003FF5074610B940F2F2331EE00460856009
:10EF2000C6602820E8F334F5B86710B940F2F3332F
:10EF300013E05820E8F32CF5C7F8980040B12C30C6
:10EF4000C7F89C003020E8F323F5786060B902E050
:10EF50004FF47D7301E040F2F5333846C8F80030D5
:10EF6000FFF7B4FF002703E00023C8F8003060611A
:10EF70003846BDE8F0810023C218D2F8C020CA503C
:10EF80000433182BF8D170474FF4C863C0F86436C7
:10EF90006823C0F868364FF48073C0F86C360223DB
:10EFA000C0F87036C0F874367047000010B50446DB
:10EFB00050B10368054918682246FBF746FB204616
:10EFC000BDE81040E8F3F0B410BD00BF0D5A0100D9
:10EFD00001F0F0012DE9F04F0E110168B0F810803A
:10EFE000096889B0C9699446D1F8C010079388456B
:10EFF0000446B0F812A0838AC78AB2B25CDA81797B
:10F0000000295CD1324D05EBC200808806E055F83E
:10F01000329019F80190E14502D001318142F6D3D6
:10F0200081424FD0E71937F812B0013237F8125049
:10F03000A244454523441AD2C5EB080805F101094D
:10F040000AEB050142460AEB0900CDF814C006930D
:10F05000E3F35EF4069B0C2202FB093002FB053150
:10F0600002FB08F2E3F354F4DDF814C0069B3146CA
:10F07000002207E007EB460030F802E00EF1010E37
:10F0800020F802E0013102320D29F3D91299CBEBBD
:10F090000502009113990AEB0B0001910C2101FB71
:10F0A0000B3192B2079BCDF808C000F0A1FB238A78
:10F0B00000200133238207E06FF0150004E06FF0B9
:10F0C000160001E06FF01D0009B0BDE8F08F00BF31
:10F0D000685901002DE9F347DDF82890DDF82CA0F0
:10F0E00007460E4615469846002456FA04F3DB07F9
:10F0F0000AD52101384601F0F0012A4643468DE841
:10F100000006FFF765FF18B901340D2CEDD1002082
:10F11000BDE8FC872DE9F04F89B007920268B0F88E
:10F12000188012689C46D2690446D2F8C420B0F810
:10F130001AA09045838BC78B50DA8279002A50D170
:10F1400001F0F0063611C719B2B237F812B0013229
:10F1500037F812508244454503441AD2C5EB0808DB
:10F1600005F101090AEB050142460AEB0900CDF859
:10F1700014C00693E3F3CCF3069B0C2202FB093088
:10F1800002FB053102FB08F2E3F3C2F3DDF814C021
:10F19000069B3146002207E007EB460030F802E00C
:10F1A0000EF1010E20F802E0013102320D29F3D9EF
:10F1B0001299CBEB0502009113990AEB0B00019118
:10F1C000079992B202910C2101FB0B31634600F0CA
:10F1D0000FFB238B00200133238304E06FF0150025
:10F1E00001E06FF0160009B0BDE8F08F2DE9F3479C
:10F1F000DDF82890DDF82CA007460E461546984607
:10F20000002456FA04F3DA070AD52101384601F042
:10F21000F0012A4643468DE80006FFF77BFF18B948
:10F2200001340D2CEDD10020BDE8FC872DE9F04F15
:10F2300089B007920268B0F8308012689C46D269A3
:10F240000446D2F80021B0F832A09045838EC78ED4
:10F2500050DA8279002A50D101F0F0063611C71930
:10F26000B2B237F812B0013237F812508244454535
:10F2700003441AD2C5EB080805F101090AEB0501A0
:10F2800042460AEB0900CDF814C00693E3F340F3BD
:10F29000069B0C2202FB093002FB053102FB08F23F
:10F2A000E3F336F3DDF814C0069B3146002207E095
:10F2B00007EB460030F802E00EF1010E20F802E004
:10F2C000013102320D29F3D91299CBEB05020091DD
:10F2D00013990AEB0B000191079992B202910C214C
:10F2E00001FB0B31634600F083FA238E00200133CB
:10F2F000238604E06FF0150001E06FF0160009B0FE
:10F30000BDE8F08F2DE9F04F87B005920268B0F8A4
:10F31000208012689C46D2690446D2F8C820B0F812
:10F3200022A09045838CC78C4CDA8279002A4CD17C
:10F3300001F0F0063611C719B2B237F812B0013237
:10F3400037F8125082444545034419D2C5EB0808EA
:10F3500005F101090AEB050142460AEB0900CDF867
:10F360000CC00493E3F3D4F2049B4FEAC80203EB0E
:10F37000C90003EBC501E3F3CBF2DDF80CC0049B3D
:10F380003146002207E007EB460030F802E00EF1BC
:10F39000010E20F802E0013102320D29F3D9109953
:10F3A000CBEB0502009105990AEB0B00019192B29B
:10F3B00003EBCB01634600F02BFA238C00200133D2
:10F3C000238404E06FF0150001E06FF0160007B031
:10F3D000BDE8F08F0368F0B5DB690C25B3F8C020F9
:10F3E000064605FB02F4433222F003020134A4185E
:10F3F000B3F8C4204FF6FE7102F11F006A432140AA
:10F400004118501C4FF6FC720A408218B3F80001F4
:10F410004FF6FE7100F11F046843114061184FF66A
:10F42000FC7201300A408218B3F8C8004FF6FE7132
:10F4300000F11F0411406118C0004FF6FC7201304A
:10F440000A408218B3F8CC004FF6FE7100F11F0499
:10F4500011406118C0004FF6FC720A40B3F8043145
:10F46000013080184FF6FE7203F11F010240DB00ED
:10F470008A18591C4FF6FC731340CB184FF6FE77D1
:10F480001F401C37BFB287B03846E8F37BF2044612
:10F49000002800F0BC8000213A46E3F35DF24023EF
:10F4A000638233684FF6FC72DB692660B3F8C010E4
:10F4B000A78001F14300024005FB0121A282013136
:10F4C0004FF6FE720A40B3F8C410E2821C3292B2C8
:10F4D000C81C101862834FF6FC72024005FB012124
:10F4E000A28301314FF6FE720A40B3F80011E283A5
:10F4F0001C3292B2C81C101862864FF6FC72024091
:10F5000005FB0121A28601314FF6FE720A40B3F8D5
:10F51000C810E2861C3292B2C81C101862844FF6E2
:10F52000FC72024002EBC1010131A2844FF6FE726F
:10F530000A40B3F8CC10E2841C3292B2C81C1018F6
:10F5400062854FF6FC72024002EBC1010131A285D7
:10F550004FF6FE720A40B3F80411E2851C3292B2F3
:10F56000CB1C6287D2184FF6FC731340A38703EBC2
:10F57000C10301334FF6FE721A40E2870025274F80
:10F5800057F8353063B1264B29018DE81800DD228C
:10F59000204601F0F001234BFFF71AFD002836DB6F
:10F5A00001350D2DEBD1002557F8353053B1290128
:10F5B000DD22204601F0F0011B4B0094FFF7A2FE74
:10F5C000002824DB01350D2DEED1184BB0218DE83C
:10F5D0001800FF222046164BFFF7FAFC002816DB26
:10F5E000B021FF222046134B0094FFF78BFE00282A
:10F5F0000DDB114B002102933068104A2346009125
:10F600000191039104910591FBF77AF818B1204616
:10F61000FFF7CCFC0024204607B0F0BD685901007C
:10F620000DD5850061D58500ADD58500F1E00000E0
:10F6300043E1000091E0000099D485000D5A0100DB
:10F640002DE9F743DDF8289007460E461546984603
:10F65000002456FA04F3D8070AD52101384601F0F0
:10F66000F0012A464346CDF80090FFF74BFE18B94B
:10F6700001340D2CEDD10020BDE8FE832DE9F04FC3
:10F6800087B005920268B0F8288012689C46D2695B
:10F690000446D2F8CC20B0F82AA09045838DC78DBF
:10F6A0004CDA8279002A4CD101F0F0063611C719E4
:10F6B000B2B237F812B0013237F8125082444545E1
:10F6C000034419D2C5EB080805F101090AEB05014D
:10F6D00042460AEB0900CDF80CC00493E3F318F19D
:10F6E000049B4FEAC80203EBC90003EBC501E3F337
:10F6F0000FF1DDF80CC0049B3146002207E007EB58
:10F70000460030F802E00EF1010E20F802E001316F
:10F7100002320D29F3D91099CBEB0502009105991E
:10F720000AEB0B00019192B203EBCB01634600F0B0
:10F730006FF8238D00200133238504E06FF015005E
:10F7400001E06FF0160007B0BDE8F08F2DE9F74338
:10F75000DDF8289007460E4615469846002456FACE
:10F7600004F3DB070AD52101384601F0F0012A46EF
:10F770004346CDF80090FFF781FF18B901340D2CF6
:10F78000EDD10020BDE8FE832DE9F047089F9A46A1
:10F7900004469DF82460034600250CE013F8010B95
:10F7A00086420AD01DB113F802ECB64501D286425A
:10F7B00003D90135ADB29542F0D1AA4207FB051835
:10F7C0000ED9C5EB0209414607FB09F208EB070019
:10F7D000E3F39EF0681C201861194A46E3F398F0A1
:10F7E000404651463A46E3F333F06655BDE8F087AC
:10F7F0007FB50393089B0493099B05930C23009307
:10F800009DF82830019303ABFFF7BEFF07B000BDA2
:10F810001FB50293069B0393082300939DF81C30A9
:10F82000019302ABFFF7B0FF05B000BD37B5254B24
:10F83000D0F8945604460093019040F23F112846B8
:10F840007F22214BFFF746FC00283AD11F4B284668
:10F850008DE8180041F63F5140221D4BFFF7C6FCD2
:10F8600078BB1C4B28468DE8180040F63F119822C3
:10F87000194BFFF7BBFC20BB184B28468DE818003E
:10F8800040F22F11A822164BFFF7B0FCC8B928464A
:10F8900040F20F117F22134B0094FFF7D1FE80B985
:10F8A000284640F20F1198220F4B0094FFF74EFFAD
:10F8B00038B9284640F20F11A8220C4B0094FFF7EC
:10F8C00045FF3EBD55F0850081EC8500A1F0850027
:10F8D000A1EC850009F0850007E2000019F1850020
:10F8E00015ED8500C5ED850085ED850001EE8500EF
:10F8F00037B5104BD0F8945604460093019005217B
:10F90000284600220C4BFFF7E5FB90B90B4B28462D
:10F910008DE8180005210122094BFFF7DBFB40B9F8
:10F92000084B28468DE8180005213222064BFFF7C8
:10F93000D1FB3EBD49E7850011E7850065E78500FD
:10F940001DE785002DE7850001E7850037B5254BCC
:10F95000D0F894560446009301904FF490712846D5
:10F960000022214BFFF7B6FB00283AD11F4B284657
:10F970008DE818004FF4907101221D4BFFF7AAFB90
:10F9800078BB1C4B28468DE818004FF4907132224A
:10F99000194BFFF79FFB20BB184B28468DE818003A
:10F9A0004FF490710322164BFFF794FBC8B9154B27
:10F9B00028468DE818004FF490710622124BFFF78D
:10F9C00089FB70B9284680210522104B0094FFF76F
:10F9D00099FC30B92846802105220D4B0094FFF791
:10F9E00091FC3EBD01EC850089E985003DEC850078
:10F9F00091E98500A5EB850045E9850079EB850057
:10FA000031E98500CDEB850061E985009DE9850040
:10FA100019EB850037B5154BD0F894560446009382
:10FA20000190402128460022114BFFF7D1FAE0B99E
:10FA3000104B28468DE81800402101220E4BFFF79D
:10FA4000C7FA90B90D4B28468DE8180040213222A4
:10FA50000B4BFFF7BDFA40B90A4B28468DE818005A
:10FA600040210322084BFFF7B3FA3EBD8DF285001B
:10FA700031F28500A5F285003DF2850071F2850026
:10FA800021F2850049F2850011F2850037B50A4B55
:10FA9000D0F89456044600930190B02128461022D5
:10FAA000064BFFF795FA30B92846B0211022044BD7
:10FAB0000094FFF727FC3EBD65E8850081E78500DF
:10FAC000ADE7850037B5D0F8945604460090C021C4
:10FAD00028460022114BFFF7B3FDF0B92846C0219C
:10FAE00001220F4B0094FFF7ABFDB0B92846C021AF
:10FAF00006220C4B0094FFF7A3FD70B92846C021E5
:10FB0000A822094B0094FFF721FE30B92846C021F6
:10FB10009822064B0094FFF719FE3EBDF9F28500CE
:10FB200021F38500D9F285003DF38500C1F28500FF
:10FB300010B5044650B10368054918682246FAF723
:10FB400084FD2046BDE81040E7F32EB710BD00BF8E
:10FB5000AA5A010038B505460C20E7F313F704460E
:10FB600038B100210C22E2F3F7F60C232560A380C4
:10FB700001E0FFF7DDFF204638BD28B18368DA8851
:10FB8000013ADA80E7F310B770472DE9F04F9B4652
:10FB9000038B87B0C518C65AB5F80480438AC6EBF4
:10FBA0000808984505919446878AB0F816A032DA7D
:10FBB0006C88C7194445824416DAC4EB080804F17E
:10FBC00001093919424607EB0900CDF810C0E2F3EC
:10FBD0009FF60C2202FB09A002FB04A102FB08F223
:10FBE000E2F396F6DDF810C06B88A21B01336B8040
:10FBF000AB880C210133AB80109BB8190193059B96
:10FC000001FB06A1029392B26346CDF800B0FFF764
:10FC1000EFFD002001E06FF0150007B0BDE8F08FA8
:10FC20002DE9F04F9B46038B9446C518AC8830F8FD
:10FC30000380428AC8EB040387B093420591878A08
:10FC4000B0F816A02FDA9C42074482446E8816DA78
:10FC5000C8F1000804F101093919424607EB09000F
:10FC6000CDF810C0E2F354F60C2202FB09A002FB0F
:10FC700004A102FB08F2E2F34BF6DDF810C0AB88FA
:10FC8000A21B0133AB80109B0C210193059BB8197B
:10FC9000029301FB06A192B26346CDF800B0FFF7D4
:10FCA000A7FD002001E06FF0150007B0BDE8F08F60
:10FCB0002DE9F04F9B46038C85B0C518C65AB5F8A0
:10FCC0000480438BC6EB0808984503919446878BC4
:10FCD000B0F81EA02EDA6C88C7194445824415DAA4
:10FCE000C4EB080804F101093919424607EB090081
:10FCF000CDF808C0E2F30CF60AEBC9000AEBC40128
:10FD00004FEAC802E2F304F6DDF808C06B88A21BD4
:10FD100001336B80AB88B8190133AB80039B0AEBCE
:10FD2000C601019392B26346CDF800B0FFF770FDB3
:10FD3000002001E06FF0150005B0BDE8F08F000075
:10FD40002DE9F04F036885B003931B681546DB6906
:10FD5000C288D3F8D03007469A420E465BDA09B122
:10FD60004E1CB6B20DB10135ADB206F127034FF608
:10FD7000FC7A03EA0A0A0C2303FB06A34FF6FE787B
:10FD8000013303EA080808F10903EB184FF6FC7B7E
:10FD900003EA0B0B0BEBC50201324FF6FE73134067
:10FDA00003F106091FFA89F948460293E7F3EAF5D9
:10FDB0000446002830D000214A46E2F3CDF5029BEC
:10FDC00003992384FB88A4F81880242208F10608EC
:10FDD00001332160A760A4F81090A282A4F816A0B5
:10FDE000A4F81C80A4F81EB066826583FB8046B12F
:10FDF000DD2120460C4A0D4B0094FFF7C6FE00287B
:10FE00000ADB6DB1DD212046094A2346FFF750FF8A
:10FE1000002805DA00E000242046FFF7AEFE0024AB
:10FE2000204605B0BDE8F08F85F5850041F58500D9
:10FE3000BDF585007FB50A4A034600920022019273
:10FE400002920392049205920649074A0068FAF763
:10FE500057FC002814BF4FF0FF30002007B000BD52
:10FE6000991E860078F08800AE5A010002460249C9
:10FE70000068FAF7EABB00BFAE5A010010B50446AD
:10FE800048B1036821461868FAF7FEFC2046BDE831
:10FE90001040E7F389B510BD37B505460820E7F3F4
:10FEA00077F50446A0B10560002201900C21284698
:10FEB0000A4B0092FDF746FF0028606008DB084B04
:10FEC000286800932146074A0423FAF76CFC18B10E
:10FED0002046FFF7D3FF002420463EBD1D268600A6
:10FEE0002CF188003126860010B50446C06818B190
:10FEF000E7F35AF50023E36010BD10B50446A020D7
:10FF0000E7F340F570B1E060A06000F190020346B5
:10FF10001033934243F8103CFAD10023C0F89030DC
:10FF2000184610BD6FF01A0010BD000038B5044629
:10FF3000002852D0002105683FF04EDA20463FF0FD
:10FF40002BD8636933B12046002141F015DA60698E
:10FF500038F044DCA36933B12046012141F00CDACA
:10FF6000A06938F03BDC236933B12046022141F01F
:10FF700003DA206938F032DCE36F33B12046032125
:10FF800041F0FAD9E06F38F029DC204641F09AD9E7
:10FF9000D4F89800E7F308F501E03EF027DEE169C8
:10FFA00020460029F9D1FFF79FFFD5F8440118B189
:10FFB0000A492A4600F08FF9286809492246FAF7CB
:10FFC00044FBD4F8A8301BB104F1A800E1F3DAF641
:10FFD0002046BDE83840E7F3E7B438BD114286005B
:10FFE000F4C8890030B5054687B0B020E7F3CAF4FD
:10FFF0000446002800F099800021B022E2F3ACF41E
:020000041004E6
:100000000A2384F84330012384F84830FF2384F81E
:10001000203084F8213084F8223084F823302560A1
:10002000C420E7F3AFF4C4F8980000287DD0204640
:100030003FF0C4D920463FF047DD2B6841F26B0208
:10004000D3F8D43020F07F00196BA087914220466E
:1000500008D19B6A932B05D13FF036DDC0F5844073
:10006000683001E03FF034DDE087E38F204623F085
:100070007F03E3873FF02CDD41F2883222652E4A70
:10008000002320F07F00A4F84000E36400922B4A94
:10009000049301922A4A059302922A4A28680392FD
:1000A00029492A4A2346FAF72BFB00283DD1D5F8E7
:1000B000E80538F069DB6061002836D0D5F8E8053E
:1000C00038F062DBA06180B3D5F8E80538F05CDB7E
:1000D000206150B32046FFF710FF30BBD5F8E8058C
:1000E00038F052DBE06700B3012384F87830D5F8AC
:1000F000440141F27073A4F87A3020B114492A46C1
:1001000000F0E6F888B9204601213FF065D94FF4A8
:100110004843A3650023E36532232366D5F83806F8
:1001200004F1A801E1F318F618B12046FFF7FEFE2E
:100130000024204607B030BD59348600B1528600F5
:1001400039528600ED3686004CF18800F4C88900EB
:100150001142860038B50446002827D005681449A6
:1001600028682246FAF771FA236A1BB104F12000CD
:10017000E1F308F6E3691BB104F11C00E1F302F6B8
:10018000A3691BB104F11800E1F3FCF563691BB12D
:1001900004F11400E1F3F6F5284606492246FDF77E
:1001A000F4FD2046BDE83840E7F3FEB338BD00BF9C
:1001B000B0CB89002D62860070B5054686B0302030
:1001C000E7F3E6F30446002859D04FF0FF3303610C
:1001D0000422FF2105600A30E2F3BEF30B2104F193
:1001E0000E00E3F391F700238DE818000421284660
:1001F000264A274BFDF7A6FD002860603FDB284616
:1002000024492246FDF7BCFD002838D1D5F83866D0
:1002100004F114013046E1F39FF500282FD1304658
:1002200004F11801E1F398F548BB304604F11C01D4
:10023000E1F392F518BB304604F12001E1F38CF5AF
:10024000E8B9154B01900093144B04900293144BA2
:100250000590039328681349134A2346FAF750FA86
:1002600068B9204641F09ADF20B12046012141F0D3
:10027000C9DF20B93223A3622623636203E020464C
:10028000FFF768FF0024204606B070BD4563860076
:10029000FD6286002D628600A96286005165860097
:1002A000F96286003CF28800B0CB89004069E1F336
:1002B0002FB54069E1F38EB58069E1F329B5806916
:1002C000E1F388B5C069E1F323B5C069E1F382B514
:1002D000006AE1F31DB5006AE1F37CB538B5044668
:1002E00060B10568224606492868FAF7AEF920464B
:1002F000E7F35AF32B68002283F84E2038BD00BF85
:1003000054CC890070B50368002686B0054683F892
:100310004E600C20E7F33CF30446002843D0234B07
:10032000056023498DE848002868224A2346029642
:10033000039604960596FAF7E3F9064600282ED1AF
:100340008DE811001C2128461B4A1C4BFDF7FAFCC6
:100350000028606023DB0C212846194A194B0096BF
:10036000019401F035FF0028A06018DB164BD5F88A
:1003700094068DE818000A213822144BFEF7AAFED5
:1003800068B9D5F894060A213822114B0095FFF779
:1003900057F920B92B68012283F84E2003E020464C
:1003A000FFF79CFF0024204606B070BDD97186007F
:1003B00054F2880054CC8900A97186007D718600B2
:1003C000917686005D7686007D77860019778600B7
:1003D0004977860070B5064686B00820E7F3D2F26A
:1003E0000446A0B10B4B0025066045600A498DE824
:1003F00028003068094A234602950395049505951F
:10040000FAF77EF918B12046E7F3CEF22C462046E3
:1004100006B070BD4D7E860098F28800B0C6890097
:1004200010B5044650B10368054918682246FAF72A
:100430000CF92046BDE81040E7F3B6B210BD00BF8E
:10044000B0C6890070B5044600282AD00668224646
:1004500030681449D6F84451FAF7F7F82246304686
:100460001149FDF792FC224630461049FDF799FCF0
:10047000224628460E49FFF71CFF224628460D4912
:10048000FFF71DFF224628460B49FFF71EFF2846AF
:100490000A492246FFF71FFF2046BDE87040E7F3F8
:1004A00083B270BD35D289005D8786006D97860066
:1004B000FD848600E9868600CDAA8600A592860086
:1004C000F0B5D0F8446187B005465820E7F35AF2FA
:1004D0000446002800F0938000215822E2F33CF209
:1004E00020462021494A40F8205BE2F39BF2012795
:1004F0004FF0FF33E06184F84070A4F84C30304690
:1005000043492246FFF7D2FE002878D130464149C0
:100510002246FFF7D1FE002871D130463E492246DF
:10052000FFF7D0FE00286AD130463C492246FFF74B
:10053000CFFE002863D1284639492246FDF72CFC1E
:10054000064600285BD18DE8110004212846354A73
:10055000354BFDF7F7FB0028206150DB2846394674
:100560003246334600960194FDF7ECFB00286061AB
:1005700045DB042128462D4A2D4B0096019401F0BD
:1005800027FE0028A0613ADB28462A492246FDF7CB
:10059000F7FB002833D1284B03EBC60253F8363063
:1005A00063B1526852B131018DE81400D5F8940658
:1005B00001F0F001C022FEF7ADFD00BB01360D2EAB
:1005C000E9D11E4B1E4A009300230193029203932C
:1005D0000493059328681B491B4A2346FAF790F8B1
:1005E00068B9204646F0F6D820B12046012144F0F3
:1005F000C3D820B9636C43F00403636403E020466E
:10060000FFF720FF0024204607B0F0BDB15A0100DB
:10061000FD848600E9868600CDAA8600A592860024
:100620006D9786000192860089918600059E86005E
:10063000F19D86005D878600C49E0200198A8600AF
:1006400055AB8600ECF2880035D2890038B50446F7
:10065000D0B1806808B1E7F3A7F1236943B90EE090
:10066000236953F8350008B1E7F39EF1013500E046
:100670000025E3689D42F3DB2069E7F395F120460E
:10068000BDE83840E7F390B138BD00002DE9F041F6
:1006900005461820E7F37CF10446002833D02B6888
:1006A0000560DB690C20DB6901335843E7F370F127
:1006B000A06040B32B681820DB69DA695B6F626069
:1006C000E360E7F35FF12061E8B1124918220026E8
:1006D000E2F3BEF037460EE00E4BD4F810809B19C3
:1006E00018798000E7F354F1236948F806009B5914
:1006F000083643B10137E3689F42EDDB6B68064A79
:10070000DC609A6003E02046FFF7A0FF002420464B
:10071000BDE8F0812C9F0200B9BC860010B5C4680A
:10072000A1420BDA006900EBC1042479A24208DA85
:1007300050F83110002041F8223010BD6FF0150044
:1007400010BD6FF0150010BD47F06C9B10B504464E
:10075000FFF7FAFFE084000C84F82800002010BDA9
:10076000D0F8F03310B5044683B1D3F8280830B17F
:10077000E7F31AF1D4F8F0330022C3F82828D4F8AC
:10078000F003E7F311F10023C4F8F03310BDC36B9D
:1007900010B5044683B1836B5B6B0B2B07D1D0F88C
:1007A000E00320B1E7F300F10023C4F8E033E06B8D
:1007B000E7F3FAF00023E36310BD10B5044601200F
:1007C000E7F3E0F00346E063A8B100210122E2F381
:1007D000C3F0A36B5B6B0B2B0CD14FF49470E7F35E
:1007E000D1F00346C4F8E00328B100214FF494721D
:1007F000E2F3B2F00123184610BD70B5044640F68E
:1008000078100D46E7F3BEF0C4F8F003002831D0AD
:10081000002140F67812E2F39FF0B4F85220D4F8A9
:10082000F03300261A70D4F8F033204683F8B6600F
:10083000C3F8B060D4F8F03383F8B460A36B83F8E6
:100840008460A36B1E679E673C23C4F8BC301023F2
:10085000C4F8C030C4F8C46000F09AFFA36B022D46
:100860000CBF1A6F9A6F0020DA6684F8C36284F8AE
:10087000C26270BD6FF01A0070BD0000B0F8C632E1
:10088000F7B504460E46FBB10846E2F311F1074600
:100890001348E2F30DF13F181037BFB23846E7F3C3
:1008A00071F00546B8B1B4F8C632394600930D4A26
:1008B0003346E2F3B7F0E06C2946E2F3E9F6074687
:1008C0002846E7F371F03FB9E06C314603B0BDE86C
:1008D000F040E2F3DDB60746384603B0F0BD00BF96
:1008E0008F9F02007A9F0200044B1B78012B02D1DC
:1008F000002000707047FFF7C1BF00BFFC0300007D
:100900002DE9F3471C46B0F8C632074688469146A3
:10091000C66C002B32D00846E2F3CAF08246224869
:10092000E2F3C6F082440AF1100A1FFA8AFA50462E
:10093000E7F328F0054600282FD0B7F8C632514615
:1009400000931A4A4346E2F36DF038462946FFF712
:10095000CBFF074668B130462946E2F38DF640B139
:10096000484506DD304629464A46E2F379F6824696
:1009700000E0A2462846E7F317F08FB9304641461B
:10098000E2F37AF658B1484509DD304641464A4619
:1009900002B0BDE8F047E2F363B6824600E0A2464B
:1009A000504602B0BDE8F0878F9F02007A9F020098
:1009B00010B51446FFF798FF28B100210A46BDE89C
:1009C0001040E2F301B4204610BD000038B500220B
:1009D0000D4608490446FFF7EBFFC0B22823A842A2
:1009E00084F8660384F8D531CCBF84F8663384F884
:1009F000D50138BDD69F0200012238B580F86020AD
:100A00000A23826B002580F89E31032380F89F31F2
:100A100080F86F5380F8715380F8735380F87553E2
:100A200080F8775380F8BA5182F88A304FF6CE7347
:100A3000A0F8783214491422C0F874520446FFF723
:100A4000B7FF124984F866032A462046FFF7B0FF35
:100A50007F2384F87B304FF0FF33A4F8983004F5FF
:100A6000F673C4F88C31642384F858300423C4F836
:100A7000280384F86C50C4F8E453C4F8745284F822
:100A8000D43184F8D63138BDD69F02005E9F020073
:100A90000022FFF78DBF000010B517490446FFF78D
:100AA000F7FFC0B284F8E8030138C0B2FD2802D9CC
:100AB000732384F8E83394F8E833204684F8E93364
:100AC0000E49FFF7E5FFC0B284F8EA0308B10F282A
:100AD00002D1052384F8EA3394F8E82394F8EA3342
:100AE000D31A84F8EB33002384F8EC3384F8EE3324
:100AF000112384F8ED3310BD849F0200E79F0200AC
:100B00002DE9F04105460C4617461E46FFF7ECFE60
:100B100038B1284621463A463346BDE8F041FFF752
:100B2000EFBE3046BDE8F0810023FFF7E9BF0000CB
:100B300070B501220D463C490446FFF739FF3B4999
:100B400084F8680300222046FFF732FF384984F812
:100B50002C0307222046FFF72BFF364984F82D038C
:100B60002046FFF7C1FE88B132492046A66BFFF749
:100B70008FFF304930672046A66BFFF789FFA36BD4
:100B8000B067022D0CBF1A6F9A6FDA662A490022ED
:100B90006FF095032046FFF7B3FF274984F834032D
:100BA000012220466FF09503FFF7AAFF022584F883
:100BB000350300232A4620461F49FFF7A1FF63198A
:100BC0000135052D83F83403F3D100252A4620464C
:100BD0001A49FFF7A9FF631901350E2D83F8570352
:100BE000F4D1012384F86733062220461449FFF725
:100BF000DFFE002284F8650312492046A56BFFF74B
:100C0000D7FE114985F82C0100222046FFF7D0FEBF
:100C1000002384F83E034021204684F82433BDE8B5
:100C20007040FFF7D3BE00BF6E9F0200449F0200DA
:100C3000C89F0200A09F0200F89F0200C19F02000F
:100C4000959F0200AD9F0200699F020010B5044607
:100C500028B10468003418BF0124E6F3A5F6204645
:100C600010BD10B5848B0C80018C118040F2DA32FB
:100C70001A8090F83520029B01201A8010BD90F850
:100C800034007047C06A7047836B9961704738B50C
:100C9000044600283ED0C56D013DC565002D39D103
:100CA000FFF75EFD2046FFF772FDD4F8801229B1F0
:100CB000A36B186900F08CFDC4F88052002584F8FD
:100CC0009551204646F0E4DEA26B1368A34202D1A0
:100CD000A36C136003E09A6CA2421DD19D64D4F80A
:100CE000943A0BB120469847A36B186951F094D8F9
:100CF000D4F8E41320B141B1204647F08FD804E086
:100D000019B1A36B986852F0CDDC2046E6F34CF69F
:100D1000002038BD012038BD012038BD2DE9F04745
:100D20008A46002104461546C0680A46764699461A
:100D3000EBF3DCF6804600070CD5276857B1BB6B98
:100D4000C7F84C901869F96A51F02CD8FB6D013343
:100D5000FB65CEE04FF42F60E6F314F6074628B9A2
:100D60006FF01A00314648F0A3DDC5E000214FF4D2
:100D70002F62E1F3F1F5FB6DC7F844A00133FB6589
:100D80002368BC63BB640123C7F84C90276087F8D5
:100D90005930E26C41F26B039A4205D1636C932B9C
:100DA0000CBF0123182300E01823022DA7F88A3076
:100DB00005D118F0010F1CBF4FF40053FB62BB6B51
:100DC000F96A186950F0EEDF7B6CB3F8E0831FFA24
:100DD00088F808F470631B0AFB615FFA88F33B62D2
:100DE000BB6BD868F8F739FCFB69A7F8C602092B7A
:100DF00004D10423FB613B6A10333B62012387F873
:100E000024304FEA18333B633846FFF79FFC002835
:100E100075D14FF48053A7F856304DF2240241F2B9
:100E20000103022D18BF1346A7F852303846374940
:100E3000FFF75AFD38B138463449D7F83880FFF704
:100E400027FEC8F868003846FFF7B7FC002856D0E0
:100E500038462946FFF76CFE3846FFF7CDFD384689
:100E600000F0D2FB00284AD029463846FFF7C5FCDF
:100E70000546002843D13846FFF70EFE384647F0B6
:100E800001DD3846012146F0AFDD3846294648F0FD
:100E900083DB4FF0FF33C7F8D432C7F8D832C7F836
:100EA000DC32C7F8E032C7F8E432C7F8E832C7F8F6
:100EB000EC32C7F8F032384607F11C011C22E1F38E
:100EC000C7F4206950F0A8DF60B1BB6B986852F09E
:100ED00035DEC7F8F80328B96FF01A00314648F03C
:100EE000E7DC0CE03846002148F04CDA002387F8B4
:100EF000FC3907F14C03FB643846BDE8F0873846FF
:100F0000FFF7C5FE0020BDE8F08700BF519F02003B
:100F100070B505464FF498707646E6F333F504460F
:100F200028B96FF01A00314648F0C2DC39E00021E0
:100F30004FF49872E1F310F52B68A3606B68E360DF
:100F4000AB682361EB6863602B6963612B8CA384BE
:100F50006B8CE3846B6AA362AB6AE362EB6A236324
:100F60002B6B63636B6B6364AB6BA364EB6BE364CE
:100F70002B6C23656B6C6365AB6CC4F81C316B69BF
:100F8000A365AB69E3650F2323663D23636679237D
:100F9000A3660123C4F818310323E366002384F811
:100FA0008B30204670BD00007FB50A4B0A49009384
:100FB000002301930293039304930593074A036864
:100FC000F9F79EFB002814BF4FF0FF30002007B058
:100FD00000BD00BF05E3860068F48800B95A01002F
:100FE00001490268F9F731BBB95A01000023F0B595
:100FF0001C4607E0CE183568C718C550756801341F
:101000007D6008339442F5D1F0BD000038B5046C22
:101010000023C4F8243690F86D53094B094A4FF465
:101020008060002D0CBF15461D46E6F3ABF4C4F8F6
:10103000240620B129468022FFF7D8FF012038BDC1
:1010400066AD020066B1020070B517494FF0FF327D
:10105000046C0546FFF7ACFC1449C4F85005172290
:101060002846FFF7A5FC0026C4F8540510496FF088
:10107000250284F858652846FFF79AFC0D49A4F824
:10108000480532462846FFF793FC0B49A4F8040CA8
:101090006FF003022846FFF78BFCB4F84835C318FD
:1010A000A4F8063C70BD00BF1DA0020046A80200C7
:1010B0002FA802009CAC020007AD020038B52749FA
:1010C0000446FFF7E5FCC0B228288CBF00230123AB
:1010D00084F8690384F8CA0384F86D3320462049F4
:1010E000FFF7D6FC082820461CD81E490022FFF72F
:1010F0001BFD80B20022C4F8FC001B492046FFF70C
:1011000013FD1A49C4F800012046FFF7C1FC184935
:1011100005462046FFF7BCFC80B240EA0545C4F80E
:10112000045113E013490022FFF7FEFC80B2C4F81B
:10113000FC00114900222046FFF7F6FC0F49C4F8D5
:1011400000012046FFF7A4FCC4F8040120460C4926
:10115000FFF79EFC84F8080138BD00BF1EA4020002
:10116000EFAC020014A802003DA802004CA002004F
:1011700038A0020090AC020035AD0200A1A8020028
:10118000C4A70200F8B5A4490022056C0446FFF785
:10119000CBFCA14985F8BC0401222046FFF7C4FC22
:1011A0009E4985F8BD04002207232046FFF7A8FCCE
:1011B000922385F8BE04994901222046FFF7A0FC3E
:1011C000974985F8BF0400222046FFF7F1FB9549B7
:1011D000C5F8C40400222046FFF7EAFB0026A5F864
:1011E0005804914985F8336420463246FFF7E0FB06
:1011F0008E49A5F80A042046FFF74AFCB8B101233E
:1012000085F833342F464223324620468749FFF77C
:1012100077FCAB19C0B283F82604B5F80A3401365E
:10122000C018A7F80C0402370D2EECD10DE0804950
:1012300042222046FFF7BCFBC2B285F808242046B4
:101240007C49FFF7B5FBA5F806047B490022204640
:10125000FFF7AEFB794985F838044FF0FF3220469E
:10126000FFF7A6FB7649A5F868054FF0FF32204648
:10127000FFF79EFB7349A5F86A054FF0FF32204641
:10128000FFF796FB7049A5F86E054FF0FF32204638
:10129000FFF78EFB6D4985F8700500222046FFF7A9
:1012A00087FB002684F87400324620466849FFF721
:1012B0003BFCAB1901360E2E83F80606F4D1A122B1
:1012C00064492046FFF774FB6349C5F8C00546F240
:1012D0000F622046FFF76CFB0822C5F8C4055F4982
:1012E0002046FFF765FB5E49C5F8C8056FF00802A8
:1012F0002046FFF75DFB5B49C5F8CC0540F6BB72A5
:101300002046FFF755FB0A22C5F8D005564920466E
:10131000FFF74EFB5549C5F8D4056FF0440220464F
:10132000FFF746FB5249A5F802066FF04A02204635
:10133000FFF73EFB0122A5F804064E492046FFF7C1
:1013400037FB80B2031C18BF012300F0020085F8B0
:101350004A353F2285F84B0547492046FFF728FBD1
:10136000642285F84C0545492046FFF721FB444996
:10137000C5F85C054FF0FF322046FFF719FBC5F8B2
:101380006005013018BF012085F864053D49002241
:101390002046FFF70DFBC0B200F00F03000900F07C
:1013A000010085F8143685F81706374900222623F0
:1013B0002046FFF7A5FB3449A5F818060122422371
:1013C0002046FFF79DFB5023A5F81A062E4902225E
:1013D0002046FFF795FB0622A5F81C062B49204660
:1013E000FFF7E6FA85F81E062046FFF767FE94F839
:1013F0006D232046002A4DD12549FFF795FB24494E
:10140000A4F8820301222046FFF78EFB2049A4F8AE
:101410007E0320464DE000BFC8AC020073A8020066
:1014200087AC020054AC02007FA8020074AC02003A
:10143000B1AC0200E3AC020008A0020055A002001B
:10144000F7AC020061A802001CA80200BAAC0200BE
:101450004CAD020025A802008DA80200D2AC02000B
:10146000D9AC020014A002005FAD02002AAD020058
:1014700067AC0200DFA70200ADA80200FAA70200D5
:10148000E8A7020041A0020080AC0200D1A7020040
:1014900045AD020025490022FFF746FB2349A4F889
:1014A000820301222046FFF73FFB2049A4F87E0378
:1014B00020460222FFF738FB0023A4F880031C49D2
:1014C00085F8333620460222FFF71AFB10B10123BC
:1014D00085F8333695F833362BB31549002220466C
:1014E000FFF722FB1249A4F82C0A01222046FFF73D
:1014F0001BFB0F49A4F8280A02222046FFF714FB21
:101500000C49A4F82A0A00222046FFF751FA0A499A
:1015100085F8310628222046FFF74AFA002385F88D
:10152000320684F867330120F8BD00BF0AA8020024
:10153000A5AC0200DAA702005AAD020038B50E4988
:10154000046C0546FFF7A4FA0C4984F829062846DE
:10155000FFF79EFAFF2284F82A0609492846FFF77A
:1015600027FA084984F830062846FFF791FAC4F8AC
:101570002C06012038BD00BF5EAC020096A8020018
:101580002BA0020051A8020038B50446056C4FF4A8
:101590006770E6F3F7F1C5F82006236CD3F8200650
:1015A000B0B1D4F8DC300B4A934207D00A4A9342D8
:1015B00006D00A4A93420AD1094902E0094900E0EB
:1015C00009494FF46772E1F343F1012038BD00206F
:1015D00038BD00BFC0AD3A0280BA8C0100F82401CA
:1015E000B8A8020082A0020028A4020010B5044698
:1015F0004EF00AD8236CD3F82006E6F3D5F1206C20
:10160000BDE81040E6F3D0B170B5044640F608409E
:10161000E6F3B8F105462064002800F0838000213D
:1016200040F60842E1F398F10125A36B84F882505B
:1016300084F8F050D868EBF3BDF13B4BC4F8DC0004
:10164000C4F8483A394B2046C4F84C3A384BC4F8F1
:10165000503A384BC4F8543A374BC4F8A03A374B99
:10166000C4F85C3A364BC4F8643A364BC4F86C3A6A
:10167000354BC4F8703A354BC4F87C3A344BC4F857
:10168000B43A344BC4F8B03A334BC4F8C03A334B95
:10169000C4F8BC3A324BC4F8C43A324BC4F8C83A26
:1016A000314BC4F8CC3A314BC4F8943A304BC4F8BF
:1016B000D03A304BC4F8D43A2F4BC4F8D83A2F4B19
:1016C000C4F8DC3A2E4BC4F8E03AFFF75BFD40B3B8
:1016D0002046FFF759FF20B32046FFF797FC00B3E1
:1016E0002046FFF7B1FC236C204683F8C054FFF777
:1016F00025FF244900222046266CFFF759F922498C
:1017000086F8340600222046FFF752F91F4984F874
:1017100090022A462046266CFFF74AF986F83506DD
:1017200000E00546284670BD554B8700114A8700EA
:10173000154A8700B95E87008D358700214B8700E9
:10174000915E8700CDEC8600296487001D4B8700E1
:10175000895F870015F98600D5F88600493887002B
:1017600061498700CD218700C5F90000415D020075
:10177000F50A8700F90A8700F10A8700FD0A870049
:101780000D0B870072A0020064A0020014AD0200DD
:10179000836B93F82C210AB1042200E003221A671C
:1017A000DA667047F8B507460C200D461646E6F394
:1017B000E9F0044630B100210C22E1F3CDF02760BE
:1017C0006660A5602046F8BD08B1E6F3EDB070474D
:1017D0008068F2F35BB4000070B5064686B06C20FA
:1017E000E6F3D0F00446D0B100216C22E1F3B4F06E
:1017F0000823A3610E4B26600025009330680D4935
:101800000D4A234601950295039504950595F8F731
:1018100077FF38B93268012382F89230237120466D
:1018200006B070BD2046E6F3BFF02C46F7E700BFD8
:101830000D698700B00A8900665B010010B5044697
:1018400068B10368064918682246F8F7FEFE20468C
:1018500051F048D82046BDE81040E6F3A5B010BDD1
:10186000665B010010B5044648B105492246406850
:10187000F8F7EBFE2046BDE81040E6F395B010BD4A
:101880005CF4890070B5064686B01020E6F37AF065
:10189000044630B300211022E1F35EF03368266085
:1018A000636073680025A360042130460E4A0F4B25
:1018B00000950194FCF746FAA842E0600DDB0C4B62
:1018C00030688DE828000B490B4A234602950395A2
:1018D00004950595F8F714FF18B12046FFF7C2FFED
:1018E0000024204606B070BD29748700117487005B
:1018F0007D7487007C0B89005CF4890030B5054657
:1019000087B01420E6F33EF0044638B300211422D9
:10191000E1F322F06B682868A360124B25606060D9
:10192000002500931049114A23460195029503951D
:1019300004950595F8F7E4FE60B90A2323730F2395
:1019400063736423A3730223E373062323740123C5
:10195000637403E02046E6F327F02C46204607B0E8
:1019600030BD00BF217B8700940B89000CE3890008
:1019700010B5044648B1054922464068F8F765FEAF
:101980002046BDE81040E6F30FB010BD0CE389001F
:1019900010B5044658B1064B21461B88C358186839
:1019A000F8F772FF2046BDE81040E5F3FDB710BD23
:1019B000D403000073B505460C20E5F3E9F70446AF
:1019C000C8B1104B04221A80022145600023019007
:1019D0000D4A28460093FCF7B5F9002820600ADB81
:1019E00001232381094B286800932146084A0223DA
:1019F000F8F7D9FE18B12046FFF7CAFF00242046A9
:101A00007CBD00BFD40300007D858700FC0B8900EE
:101A1000A985870038B5044680B1094B21461B884B
:101A2000C5582868F8F730FF286806492246F8F7B5
:101A30000CFE2046BDE83840E5F3B6B738BD00BF20
:101A4000D6030000845B0100F0B5054687B0142082
:101A5000E5F39EF70446002856D02F4B04221A8047
:101A6000456000260190042128462C4A2C4B009604
:101A7000FCF768F9B042206046DB0123A3810C2308
:101A80002382284B0722E2810093274B2868019389
:101A90002649274A23460296039604960596F8F7A8
:101AA0002FFE002830D1234B286800932146224A7C
:101AB0000523F8F778FE38BB204BD5F894068DE85F
:101AC00018004FF490712A221D4BFDF703FBD8B983
:101AD000D5F8940680212A221A4B0094FDF712FCB7
:101AE00090B9B5F8AA0106F023DD801B18BF0120CC
:101AF0000A3055F820301B68022B09D101212046FD
:101B00000A4652F0ABDD03E02046FFF783FF0024D6
:101B1000204607B0F0BD00BFD60300005D898700F6
:101B200049898700DD8B8700F58B8700340C89009D
:101B3000845B01000C0C8900098B8700F98C8700FD
:101B4000E9898700F9888700084B10B51B8804468F
:101B500050B1C358064918682246F8F776FD20466A
:101B6000BDE81040E5F320B710BD00BFD80300006A
:101B70008B5B010070B5054686B01420E5F308F7CD
:101B80000446002844D0264B08221A800023856092
:101B9000042100930190234A2846234BFCF7D2F8F6
:101BA0000028206034DB0223A38105220C23E2817C
:101BB0002382D5F8940680213D221C4B0094FDF72A
:101BC000A1FB28BB1A4B029000931A4B0390019380
:101BD0000490059018492868184A2346F8F790FDA4
:101BE000B0B9B5F8AA0106F0A3DC2B6893F84F2032
:101BF0001AB1032A14BF032201222046012153F007
:101C000063DA204602214FF0FF3253F05DDA03E041
:101C10002046FFF799FF0024204606B070BD00BFA4
:101C2000D8030000319287001D928700E991870058
:101C30009993870001958700400C89008B5B010018
:101C400038B5044698B10568224628460849FCF78D
:101C50009CF821462868F8F717FE286805492246AF
:101C6000F8F7F3FC2046BDE83840E5F39DB638BDF3
:101C70001D9E8700C9E3890030B5054687B008205E
:101C8000E5F386F6044600283ED0002305600421D3
:101C900000930190204A2846204BFCF753F8002877
:101CA000606031DB28461E492246FCF769F858BBC4
:101CB0001C4B0190009302900390049005901A49E8
:101CC00028681A4A2346F8F71BFDE8B9184B28681C
:101CD00000932146174A0123F8F765FDA0B9164B7A
:101CE000D5F894068DE818004FF490712822134B14
:101CF000FDF7F0F940B9D5F8940680212822104B61
:101D00000094FDF7FFFA18B12046FFF799FF002471
:101D1000204607B030BD00BFA19D8700619D8700B0
:101D20001D9E8700A59E87009C0C8900C9E3890041
:101D3000940C8900799E87009D9F8700459E8700AF
:101D4000459D870070B5064686B09C20E5F320F6D9
:101D50000446002834D006601B4B306800256060C4
:101D60001A4900931A4A2346019502950395049552
:101D70000595F8F7C5FCF8B9D6F884341E229B788F
:101D800022610422E27202222377227301230A22B3
:101D9000E376237263616273A3764FF6AF72A37723
:101DA00084F899301023A0736072A072228384F8A3
:101DB0009A3084F8983003E02046E5F3F5F52C4698
:101DC000204606B070BD00BF19AE8700001C890018
:101DD00066B50200C0F88410C0F88820C0F88C30C6
:101DE0007047000010B5044648B1054922464068D6
:101DF000F8F72BFC2046BDE81040E5F3D5B510BD43
:101E000066B5020038B5044600B3436B05680BB1F4
:101E1000E9F7C6FC04F11400DBF38AF404F11800BE
:101E2000DBF386F404F11000DFF382F504F1240003
:101E3000DBF372F4224606492868F8F706FC2046D0
:101E4000E5F3B2F52B68002283F8622138BD00BFAC
:101E50007AE689002DE9F041054686B03820E5F3A1
:101E600097F5044600287FD00560002601900421E4
:101E70002846414A414B0096FBF764FFB042606040
:101E800072DB042128463E4A3E4B0096019400F046
:101E90009FF9B042A06067DB0127E76038463A4906
:101EA0003A4A6B68DFF32EF1206100285CD00621EE
:101EB0003246D5F80480DFF36BF5344903464246D9
:101EC0003148DBF317F4606200284DD00721324619
:101ED0002069DFF35DF539460346E0613246606A0A
:101EE000DBF3E8F239460246A0612069DFF350F5E2
:101EF000E36939463246606ADBF3DCF202210246CE
:101F000060612069DFF344F5214B4FF00308C4F80A
:101F10002C808DE848001F4B286804931E4B1F49F6
:101F200005931F4A234602960396F8F7E9FBD8B9B2
:101F30001C4BD5F894068DE81800B02142461A4B88
:101F4000FDF746F880B9194BD5F894068DE81800CE
:101F5000B0215D22164BFDF769F928B91423A3625D
:101F60002B6883F8627103E02046FFF74BFF0024E3
:101F7000204606B0BDE8F08115D28700B906010001
:101F8000890501004DE08700FDD0870005D187005D
:101F900099D38700945B010019050100181C890082
:101FA0007AE68900171501008F160100551401000B
:101FB000C11401002DE9F043074687B04FF441708A
:101FC0000E4615469846E5F3DDF40446002878D021
:101FD00000214FF44172E0F3BFF42820E5F3D2F47E
:101FE0008146206020B92046E5F3DEF4484668E0EB
:101FF00000212822E0F3B0F423684FF441721C6002
:102000006261E5604FF0FF320025A261A760C4F86D
:1020100004809D711423A4F808322823A4F8063202
:102020002D23A4F804326E23A4F80A32022384F884
:102030000C326423A4F8383284F80D523046224919
:1020400022462B46F2F33AF0C4F8F80130B304F517
:102050001473C4F81832C4F814321C4B0526C4F8A3
:102060001C6200931A4B029501931A4B049503933B
:102070000595234638681849184AF8F741FB034686
:1020800060B9009038682168154AF8F78CFB28B9C8
:1020900084F8406284F84162206812E0D4F8F811B4
:1020A00019B1A3689868F1F3F1F7206908B100F05D
:1020B0003FF8206808B1E5F377F42046E5F374F4BF
:1020C000002007B0BDE8F08365F68700C5EF870004
:1020D00049F6870039FF87006C1C890000E88900F9
:1020E0006500880038B50546F0B10468E4B1D4F85D
:1020F000F81131B1A3689868F1F3C8F70023C4F868
:10210000F831A368224618680849F8F79EFAA368D0
:1021100021681868F8F7B8FB2846E5F345F420462F
:10212000BDE83840E5F340B438BD00BF00E88900A1
:1021300010B5044630B159F0B9DE2046BDE8104074
:10214000E5F332B410BD0000F7B506680546F36943
:102150001F6D02373F013846E5F314F4044610B30F
:1021600000213A46E0F3F8F384E8600010210026ED
:1021700028460E4A0E4B00960194FBF7E3FDB04251
:10218000A0610CDB04F1200363614FF44773E3604B
:10219000D5F8380604F11C01DFF3DEF518B120464E
:1021A000E5F302F434462046FEBD00BFB9088800BE
:1021B0009D08880010B5044648B1C36913B11C30AE
:1021C000DFF3E0F52046BDE81040E5F3EDB310BDC8
:1021D000F0B5D0F8244100682569C069006D8542DA
:1021E00011D267692E01B819013525614360059B3D
:1021F000BA518360069BC360E068C31C591821F084
:102200000301E160F0BD4FF0FF30F0BD37B505468A
:102210001820E5F3B7F3044638B300211822E0F3A1
:102220009BF32B68256063606B682846A360FFF70B
:1022300065FBE06088B15BF0AFD8002301468DE814
:10224000180028460A4A0B4BFFF7C2FF00282061FE
:1022500003DB51F04DD8606107E0E06808B1FFF79B
:1022600087FB2046E5F3A0F3002420463EBD00BFD7
:102270001D1B8800F91A880010B5044638B1C068E3
:10228000FFF776FB2046BDE81040E5F38DB310BDA7
:1022900073B505461820E5F375F30446002838D0D9
:1022A00000211822E0F358F30C20E5F36BF3064607
:1022B00000282DD000210C22E0F34EF32B6866613C
:1022C000256063602846FFF73DFDA060B8B15BF074
:1022D0009DD8002301468DE8280028460E4A0F4B62
:1022E000FFF776FF0028E06009DB56F013DA0C49AF
:1022F00020610C4AA0680C4BFFF76CFD09E0A06858
:1023000008B1FFF76FFD2046E5F34EF3002400E02F
:10231000044620467CBD00BFCD1B8800A91B880059
:10232000C1218800B5218800A91E880010B5044687
:1023300050B18068FFF756FD6069E5F335F320463C
:10234000BDE81040E5F330B310BD000070B5444B5C
:1023500086B000930023019302930393414B0446FC
:102360000493414B414905930068414A2346F8F7DD
:10237000C7F9054600286FD1D4F884341421A3F896
:102380006410A36A012683F84C00E36A204683F8B0
:102390004C60A16A5EF0E8D8E16A20465EF0E4D8BD
:1023A000204629465DF0EADBA36A83F84D50E36AD4
:1023B00083F84D50236A1869E7F7F6FE830707D5BF
:1023C000D4F884344FF0FF325E73D4F88434DA8169
:1023D0002368D4F884545E6951F0BCD90146304674
:1023E00051F052D9E862002836D0D4F884341F2244
:1023F00083F87820D4F88404052257304FF0FF3159
:10240000E0F3AAF22368D4F88424B3F8C810D3F810
:10241000D80051850A2151631649E1F315F1431E95
:102420000D2BD4F88454236898BF68631249D3F8FD
:10243000D800E1F309F185F88A00D4F88434012248
:1024400083F85120D4F8843400201A7883F84E2081
:10245000D4F88434586701E04FF0FF3006B070BD07
:10246000E9398800105C0100AD1E0100341D8900AF
:102470006EB5020081B5020072B50200D0F8843456
:1024800010B5D96A044611B1406851F00BD92068E3
:1024900002492246BDE81040F8F7D7B86EB50200F1
:1024A00038B503680446D0F884542749D3F8D800D7
:1024B000E1F3CAF0287023682449D3F8D800D4F88F
:1024C0008454E1F3C1F0E870D4F884341A78013A06
:1024D000D2B2FD2A01D901221A70D4F884341A78B4
:1024E0005A700023D4F88424D11812780133052BB4
:1024F00081F85220F6D1D4F8845401212846E0F323
:102500008BF4A870D4F88434DA78013AD2B2FD2A78
:1025100001D90122DA70D4F884340121DA785A71B1
:10252000D4F88454E81CE0F377F42871D4F88434A8
:1025300020461A799A715DF053DAB4F8581420469F
:10254000BDE838405DF0A49A8EB5020096B5020051
:1025500010B50446D8B140680D492246FBF72BFC64
:10256000236A1BB104F12000DFF30CF4237F23B1B5
:10257000606808492246FBF708FCA0680649224625
:10258000F8F763F82046BDE81040E5F30DB210BD42
:10259000D1568800515488007E5C010030B5054654
:1025A00087B02420E5F3EEF1044600283ED0002158
:1025B0002422E0F3D1F12B680022A360AB686560B0
:1025C000E3606B68042123610823A3822846194B2A
:1025D0008DE81400FBF7B6FB0028206022DB2846BC
:1025E00015492246FBF7CCFBE0B9012323772846A7
:1025F00012492246FBF7DAFBA0B9D5F8380604F1F8
:102600002001DFF3A9F368B90D4B0190009302900C
:102610000390049005900B4928680B4A2346F8F76D
:102620006FF818B12046FFF793FF0024204607B04B
:1026300030BD00BFC954880051548800D15688006D
:10264000555588001C1F89007E5C0100D0F8D036EB
:10265000186ADFF35DB3D0F8D036186ADFF3BAB387
:10266000F8B5D0F8846404460D46D1F8D800C149C5
:10267000E0F3EAF786F81C01D5F8D800BE49E1F38B
:1026800007F0D4F8846438B1D5F8D800BA49E0F33B
:10269000DBF786F8E80002E0022386F8E830D5F898
:1026A000D800B649E0F3F4F7D4F8846438B1D5F82B
:1026B000D800B249E0F3C8F786F8580102E0FF23DA
:1026C00086F85831AE49D5F8D800D4F88464E0F3E0
:1026D000BBF7AC49C6F82001D5F8D800D4F884641B
:1026E000E0F3B2F7A849A6F82A01D5F8D800D4F843
:1026F0008464E0F3A9F7A549A6F82C01D5F8D80021
:10270000D4F88464E0F3A0F7A149A6F82E01D5F827
:10271000D800D4F88464E0F397F786F8E900D4F899
:10272000843493F8E92012B9022283F8E920D5F81D
:10273000D8009849D4F88464E0F386F7A6F8C60078
:10274000D4F88464B6F9C63013B90123A6F8C630AC
:10275000D5F8D8009049E0F377F7C6F8D800D4F858
:102760008464D6F8D8301BB94CF25033C6F8D83050
:1027700096F8E93001229A40D6F8D810D5F8D8005A
:102780008A4288BFC6F8D820022212FA03F383498E
:10279000C6F8DC30E0F358F7C6F8E400D4F88464F7
:1027A000D6F8E4301BB94FF49673C6F8E430D5F888
:1027B000D8007B49E0F348F7A6F8C400D4F8846455
:1027C000B6F9C43013B91923A6F8C430D5F8D80027
:1027D0007449E0F339F786F86C01D4F8843493F83F
:1027E0006C2112B9052283F86C216F49D5F8D80005
:1027F000D4F88464E0F328F7D4F88434A6F8F00021
:1028000093F81C21694983F81D21D4F8843493F886
:102810001D2183F84821D4F88434DA7983F8AC2078
:10282000D4F884341A7A83F84521D4F884644FF6B6
:10283000A273A6F8EA30A6F8EC30A6F8EE30D5F888
:10284000D800E0F301F7A6F8F200D4F88464B6F9F2
:10285000F2301BB94FF6A273A6F8F23096F8E930C1
:10286000012212FA03F3D6F8D8205149934288BFC7
:10287000C6F8D8300023A6F8B230A6F8B430A6F8CF
:10288000B630C6F8B830C6F8BC30C6F8C030D5F897
:10289000D8001F46E0F3D8F686F844014549D5F83C
:1028A000D800D4F88464E0F3CFF686F84B01D5F86D
:1028B000D8004149D4F88464E0F3C6F6D4F88434EF
:1028C000C6F8240183F82971D4F88434D3F824217C
:1028D0001AB94FF49B72C3F8242193F81D2102B159
:1028E0000322C3F84C21C3F850210022C3F854211D
:1028F000D5F8D8003149E0F3CBF640B1D5F8D8008F
:102900002E49D4F88464E0F39FF6C6F85401D5F854
:10291000D8002B49E0F3BCF640B1D5F8D8002849DF
:10292000D4F88464E0F390F6C6F84C01D5F8D800EA
:102930002449E0F3ADF640B1D5F8D8002149D4F8E8
:102940008464E0F381F6C6F850011F492246002353
:10295000A068D4F88454F1F3B1F31C49C5F83001F0
:102960002246A0680023D4F88454F1F3A7F3C5F8F5
:102970003401F8BD2CB60200A4B6020074B6020001
:1029800057B60200CBB50200EEB5020000B6020059
:1029900096B602009EB5020067B602001FB602009E
:1029A000BEB50200CDB60200DDB5020081B6020060
:1029B00012B60200AEB50200BFB6020045B6020074
:1029C00035B60200AFB602003F330100AD3301005F
:1029D00038B5044680B105682246D5F84401074958
:1029E000FDF779FC284606492246FBF7CEF920463A
:1029F000BDE83840E4F3D8B738BD00BF1D7088008B
:102A0000B16E880037B505460820E4F3C1F70446E7
:102A1000C0B1056000220190042128460C4B0092B1
:102A2000FBF790F9002860600CDB28460949224634
:102A3000FBF7A6F930B9D5F8440107492246FDF75E
:102A400047FC18B12046FFF7C3FF002420463EBDD7
:102A5000596F8800B16E88001D70880038B5044633
:102A600070B1056821462868F7F70EFF2868054908
:102A70002246F7F7EAFD2046BDE83840E4F394B774
:102A800038BD00BF845C010030B5054687B00C201E
:102A9000E4F37EF70446002846D0274B05604FF448
:102AA0009071009301902022D5F89406234BFCF7F7
:102AB00011FB002838D1224BD5F894068DE8180078
:102AC0004FF4907123221F4BFCF704FB00282BD1FD
:102AD0001D4BD5F894068DE81800402188221B4B29
:102AE000FCF718FB00BBD5F8940680212022184B78
:102AF0000094FCF707FCB8B9164B02900093164BF4
:102B0000039001930490059014492868144A2346C1
:102B1000F7F7F6FD40B9134B286800932146124A97
:102B20000123F7F740FE18B12046FFF797FF002476
:102B3000204607B030BD00BF21768800E9738800C9
:102B4000557688000D748800C1758800D57388009B
:102B5000BD7388005D748800BD758800781F89008A
:102B6000845C0100701F89003174880010B5044630
:102B700060B1074B07491B882246C3581868F7F70E
:102B800064FD2046BDE81040E4F30EB710BD00BF61
:102B9000DA030000885C0100F0B5074687B0142016
:102BA000E4F3F6F6054620B3154B0646002404224E
:102BB00006F8044B1A80012347603372F460747284
:102BC000042101900F4A38460F4B0094FFF700FB99
:102BD000A04270600DDB0D4B0094019302940394AE
:102BE0000494059438682146094A2B46F7F788FD76
:102BF00018B12846FFF7BAFF0025284607B0F0BDF8
:102C0000DA030000D9778800B9778800297888002E
:102C1000885C010070B5054686B01820E4F3B8F66C
:102C2000044600285AD02B68002601224360056024
:102C3000082183F8AD20019032462846334600969D
:102C4000FFF7C6FAB04220614BDB10212846274A25
:102C5000274B00960194FBF775F8B042C5F8980130
:102C60003FDB0423E360234BA06005218DE81800BF
:102C7000D5F894064422204BFCF72CFA002830D1DA
:102C80001E4BD5F894068DE818004FF4907144223D
:102C90001B4BFCF71FFA002823D1D5F89406052119
:102CA0004422184B0094FCF7CBFCD0B9D5F894061D
:102CB000C0214422144B0094FCF7C2FC88B9134B8A
:102CC00001900093124B03900293049005901149D8
:102CD0002868114A2346F7F713FD10B9204606B0BD
:102CE00070BD2046E4F360F60024F7E779818800A0
:102CF0005D818800DD80880035808800358188000E
:102D000005818800558088003D858800C58288003F
:102D1000CD858800E01F89008C5C010010B5044659
:102D200048B1054922464068F7F78FFC2046BDE8C8
:102D30001040E4F339B610BD8C5C010070B5054657
:102D400086B03020E4F31EF60446002831D000217E
:102D50003022DFF301F61A4B256000930023019324
:102D6000029303930493059328681649164A234651
:102D7000F7F7C6FC0646E0B9FF23A3750123E37508
:102D80002B681249D3F8D800E0F382F420B1314621
:102D90003246E0F319F2A0752B680D49D3F8D8003C
:102DA000E0F376F448B100210A46E0F30DF2E07555
:102DB00003E0284661F094DD0024204606B070BD93
:102DC000A98C88001C20890056FB8900E3B602000C
:102DD000EDB6020038B50446002820D061F0D4DDFD
:102DE000A36A73B1204661F099DA0AE02B6868683B
:102DF0006360E4F3D9F52846E4F3D6F5237D013B7F
:102E000023756568002DF1D12368054918682246AD
:102E1000F7F71BFC2068BDE8384061F0619D38BDC4
:102E200056FB8900776C635F626D61635F696E66F4
:102E30006F5F696E69740000000000000000000010
:102E40000000000000000000000000000000000082
:102E50000000000000000000000000000000000072
:102E60000000000000000000000000000000000062
:102E70000000000000000000000000000000000052
:102E80000000000000000000000000000000000042
:102E90000000000000000000000000000000000032
:102EA0000000000000000000000000000000000022
:102EB0000000000000000000000000000000000012
:102EC0000000000000000000000000000000000002
:102ED00000000000000000000000000000000000F2
:102EE00000000000000000000000000000000000E2
:102EF00000000000000000000000000000000000D2
:102F000000000000000000000000000000000000C1
:102F100000000000000000000000000000000000B1
:102F200000000000000000000000000000000000A1
:102F30000000000000000000000000000000000091
:102F40000000000000000000000000000000000081
:102F50000000000000000000000000000000000071
:102F60000000000000000000000000000000000061
:102F70000000000000000000000000000000000051
:102F80000000000000000000000000000000000041
:102F90000000000000000000000000000000000031
:102FA0000000000000000000000000000000000021
:102FB0000000000000000000000000000000000011
:102FC0000000000000000000000000000000000001
:102FD00000000000000000000000000000000000F1
:102FE00000000000000000000000000000000000E1
:102FF00000000000000000000000000000000000D1
:1030000000000000000000000000000000000000C0
:1030100000000000000000000000000000000000B0
:1030200000000000000000000000000000000000A0
:103030000000000000000000000000000000000090
:103040000000000000000000000000000000000080
:103050000000000000000000000000000000000070
:103060000000000000000000000000000000000060
:103070000000000000000000000000000000000050
:103080000000000000000000000000000000000040
:103090000000000000000000000000000000000030
:1030A0000000000000000000000000000000000020
:1030B0000000000000000000000000000000000010
:1030C0000000000000000000000000000000000000
:1030D00000000000000000000000000000000000F0
:1030E00000000000000000000000000000000000E0
:1030F00000000000000000000000000000000000D0
:1031000000000000000000000000000000000000BF
:1031100000000000000000000000000000000000AF
:10312000000000000000000000000000000000009F
:10313000000000000000000000000000000000008F
:10314000000000000000000000000000000000007F
:10315000000000000000000000000000000000006F
:10316000000000000000000000000000000000005F
:10317000000000000000000000000000000000004F
:10318000000000000000000000000000000000003F
:10319000000000000000000000000000000000002F
:1031A000000000000000000000000000000000001F
:1031B000000000000000000000000000000000000F
:1031C00000000000000000000000000000000000FF
:1031D00000000000000000000000000000000000EF
:1031E00000000000000000000000000000000000DF
:1031F00000000000000000000000000000000000CF
:1032000000000000000000000000000000000000BE
:1032100000000000000000000000000000000000AE
:10322000000000000000000000000000000000009E
:10323000000000000000000000000000000000008E
:10324000000000000000000000000000000000007E
:10325000000000000000000000000000000000006E
:10326000000000000000000000000000000000005E
:10327000000000000000000000000000000000004E
:10328000000000000000000000000000000000003E
:10329000000000000000000000000000000000002E
:1032A000000000000000000000000000000000001E
:1032B000000000000000000000000000000000000E
:1032C00000000000000000000000000000000000FE
:1032D00000000000000000000000000000000000EE
:1032E00000000000000000000000000000000000DE
:1032F00000000000000000000000000000000000CE
:1033000000000000000000000000000000000000BD
:1033100000000000000000000000000000000000AD
:10332000000000000000000000000000000000009D
:10333000000000000000000000000000000000008D
:10334000000000000000000000000000000000007D
:10335000000000000000000000000000000000006D
:10336000000000000000000000000000000000005D
:10337000000000000000000000000000000000004D
:10338000000000000000000000000000000000003D
:10339000000000000000000000000000000000002D
:1033A000000000000000000000000000000000001D
:1033B000000000000000000000000000000000000D
:1033C00000000000000000000000000000000000FD
:1033D00000000000000000000000000000000000ED
:1033E00000000000000000000000000000000000DD
:1033F00000000000000000000000000000000000CD
:1034000000000000000000000000000000000000BC
:1034100000000000000000000000000000000000AC
:10342000000000000000000000000000000000009C
:10343000000000000000000000000000000000008C
:10344000000000000000000000000000000000007C
:10345000000000000000000000000000000000006C
:10346000000000000000000000000000000000005C
:10347000000000000000000000000000000000004C
:10348000000000000000000000000000000000003C
:10349000000000000000000000000000000000002C
:1034A000000000000000000000000000000000001C
:1034B000000000000000000000000000000000000C
:1034C00000000000000000000000000000000000FC
:1034D00000000000000000000000000000000000EC
:1034E00000000000000000000000000000000000DC
:1034F00000000000000000000000000000000000CC
:1035000000000000000000000000000000000000BB
:1035100000000000000000000000000000000000AB
:10352000000000000000000000000000000000009B
:10353000000000000000000000000000000000008B
:10354000000000000000000000000000000000007B
:10355000000000000000000000000000000000006B
:10356000000000000000000000000000000000005B
:10357000000000000000000000000000000000004B
:10358000000000000000000000000000000000003B
:10359000000000000000000000000000000000002B
:1035A000000000000000000000000000000000001B
:1035B000000000000000000000000000000000000B
:1035C00000000000000000000000000000000000FB
:1035D00000000000000000000000000000000000EB
:1035E00000000000000000000000000000000000DB
:1035F00000000000000000000000000000000000CB
:1036000000000000000000000000000000000000BA
:1036100000000000000000000000000000000000AA
:10362000000000000000000000000000000000009A
:10363000000000000000000000000000000000008A
:10364000000000000000000000000000000000007A
:10365000000000000000000000000000000000006A
:10366000000000000000000000000000000000005A
:10367000000000000000000000000000000000004A
:10368000000000000000000000000000000000003A
:10369000000000000000000000000000000000002A
:1036A000000000000000000000000000000000001A
:1036B000000000000000000000000000000000000A
:1036C00000000000000000000000000000000000FA
:1036D00000000000000000000000000000000000EA
:1036E00000000000000000000000000000000000DA
:1036F00000000000000000000000000000000000CA
:1037000000000000000000000000000000000000B9
:1037100000000000000000000000000000000000A9
:103720000000000000000000000000000000000099
:103730000000000000000000000000000000000089
:103740000000000000000000000000000000000079
:103750000000000000000000000000000000000069
:103760000000000000000000000000000000000059
:103770000000000000000000000000000000000049
:103780000000000000000000000000000000000039
:103790000000000000000000000000000000000029
:1037A0000000000000000000000000000000000019
:1037B0000000000000000000000000000000000009
:1037C00000000000000000000000000000000000F9
:1037D00000000000000000000000000000000000E9
:1037E00000000000000000000000000000000000D9
:1037F00000000000000000000000000000000000C9
:1038000000000000000000000000000000000000B8
:1038100000000000000000000000000000000000A8
:103820000000000000000000000000000000000098
:103830000000000000000000000000000000000088
:103840000000000000000000000000000000000078
:103850000000000000000000000000000000000068
:103860000000000000000000000000000000000058
:103870000000000000000000000000000000000048
:103880000000000000000000000000000000000038
:103890000000000000000000000000000000000028
:1038A0000000000000000000000000000000000018
:1038B0000000000000000000000000000000000008
:1038C00000000000000000000000000000000000F8
:1038D00000000000000000000000000000000000E8
:1038E00000000000000000000000000000000000D8
:1038F00000000000000000000000000000000000C8
:1039000000000000000000000000000000000000B7
:1039100000000000000000000000000000000000A7
:103920000000000000000000000000000000000097
:103930000000000000000000000000000000000087
:103940000000000000000000000000000000000077
:103950000000000000000000000000000000000067
:103960000000000000000000000000000000000057
:103970000000000000000000000000000000000047
:103980000000000000000000000000000000000037
:103990000000000000000000000000000000000027
:1039A0000000000000000000000000000000000017
:1039B0000000000000000000000000000000000007
:1039C00000000000000000000000000000000000F7
:1039D00000000000000000000000000000000000E7
:1039E00000000000000000000000000000000000D7
:1039F00000000000000000000000000000000000C7
:103A000000000000000000000000000000000000B6
:103A100000000000000000000000000000000000A6
:103A20000000000000000000000000000000000096
:103A30000000000000000000000000000000000086
:103A40000000000000000000000000000000000076
:103A50000000000000000000000000000000000066
:103A60000000000000000000000000000000000056
:103A70000000000000000000000000000000000046
:103A80000000000000000000000000000000000036
:103A90000000000000000000000000000000000026
:103AA0000000000000000000000000000000000016
:103AB0000000000000000000000000000000000006
:103AC00000000000000000000000000000000000F6
:103AD00000000000000000000000000000000000E6
:103AE00000000000000000000000000000000000D6
:103AF00000000000000000000000000000000000C6
:103B000000000000000000000000000000000000B5
:103B100000000000000000000000000000000000A5
:103B20000000000000000000000000000000000095
:103B30000000000000000000000000000000000085
:103B40000000000000000000000000000000000075
:103B50000000000000000000000000000000000065
:103B60000000000000000000000000000000000055
:103B70000000000000000000000000000000000045
:103B80000000000000000000000000000000000035
:103B90000000000000000000000000000000000025
:103BA0000000000000000000000000000000000015
:103BB0000000000000000000000000000000000005
:103BC00000000000000000000000000000000000F5
:103BD00000000000000000000000000000000000E5
:103BE00000000000000000000000000000000000D5
:103BF00000000000000000000000000000000000C5
:103C000000000000000000000000000000000000B4
:103C100000000000000000000000000000000000A4
:103C20000000000000000000000000000000000094
:103C30000000000000000000000000000000000084
:103C40000000000000000000000000000000000074
:103C50000000000000000000000000000000000064
:103C60000000000000000000000000000000000054
:103C70000000000000000000000000000000000044
:103C80000000000000000000000000000000000034
:103C90000000000000000000000000000000000024
:103CA0000000000000000000000000000000000014
:103CB0000000000000000000000000000000000004
:103CC00000000000000000000000000000000000F4
:103CD00000000000000000000000000000000000E4
:103CE00000000000000000000000000000000000D4
:103CF00000000000000000000000000000000000C4
:103D000000000000000000000000000000000000B3
:103D100000000000000000000000000000000000A3
:103D20000000000000000000000000000000000093
:103D30000000000000000000000000000000000083
:103D40000000000000000000000000000000000073
:103D50000000000000000000000000000000000063
:103D60000000000000000000000000000000000053
:103D70000000000000000000000000000000000043
:103D80000000000000000000000000000000000033
:103D90000000000000000000000000000000000023
:103DA0000000000000000000000000000000000013
:103DB0000000000000000000000000000000000003
:103DC00000000000000000000000000000000000F3
:103DD00000000000000000000000000000000000E3
:103DE00000000000000000000000000000000000D3
:103DF00000000000000000000000000000000000C3
:103E000000000000000000000000000000000000B2
:103E100000000000000000000000000000000000A2
:103E20000000000000000000000000000000000092
:103E30000000000000000000646561646D616E5F59
:103E4000746F0072616D7374627964697300646584
:103E500061646D616E5F746F007370695F70755F30
:103E6000656E6162005344494F4445560067737064
:103E70006964776F72640050434D4349414445562D
:103E80000073645F6F6F626F6E6C790073645F675D
:103E9000706F757400475350492044776F726420E7
:103EA0004D6F646520656E61626C65640A007364C1
:103EB0005F677064630073645F677076616C002590
:103EC000733A2042726F6164636F6D2053445043B4
:103ED0004D4420434443206472697665720A00733E
:103EE0006470636D646364632564005344494F00E8
:103EF0000A525445202825732D25732573257329CF
:103F0000202573206F6E2042434D25732072256457
:103F100020402025642E25642F25642E25642F251E
:103F2000642E25644D487A0A0000434443006E6FB6
:103F3000637263006E6F7469665F63006E6F7469AD
:103F4000665F73006F66646D3267706F3D30782511
:103F5000780070612564677725646125643D307859
:103F6000257800706131686962303D2564007061B8
:103F700031686962313D256400706131686962327F
:103F80003D2564006761696E6374726C7370683D8F
:103F90002564007061316D61787077723D25640031
:103FA0006D656173706F77657225643D3078257833
:103FB0000072786761696E73256467256374726542
:103FC0006C6E616279706125643D256400706132B8
:103FD000676125643D307825782C307825782C3041
:103FE0007825780072737369736D6335673D256456
:103FF00000757362666C6167733D30782578007078
:1040000061326763636B6125643D307825782C30BD
:104010007825782C30782578007064657472616E2C
:10402000676532673D307825780075736233307587
:104030003175323D307825780073756276656E642F
:1040400069643D3078257800616725643D307825C6
:1040500078006F656D3D2530327825303278253017
:104060003278253032782530327825303278253054
:10407000327825303278006F66646D706F3D30782D
:1040800025780074656D706F66667365743D256490
:10409000006D656173706F7765723D3078257800CB
:1040A00072737369736D6632673D25640070617069
:1040B0006172616D62777665723D256400646F742C
:1040C000313161676F66646D687262773230326772
:1040D000706F3D3078257800697474326761303DC7
:1040E000307825780062786132673D25640072730C
:1040F0007369736D6332673D256400706135676273
:104100007734306125643D307825782C30782578F7
:104110002C307825782C307825782C307825782C20
:10412000307825782C307825782C307825782C300C
:104130007825782C307825782C307825782C3078B4
:104140002578006D63736277323035676C706F3D30
:10415000307825780000006D637362773230756CBB
:1041600035676C706F3D30782578006D63736277CA
:10417000343035676C706F3D3078257800000075FD
:10418000736275746D695F63746C3D307825780077
:1041900065787470616761696E32673D3078257843
:1041A00000616E74737763746C32673D3078257884
:1041B0000070726F647563746E616D653D25730088
:1041C00074785F647574795F6379636C655F746834
:1041D000726573685F25645F35673D25640072789A
:1041E0006761696E65727232676125643D3078255A
:1041F0007800616730006D61787032676125643DD9
:1042000030782578006277647570706F3D3078255E
:1042100078006E6F6973656C766C35676125643DF7
:1042200025642C25642C25642C25640062773430A9
:10423000706F3D307825780070613567627738306F
:104240006125643D307825782C307825782C3078BD
:1042500025782C307825782C307825782C307825E6
:10426000782C307825782C307825782C3078257883
:104270002C307825782C307825782C3078257800EB
:104280007573623330753175323D30782578007042
:1042900064657472616E676535673D3078257800B6
:1042A0006D6163616464723D25730074656D707344
:1042B0005F687973746572657369733D2564006D19
:1042C0006373256467706F25643D307825780062DC
:1042D0006F617264666C616773323D307825780077
:1042E000626F617264666C616773333D3078257804
:1042F000006C6564626825643D30782578007278CA
:104300006761696E732564672563747269736F6191
:1043100025643D256400616132673D307825780071
:1043200070726F6469643D307825780074656D70D3
:104330007468726573683D256400636869707265AE
:10434000763D2564006C65676F66646D6277323018
:1043500035676C706F3D307825780000006C6567BC
:104360006F66646D62773230756C35676C706F3D67
:1043700030782578006C65676F66646D62773230DF
:1043800035676D706F3D307825780000006C65678B
:104390006F66646D62773230756C35676D706F3D36
:1043A00030782578006C65676F66646D62773230AF
:1043B000356768706F3D307825780000006C656760
:1043C0006F66646D62773230756C356768706F3D0B
:1043D000307825780075736266733D2564007465D6
:1043E0006D70735F706572696F643D256400736200
:1043F0003430616E64383025637235672563706FC1
:104400003D307825780063633D2564002004D002A8
:10441000A6A9FFFF646F743131616764757025630D
:1044200072706F3D307825780061676125643D309A
:1044300078257800747269736F35673D3078257818
:104440000074656D7073656E73655F736C6F706516
:104450003D2564006D61787035676125643D307875
:1044600025782C307825782C307825782C307825D4
:1044700078007061316974737369743D25640070EC
:10448000613062303D25640070613062313D2564E9
:104490000070613062323D256400706135676125CE
:1044A000643D307825782C307825782C3078257844
:1044B0002C307825782C307825782C307825782C7D
:1044C000307825782C307825782C307825782C3069
:1044D0007825782C307825782C30782578006D6315
:1044E000736277383035672563706F3D3078257893
:1044F0000073756262616E6435677665723D25642E
:10450000007273736973617635673D2564006D636E
:1045100073627732303267706F3D307825780000F3
:10452000006D637362773230756C3267706F3D3047
:10453000782578006D6373627734303267706F3D31
:10454000307825780000007265677265763D3078B6
:104550002578006363746C3D30782578006E6F6950
:1045600073656C766C32676125643D2564007573F4
:1045700062333072656773303D307825782C30783F
:1045800025782C307825782C307825782C307825B3
:10459000782C307825782C307825782C3078257850
:1045A0002C307825782C307825780075736233307C
:1045B00072656773313D307825782C307825782CFA
:1045C000307825782C307825782C307825782C3068
:1045D0007825782C307825782C307825782C307810
:1045E00025782C307825780063636B706F3D3078C8
:1045F00025780074726935673D25640063636B64D8
:10460000696766696C74747970653D2564007665C8
:104610006E6469643D307825780066656D637472F8
:104620006C3D256400757362333072656773256471
:104630003D307825782C307825782C307825782CEA
:10464000307825780070646F66667365743267250C
:10465000646D6125643D30782578007573626570FE
:104660006E756D3D307825780070613168696D61D7
:10467000787077723D2564007278636861696E3D79
:104680003078257800626F617264666C6167733D93
:10469000307825780070613162303D2564007061AA
:1046A0003162313D25640070613162323D25640024
:1046B0007478636861696E3D307825780072786738
:1046C00061696E732564672563656C6E61676169F6
:1046D0006E6125643D2564006770646E3D30782509
:1046E00078007061306D61787077723D256400628A
:1046F000786135673D2564006167626725643D30F8
:104700007825780075736273737068795F736C6570
:104710006570303D3078257800757362737370680A
:10472000795F736C656570313D30782578007573FD
:104730006273737068795F736C656570323D307851
:1047400025780075736273737068795F736C656543
:1047500070333D30782578006C656464633D307853
:1047600025303478006D63733332706F3D307825B7
:1047700078007273736973617632673D2564006FE8
:10478000706F3D256400697474326761313D307823
:104790002578007278706F35673D25640065787400
:1047A00070616761696E35673D30782578006F66A6
:1047B000646D356768706F3D307825780074776F69
:1047C00072616E6765747373692564673D25640063
:1047D00073623230696E3430256372706F3D3078A9
:1047E0002578006D616E6669643D307825780065D6
:1047F0006C6E6132673D3078257800727063616C51
:1048000032673D307825780000000000000000721B
:104810007063616C356762303D3078257800000048
:10482000000000727063616C356762313D3078253D
:1048300078000000000000727063616C35676232BE
:104840003D30782578000000000000727063616CD4
:10485000356762333D307825780000000000007035
:10486000613062305F6C6F3D256400706130623191
:104870005F6C6F3D25640070613062325F6C6F3D2C
:1048800025640073623230696E3830616E6431368F
:104890003025637235672563706F3D307825780069
:1048A000636464706F3D3078257800626F61726474
:1048B000747970653D3078257800616E747377691E
:1048C0007463683D3078257800626F6172646E753C
:1048D0006D3D25640072646C69643D307825780014
:1048E0007874616C667265713D2564006D617870E5
:1048F00035676861303D3078257800727867616986
:104900006E73256467656C6E616761696E612564AD
:104910003D25640075736273736D64696F25643D32
:10492000307825782C307825782C307825782C3004
:104930007825780073756264657669643D30782502
:1049400078007061316C6F62303D256400706131B8
:104950006C6F62313D2564007061316C6F62323D75
:1049600025640073746263706F3D3078257800723F
:10497000786761696E65727235676125643D30786C
:1049800025782C307825782C307825782C307825AF
:1049900078007061316C6F6D61787077723D25645D
:1049A0000070646F666673657425646D6125643D8F
:1049B000307825780074656D70636F7272783D256C
:1049C00064006F66646D3567706F3D3078257800E0
:1049D0007573626E6F73733D307825780061613551
:1049E000673D3078257800637573746F6D766172FA
:1049F00025643D307825780074785F647574795F3C
:104A00006379636C655F6F66646D5F25645F3567AE
:104A10003D256400757569643D2573007573626496
:104A20006573635F636F6D706F736974653D307834
:104A300025780074656D7073656E73655F6F707453
:104A4000696F6E3D256400706170646361702564F8
:104A5000673D2564006C65676F66646D6277323010
:104A60003267706F3D307825780000006C65676FA5
:104A700066646D62773230756C3267706F3D307886
:104A800025780070646761696E2564673D25640060
:104A90006D617870356761303D30782578006D61E3
:104AA0007870356761313D30782578006D63732506
:104AB00064672563706F25643D30782578007068E1
:104AC0007963616C5F74656D7064656C74613D25BC
:104AD0006400706125646725637725646125643D02
:104AE000307825780063636F64653D3078300072FC
:104AF000656777696E646F77737A3D2564006F66CA
:104B0000646D6C72627732303267706F3D30782539
:104B10007800776F776C5F6770696F706F6C3D2599
:104B20006400616E74737763746C35673D3078250B
:104B3000780063636B3267706F3D3078257800745E
:104B4000726932673D25640063636B62773230328D
:104B500067706F3D3078257800000063636B627783
:104B60003230756C3267706F3D307825780069742B
:104B700074356761303D3078257800697474356725
:104B800061313D30782578006D63736C723567252F
:104B900063706F3D307825780070646F666673656A
:104BA00074326725646D76616C69643D3078257870
:104BB0000072786761696E732564677472656C6EE4
:104BC000616279706125643D256400626F61726481
:104BD0007265763D307825780072617774656D7006
:104BE00073656E73653D30782578007573627373F5
:104BF0007068795F75746D695F63746C303D30788F
:104C000025780075736273737068795F75746D6968
:104C10005F63746C313D307825780075736273730F
:104C20007068795F75746D695F63746C323D30785C
:104C300025780000000000006F66646D35676C70B9
:104C40006F3D3078257800706130697473736974D2
:104C50003D25640074737369706F7335673D3078F8
:104C60002578007278706F32673D25640074737325
:104C700069706F73736C6F70652564673D256400A0
:104C80007472693567683D2564006D616E663D2507
:104C9000730074726935676C3D2564006D637362DF
:104CA000773230356768706F3D30782578000000C6
:104CB0006D637362773230756C356768706F3D3045
:104CC000782578006D637362773430356768706F6C
:104CD0003D3078257800000073726F6D7265763D07
:104CE0002564006C65676F66646D34306475707040
:104CF0006F3D30782578006D617870356768613177
:104D00003D307825780064657669643D3078257893
:104D10000072786761696E73256467747269736F76
:104D20006125643D2564006D61787035676C613084
:104D30003D30782578006D61787035676C61313D64
:104D400030782578006570616761696E2564673D1C
:104D50002564007770736770696F3D256400776F15
:104D6000776C5F6770696F3D256400727373697358
:104D70006D6635673D256400747269736F32673DF7
:104D8000307825780074737369706F7332673D30C3
:104D9000782578007770736C65643D256400656CD8
:104DA0006E6135673D3078257800706135676277D0
:104DB000343038306125643D307825782C307825C2
:104DC000782C307825782C307825782C3078257818
:104DD0002C307825782C307825782C307825782C54
:104DE000307825782C307825782C307825782C3040
:104DF000782578006D63736277323035676D706F38
:104E00003D307825780000006D637362773230752D
:104E10006C35676D706F3D30782578006D63736217
:104E200077343035676D706F3D307825780000003D
:104E300063636F64653D25632563006D637362770B
:104E400031363035672563706F3D307825780049FD
:104E50006E76616C69642F556E737570706F7274C5
:104E60006564207874616C2076616C7565202564BA
:104E700000726D696E00636C646F5F62757273744B
:104E800000706C6C2564006C6E6C646F3100722570
:104E900064640072256474007874616C6672657174
:104EA000000000000C0000000200160002000000DC
:104EB00004000D000700000001000A0008000000C7
:104EC00004000D000A00000004000D000D000000A9
:104ED0000100070017000000040004001B00000090
:104EE000040001001C000000010007000000000099
:104EF00002000200010000000100010003000000A8
:104F00000200020004000000010001000500000092
:104F1000010001000600000001000100090000007E
:104F2000010005000B000000010001000C00000062
:104F3000020030000E000000010001000F00000020
:104F4000010001001000000001000100110000003C
:104F50000100010012000000030003001300000024
:104F60000100010014000000010001001500000014
:104F700001000100160000000100010018000000FF
:104F80000200130019000000020013001A000000C4
:104F9000020013001D000000010001001E000000BF
:104FA000010001000C00000002003000726D617809
:104FB0000000004B00079065000C1892000F6C7009
:104FC0006C646F3100000000010000000000000070
:104FD00000000000000000000200000000000000CF
:104FE00001000000000000000400000000000000BC
:104FF00003000000000000000800000000000000A6
:105000000000000000000000100000000000000090
:105010000700000000000000200000000000000069
:1050200057110000000000004000000000000000D8
:1050300017010000000000008000000000000000D8
:105040005701000000000000000100000000000007
:10505000030000000000000000020000000000004B
:10506000000000000000000000040000000000003C
:105070000300000000000000000800000000000025
:105080000704000000000000001000000000000005
:105090005701000000000000002000000000000098
:1050A000D7150000000000000040000000000000D4
:1050B000F7BDC20E000000000080000000000000EC
:1050C000F73DC20E000000000000010000000000DB
:1050D00000000000000000000000020000000000CE
:1050E000F73DC00E000000000000040000000000BA
:1050F000F73DC20E000000000000080000000000A4
:10510000F73DC20E0000000000001000000000008B
:10511000F73DC00600000000000020000000000075
:10512000F73DDA0E00000000000040000000000023
:10513000F73D0006000000000000800000000000B5
:10514000F73D4006000000000000000100000000E4
:10515000000000000000000000000002000000004D
:10516000D701000000000000000000040000000063
:10517000D70D000000000000000000080000000043
:10518000F73DC00600000000000000100000000015
:10519000F73DCA0E000000000000002000000000E3
:1051A000F73DCA1E000000000000004000000000A3
:1051B000F73DFA3E00000000726567256400636CED
:1051C000646F5F70776D0063686970632564006267
:1051D0006F617264747970650070726F64696400E5
:1051E000737764656E61626C65006770646E0062FF
:1051F0006F617264666C6167730062746378776173
:1052000072666C616773007874616C6672657100B8
:10521000626F617264726576006465766964006DC0
:105220007578656E616200776C30696400776C2513
:10523000643A2042726F6164636F6D2042434D2572
:1052400073203830322E313120576972656C6573A6
:105250007320436F6E74726F6C6C65722025730AD5
:105260000074656D705F74686F72745F6D6F6E69E6
:10527000746F725F74696D650074785F6D696E69D3
:105280006D756D5F647574795F6379636C650074C7
:10529000785F647574795F6379636C655F63636B72
:1052A0000061676267300061676267310061676251
:1052B00067320074656D7062617365645F647574F4
:1052C000795F6379636C655F656E0061613000745E
:1052D000785F647574795F6379636C655F6F66642A
:1052E0006D000000113382002534820000000000B0
:1052F000000000004E5652414D52657600736172B7
:105300003267006161326700204325430343214334
:105310002443184319431A431143134312431443BC
:10532000154316431B431C431D43284329432A436B
:105330002B432C432D43414340435043514352435D
:10534000534357439DA9760554435F433F434F431F
:105350002F433443354336433743384339431647A5
:105360004847274743436043464347434843314305
:1053700032433343AA43584359435A43A9435543FD
:10538000564363438043814382436443654366439A
:1053900074436743A043A143A243AE43AF43B0432A
:1053A000AB43AC43AD43E343E443E543E243D04383
:1053B000D143D243BA43BB43BC43B143B243B343EB
:1053C000A343A443A543B743B843B943C043C14330
:1053D000C243D343D443D543D643D743D843D94319
:1053E000DA43DB43DF43E043E143EC43ED43EE4389
:1053F000E943EA43EB432243D6A867A868A89CA9DF
:10540000D8A89DA91343144386A83143A7A9DBA8B4
:10541000D1A8DCA8A4A952AAC6A902AA31AA32AA74
:1054200074785F74656D705F74687265736800642A
:10543000657669640031316E5F64697361626C65C1
:105440000061673000616B6D0000000029948300EB
:105450005DB783000592830000000000453384009F
:10546000DD39840000000000000000007A626378EB
:105470006763696770696F00616E74737763746CDA
:10548000326700616E74737763746C356700776C94
:1054900025643A646D6125640061613267006C7453
:1054A000656378666E73656C006274635F6D6F64CC
:1054B0006500626F617264666C616773006D616341
:1054C00061646472006C746563787061646E756D9C
:1054D0000076656E646964007A626378666E7365EF
:1054E0006C00627463786C657363616E007A6263EA
:1054F000787061646E756D00637573746F6D76613D
:10550000723100637573746F6D766172320062740C
:10551000635F706172616D732564006274635F66BE
:105520006C6167730062746378776172666C61673F
:105530007300626F617264666C61677332006C74D1
:105540006563786763696770696F00626F61726431
:10555000666C6167733400626F61726472657600B5
:1055600064657669640073726F6D7265760062744B
:105570005F64656661756C745F616E74006D6F6EFB
:1055800069746F725F74696D655F6F7574006274C2
:105590006364796E5F64656661756C745F62746381
:1055A0005F6D6F64650070726F7465637465645FCE
:1055B00074696D655F6F75740062746364796E5FA2
:1055C0006D73775F726F77300062746364796E5FBA
:1055D0006D73775F726F77310062746364796E5FA9
:1055E0006D73775F726F77320062746364796E5F98
:1055F00064736E735F726F77730062746364796E45
:105600005F636F65785F74776F5F616E7400747845
:10561000635F6475725F7468726573680062746357
:1056200064796E5F6D73775F726F77330062746356
:1056300064796E5F6D73775F726F77730062746306
:1056400064796E5F64666C745F64736E735F6C65BF
:1056500076656C0062746364796E5F6274727373F2
:10566000695F6879737465720070726F745F6274D9
:10567000727373695F746872657368006374733200
:1056800073656C665F6475725F74687265736800D9
:10569000616C6572745F74696D655F6F75740062CB
:1056A000746364796E5F686967685F64736E735F63
:1056B0006C6576656C007266615F636F756E745FB2
:1056C0007468726573680062746364796E5F6D6993
:1056D000645F64736E735F6C6576656C006274639F
:1056E00064796E5F6C6F775F64736E735F6C657601
:1056F000656C0062746364796E5F666C61677300E9
:1057000062746364796E5F64736E735F726F773017
:105710000062746364796E5F64736E735F726F7737
:10572000310062746364796E5F64736E735F726F6D
:1057300077320062746364796E5F64736E735F7254
:105740006F77330073636F5F727373695F7468722E
:105750006573680063636F64650063630072656707
:10576000726576006576656E74710068733230001C
:10577000B1968600F196860061848600B184860029
:10578000B1968600F196860061848600B184860019
:10579000B1968600F19686002D8586009986860052
:1057A00000000000000000000000000000000000F9
:1057B0002D8586009986860000000000000000000C
:1057C000B1968600F1968600B1968600F196860025
:1057D000B1968600F1968600000000000D060F00CD
:1057E000000000000406300400000000020640062D
:1057F00072737369636F72726E6F726D00676C6142
:105800006369616C74696D65720063616C5F70657A
:1058100072696F64006C64706300747373696C699F
:105820006D75636F640025732E6661622E256400BA
:1058300074656D70746872657368002E6661622E9F
:1058400000747870777262636B6F6600696E74655E
:1058500072666572656E636500676C697463685F24
:1058600062617365645F6372736D696E0032675F56
:105870006367610072737369636F727261747465D8
:105880006E0070687963616C5F74656D7064656CDF
:1058900074610074656D70735F68797374657265A7
:1058A0007369730072737369636F72727065727279
:1058B0006732670074737369666C6F6F723267006A
:1058C000766261745F616464007061706476616CBB
:1058D0006964746573740073776469765F6770696F
:1058E0006F5F31006D63733267706F300073707576
:1058F00072636F6E666967006D63733267706F31D4
:105900000063636B64696766696C747479706500C1
:1059100065755F6564746872657368326700726587
:10592000645F7278626C6F636B696E670000010080
:105930006C094B0076011300323016000300417EE3
:105940000006000AD9032700250000009109000085
:105950006C090000000005035BE708003F581212C5
:105960002F141F1F1F1F20512761000009603F7067
:10597000020071094B00760113003230160003005B
:10598000417E0006000AD903270025000000910986
:10599000000071090000000007030D8208003F5855
:1059A00012122F141F1F1F1F2051276100000960B2
:1059B0003F70030076094B00760113003230160069
:1059C0000300417E0006000AD903270025000000DD
:1059D000910900007609000000000903BF1C0800BF
:1059E0003F5812122F141F1F1F1F20512761000044
:1059F00009603F7004007B094B00760113003230D0
:105A000016000300417E0006000AD9032700250086
:105A10000000910900007B09000000000A0371B733
:105A200008003F5812122F141F1F1F1F20512761FB
:105A3000000009603F70050080094B0076011300EB
:105A4000323016000300417E0006000AD903270009
:105A500025000000910900008009000000000C03EF
:105A6000235208003F5812122F141F1F1F1F2151CD
:105A70002761000009603F70060085094B00760130
:105A80001300323016000300417E0006000AD903DD
:105A90002700250000009109000085090000000092
:105AA0000D03D5EC08003F5812122F141F1F1F1FA3
:105AB00021512761000009603F7007008A094B00EF
:105AC00076011300323016000300417E0006000A02
:105AD000D903270025000000910900008A09000071
:105AE00000000F03878708003F5812122F141F1F52
:105AF0001F1F21512761000008603F7008008F09B7
:105B00004B0076011300323016000300417E000680
:105B1000000AD903270025000000910900008F0921
:105B2000000000001103392208003F5812122F1400
:105B30001F1F1F1F21512761000008603F700900CF
:105B400094094B0076011300323016000300417EA9
:105B50000006000AD9032700250000009109000073
:105B60009409000000001203EBBC08003F58121219
:105B70002F141F1F1F1F21512761000008603F6065
:105B80000A0099094B007601130032301600030019
:105B9000417E0006000AD903270025000000910974
:105BA000000099090000000014039D5708003F58A9
:105BB00012122F141F1F1F1F2151276100000860A0
:105BC0003F600B009E094B00760113003230160037
:105BD0000300417E0006000AD903270025000000CB
:105BE000910900009E090000000015034FF2080013
:105BF0003F5812122F141F1F1F1F21512761000031
:105C000007603F600C00A3094B007601130032309F
:105C100016000300417E0006000AD9032700250074
:105C2000000091090000A309000000001703018D86
:105C300008003F5812122F141F1F1F1F21512761E8
:105C4000000007603F600D00A8094B0076011300BB
:105C5000323016000300417E0006000AD9032700F7
:105C60002500000091090000A809000000001903A8
:105C7000B32708003F5812122F141F1F1F1F215156
:105C80002861000007603F600E00B4094B007601F8
:105C90001300323016000300417E0006000AD903CB
:105CA00027002500000091090000B4090000000051
:105CB0001D035E0108003F5812122F141F1F1F1FE3
:105CC00021512861000007603F606D617870326784
:105CD0006130000001006C09340004010D00233024
:105CE0004F000300417E0006000AD90327001A0076
:105CF0000000A20900006C0900000000B20827762D
:105D000008003F5817173C191F1F1F1F3B511961EF
:105D1000000009603F7002007109340004010D00A9
:105D200023304F000300417E0006000AD9032700FC
:105D30001A000000A2090000710900000000B70865
:105D4000B11308003F5817173C191F1F1F1F3B5165
:105D50001961000009603F700300760934000401F6
:105D60000D0023304F000300417E0006000AD903D6
:105D700027001A000000A2090000760900000000B8
:105D8000BB083BB108003F5817173C191F1F1F1FC6
:105D90003C511961000009603F7004007B09340028
:105DA00004010D0023304F000300417E0006000A6D
:105DB000D90327001A000000A20900007B09000097
:105DC0000000C008C44E08003F5817173C191F1F99
:105DD0001F1F3C511961000009603F7005008009D8
:105DE000340004010D0023304F000300417E000603
:105DF000000AD90327001A000000A2090000800948
:105E000000000000C4084EEC08003F5817173C196A
:105E10001F1F1F1F3C511961000009603F700600E1
:105E20008509340004010D0023304F000300417E3A
:105E30000006000AD90327001A000000A20900008A
:105E4000850900000000C908D88908003F581717C5
:105E50003C191F1F1F1F3C511961000009603F7052
:105E600007008A09340004010D0023304F000300AD
:105E7000417E0006000AD90327001A000000A2098B
:105E800000008A0900000000CE08622708003F5881
:105E900017173C191F1F1F1F3C5119610000086094
:105EA0003F7008008F09340004010D0023304F00BB
:105EB0000300417E0006000AD90327001A000000F3
:105EC000A20900008F0900000000D208ECC40800FD
:105ED0003F5817173C191F1F1F1F3C511961000025
:105EE00008603F7009009409340004010D0023305C
:105EF0004F000300417E0006000AD90327001A0064
:105F00000000A2090000940900000000D708766292
:105F100008003F5817173C191F1F1F1F3C511961DC
:105F2000000008603F600A009909340004010D0078
:105F300023304F000300417E0006000AD9032700EA
:105F40001A000000A2090000990900000000DC0806
:105F5000000008003F5817173C191F1F1F1F3C5116
:105F60001961000008603F600B009E0934000401C5
:105F70000D0023304F000300417E0006000AD903C4
:105F800027001A000000A20900009E09000000007E
:105F9000E008899D08003F5817173C191F1F1F1F55
:105FA0003D511961000007603F600C00A3093400F7
:105FB00004010D0023304F000300417E0006000A5B
:105FC000D90327001A000000A2090000A30900005D
:105FD0000000E508133B08003F5817173C191F1F26
:105FE0001F1F3D511961000007603F600D00A809A7
:105FF000340004010D0023304F000300417E0006F1
:10600000000AD90327001A000000A2090000A8090D
:1060100000000000E9089DD808003F5817173C19F8
:106020001F1F1F1F3D511961000007603F600E00D8
:10603000B409340004010D0023304F000300417EF9
:106040000006000AD90327001A000000A209000078
:10605000B40900000000F4084EEC08003F58171780
:106060003C191F1F1F1F3D511961000007603F6051
:1060700070726F70627732303267706F0072636F68
:10608000725F61636900706D696E00706170646D4C
:106090006F64650063616C696478657374746172C0
:1060A00067657432670063616C69647865737462F4
:1060B0006173653267007061326761305F6C6F00D9
:1060C00063636B3267706F0063636B7363616C65EE
:1060D0000074656D705F6D756C74007061706465DF
:1060E00070736F6666736574006F66646D32677097
:1060F0006F00706163616C69647832670073776404
:1061000069765F73776374726C5F656E006F666447
:106110006D64696766696C74747970656265004165
:1061200076566D6964495163616C0063636B6964A1
:10613000787063686F6666730074656D705F616424
:10614000640073776469765F6770696F006D63736D
:10615000627732303267706F0070617064656E64B0
:106160006964780001006C092600C0000A001A303A
:1061700080000300417E0006000AD90327001300B7
:106180000000B00900006C0900000000C70B00000F
:1061900008003F5817173C191F1F1F1F5051196146
:1061A000000009603F70020071092600C0000A006B
:1061B0001A3080000300417E0006000AD903270040
:1061C00013000000B0090000710900000000CD0BB1
:1061D000004008003F5817173C191F1F1F1F51513F
:1061E0001961000009603F70030076092600C000B5
:1061F0000A001A3080000300417E0006000AD9031D
:10620000270013000000B00900007609000000001C
:10621000D30B008008003F5817173C191F1F1F1F82
:1062200051511961000009603F7004007B0926008C
:10623000C0000A001A3080000300417E0006000AF8
:10624000D903270013000000B00900007B090000FB
:106250000000D90B00C008003F5817173C191F1F3A
:106260001F1F51511961000009603F70050080092E
:106270002600C0000A001A3080000300417E00069C
:10628000000AD903270013000000B00900008009AC
:1062900000000000E00B000008003F5817173C19F1
:1062A0001F1F1F1F51511961000009603F70060038
:1062B00085092600C0000A001A3080000300417ED4
:1062C0000006000AD903270013000000B0090000EF
:1062D000850900000000E60B004008003F58171732
:1062E0003C191F1F1F1F51511961000009603F70A9
:1062F00007008A092600C0000A001A308000030047
:10630000417E0006000AD903270013000000B009EF
:1063100000008A0900000000EC0B008008003F58D4
:1063200017173C191F1F1F1F5151196100000860EA
:106330003F7008008F092600C0000A001A30800054
:106340000300417E0006000AD90327001300000065
:10635000B00900008F0900000000F20B00C0080027
:106360003F5817173C191F1F1F1F5251196100007A
:1063700008603F70090094092600C0000A001A3026
:1063800080000300417E0006000AD90327001300A5
:106390000000B0090000940900000000F90B0000A3
:1063A00008003F5817173C191F1F1F1F5251196132
:1063B000000008603F600A0099092600C0000A003A
:1063C0001A3080000300417E0006000AD90327002E
:1063D00013000000B0090000990900000000FF0B45
:1063E000004008003F5817173C191F1F1F1F52512C
:1063F0001961000008603F600B009E092600C00084
:106400000A001A3080000300417E0006000AD9030A
:10641000270013000000B00900009E0900000000E2
:10642000050C008008003F5817173C191F1F1F1F3D
:1064300052511961000007603F600C00A30926005B
:10644000C0000A001A3080000300417E0006000AE6
:10645000D903270013000000B0090000A3090000C1
:1064600000000B0C00C008003F5817173C191F1FF5
:106470001F1F52511961000007603F600D00A809FD
:106480002600C0000A001A3080000300417E00068A
:10649000000AD903270013000000B0090000A80972
:1064A00000000000120C000008003F5817173C19AC
:1064B0001F1F1F1F52511961000007603F600E002F
:1064C000B4092600C0000A001A3080000300417E93
:1064D0000006000AD903270013000000B0090000DD
:1064E000B40900000000210C000008003F581717F5
:1064F0003C191F1F1F1F53511961000007603F60A7
:106500006974737369636F72720073776469765F1D
:10651000656E0065646F66667468643230756C0021
:10652000696E69747869647870636800647373660F
:106530007468007473736974696D650063636B627A
:106540007732303267706F007061706474656D709F
:10655000007061326761305F3270777200696E6916
:1065600074786964780063636B7077726F666673C2
:10657000657430004176566D69645F633000746500
:106580006D705F7100766261745F6D756C7400632D
:10659000636B696E6974786964780073726F6D7289
:1065A0006576006F66646D64696766696C7474799A
:1065B0007065007061706474656D7062696173000C
:1065C0006C636E32305F6E6F69736563616C5F74AC
:1065D000626C5F656E0065646F6E74686432306C07
:1065E000006C65676F66646D627732303267706F1A
:1065F000007061326761300074787077726F666620
:10660000736574326700706D617800766261745FE3
:10661000710006073F038A00000006073F0384005D
:10662000000006073F038000000006073F037B00D1
:10663000000006073F037700000006073F037200D3
:10664000000006073F036E00000006073F036A00D4
:10665000000006073F036700000006073F036300D2
:10666000000006073F036100000006073F035C00CF
:10667000000006073F035A00000006073F035700CB
:10668000000006073F035400000006073F035100C7
:10669000000006073F034F00000006073F034D00C0
:1066A000000006073F034B00000006073F034800B9
:1066B000000006073F034600000006073F034400B2
:1066C000000006073F034200000006073F034000AA
:1066D000000006073F033F00000006073F033D00A0
:1066E000000006073F033B00000006073F033A0097
:1066F000000006073F033800000006073F0336008E
:10670000000006073F033500000006073F03340082
:10671000000006073F033200000006073F03310078
:10672000000006073F033000000006073E032F006D
:10673000000006073C032F00000006073B032F0064
:10674000000006073B032D00000006073A032D005A
:10675000000006073A032C00000006073A032B004E
:10676000000006073A032900000006073903290044
:10677000000006073803280000000607380327003A
:10678000000006073803260000000607380325002E
:106790000000060738032400000006073703240022
:1067A0000000060737032300000006073703220016
:1067B000000006073703210000000607350321000B
:1067C0000000060735032000000006073403200000
:1067D0000000060734031F000000060732031F00F5
:1067E0000000060733031E000000060733031D00E8
:1067F0000000060731031D000000060732031C00DD
:106800000000060730031C00000006072F031C00D1
:10681000000006072D031C00000006072B031C00C8
:10682000000006072A031C000000060729031C00BD
:106830000000060728031C000000060728031B00B1
:106840000000060727031B000000060727031A00A5
:106850000000060726031A000000060724031A009A
:106860000000060723031A000000060722031A008F
:106870000000060721031A00000006072103190083
:106880000000060720031900000006071F03190077
:10689000000006071E031900000006071E0319006A
:1068A000000006071E031900000006071E0319005A
:1068B000000006071E031900000006071E0319004A
:1068C000000006071E031900000006071E0319003A
:1068D000000006071E031900000006071E0319002A
:1068E000000006071E031900000006071E0319001A
:1068F000000006071E031900000006071E0319000A
:10690000000006071E031900000006071E031900F9
:10691000000006071E031900000006071E031900E9
:10692000000006071E031900000006071E031900D9
:10693000000006071E031900000006071E031900C9
:10694000000006071E031900000006071E031900B9
:10695000000006071E031900000006071E031900A9
:10696000000006071E031900000006071E03190099
:10697000000006071E031900000006071E03190089
:10698000000006071E031900000006071E03190079
:10699000000006071E031900000006071E03190069
:1069A000000006071E031900000006071E03190059
:1069B000000006071E031900000006071E03190049
:1069C000000006071E031900000006071E03190039
:1069D000000006071E031900000006071E03190029
:1069E000000006071E031900000006071E03190019
:1069F000000006071E031900000006071E03190009
:106A0000000006071E031900000006071E031900F8
:106A10000000060F3FFF62000000060F3FFF5E0010
:106A20000000060F3FFF59000000060F3FFF550012
:106A30000000060F3FFF51000000060F3FFF4D0012
:106A40000000060F3FFF4A000000060F3FFF47000F
:106A50000000060F3FFF44000000060F3FFF41000B
:106A60000000060F3FFF3E000000060F3FFF3C0006
:106A70000000060F3FFF3A000000060F3FFF3700FF
:106A80000000060F3FFF35000000060F3FFF3300F8
:106A90000000060F3FFF32000000060F3FFF3000EE
:106AA0000000060F3FFF2E000000060F3DFF2E00E6
:106AB0000000060F39FF2F000000060F3AFF2D00DF
:106AC0000000060F39FF2C000000060F37FF2C00D6
:106AD0000000060F36FF2B000000060F36FF2A00CD
:106AE0000000060F35FF29000000060F35FF2800C3
:106AF0000000060F33FF28000000060F31FF2800BA
:106B00000000060F30FF27000000060F2FFF2700B0
:106B10000000060F2DFF27000000060F2EFF2500A6
:106B20000000060F2CFF25000000060F2BFF25009C
:106B30000000060F29FF25000000060F28FF240093
:106B40000000060F26FF25000000060F24FF260088
:106B50000000060F22FF26000000060F21FF26007E
:106B60000000060F21FF25000000060F22FF230072
:106B70000000060F20FF23000000060F1FFF230068
:106B80000000060F1FFF22000000060F1FFF21005C
:106B90000000060F1CFF22000000060F1CFF210052
:106BA0000000060F1CFF20000000060F1CFF1F0046
:106BB0000000060F1CFF1E000000060F1AFF1F003A
:106BC0000000060F1AFF1E000000060F19FF1E002E
:106BD0000000060F19FF1D000000060F18FF1D0022
:106BE0000000060F18FF1C000000060F16FF1D0016
:106BF0000000060F16FF1C000000060F17FF1B0009
:106C00000000060F17FF1A000000060F17FF1900FB
:106C10000000060F16FF19000000060F15FF1900EF
:106C20000000060F14FF19000000060F16FF1700E2
:106C30000000060F15FF17000000060F17FF1500D4
:106C40000000060F16FF15000000060F15FF1500C7
:106C50000000060F14FF15000000060F15FF1400BA
:106C60000000060F14FF14000000060F14FF1300AD
:106C70000000060F15FF12000000060F12FF1300A0
:106C80000000060F13FF12000000060F12FF120093
:106C90000000060F11FF12000000060F10FF120087
:106CA0000000060F0DFF14000000060F0FFF12007A
:106CB0000000060F0EFF12000000060F0CFF13006D
:106CC0000000060F0DFF12000000060F0CFF12005F
:106CD0000000060F0BFF13000000060F0CFF110051
:106CE0000000060F08FF14000000060F09FF130044
:106CF0000000060F08FF13000000060F0AFF110036
:106D00000000060F08FF12000000060F07FF130027
:106D10000000060F08FF11000000060F07FF120019
:106D20000000060F07FF11000000060F05FF13000B
:106D30000000060F08FF0F000000060F09FF0E00FD
:106D40000000060F08FF0E000000060F07FF0F00EF
:106D50000000060F04FF11000000060F05FF1000E1
:106D60000000060F03FF12000000060F04FF1000D2
:106D70000000060F01FF14000000060F02FF1200C2
:106D80000000060F01FF13000000060F02FF1100B4
:106D90000000060F01FF12000000060F02FF1000A6
:106DA0000000060F01FF11000000060F01FF100098
:106DB0000000060F01FF10000000060F01FF100089
:106DC0000000060F01FF10000000060F01FF100079
:106DD0000000060F01FF10000000060F01FF100069
:106DE0000000060F01FF10000000060F01FF100059
:106DF0000000060F01FF10000000060F01FF100049
:106E00000000060F01FF10000000060F01FF100038
:106E100000007261746573656C007374660063636F
:106E20006B5F6F6E65636F72655F74780074656D1C
:106E300070735F706572696F64007478636861690C
:106E40006E007278636861696E0073776469765F5B
:106E5000736E727468726573680073776469765FC5
:106E600074785F7765696768740073776469765FC3
:106E7000736E726C696D0073776469765F737763A4
:106E800074726C5F6D61736B0073776469765F63B6
:106E9000636B736E72636F72720073776469765F8F
:106EA00073776374726C5F616E74300073776469BA
:106EB000765F73776374726C5F616E7431007377A1
:106EC0006469765F7765696768740073776469766B
:106ED0005F736574746C650073776469765F656E63
:106EE0000073776469765F72785F706F6C6963793D
:106EF0000073776469765F63656C6C5F706F6C6953
:106F000063790073776469765F73776374726C5F1B
:106F1000656E0073776469765F7468726573680084
:106F200073776469765F6770696F5F310073776448
:106F300069765F63636B6E6F6973656573746C69A3
:106F40006D0073776469765F6C6F67326176670096
:106F500073776469765F6770696F007377646976C9
:106F60005F74785F706F6C696379007377646976BA
:106F70005F74696D656F757400616E746469765FC6
:106F800072737369646966667468726573680077A2
:106F90006F776C5F6770696F00776F776C5F677092
:106FA000696F706F6C00000073B54369164600226C
:106FB0002F2B04460D46019208DD332B06D01346D5
:106FC0000121E2F3D9F183059B0D07E00021204662
:106FD0000A46E2F331F2064B03401B0C1B0220462B
:106FE000336001A92A4600F005F801987CBD00BF76
:106FF0000000FF03F8B504460E461546E5F380F59C
:1070000040F61201002207462046E6F31BF3204615
:10701000E5F37EF520463946E6F322F3024B336072
:107020004FF4C8632B60F8BD4C6403000B46C06F7F
:1070300011461A46FFF7B8BF10B501210446C06FCC
:10704000E2F35CF2E06FE6F337F3002010BD37B5F2
:107050000024694601AA054600940194FFF7E6FF63
:107060009DE806000346284624F052DC20463EBD3B
:1070700038B50446C06FE2F3D3F148B12046FFF7BC
:10708000E6FF054638B92046FFF7D6FF284638BD4B
:107090004FF0FF3038BD002038BD2DE9FF410746D5
:1070A0004FF4B6700E4615469846E0F36BF404466E
:1070B000002832D000214FF4B672DBF34DF40A9B66
:1070C0003846009304F18003019304F18403029392
:1070D00031462A464346F2F7F1FBE067C0B101238F
:1070E000637440F612010022E6F3ACF20C21002298
:1070F000C4F88800E06FE5F3F7F42046F5F722FFC7
:107100002046FFF7B5FFE06FF2F780F9002500E0B9
:107110000B252046E0F348F400E01E25284604B085
:10712000BDE8F081CDAB000001BC600300104E0350
:10713000BFDE02F00E5C0280C12700000403BFDE48
:1071400002F0105903A85E02F0001203A65E02F0DE
:10715000001202825E5300001202855EAF00001230
:10716000020200BF00000F03A85E02F000120282BC
:10717000DEBB0000120282DEB300001202845EB7A2
:1071800000001202845EB3000012028600C70000F5
:1071900012028480C300001201BC63FF1FF0400094
:1071A000008000000000035B5E02F0001401BC6080
:1071B0001300104300015E02F0000000025E02F0C6
:1071C000182C020200BF0000B402045EFF00001B86
:1071D000006B446556801B01846002F7F7BF01BC59
:1071E0006003000AA600025E02F012370202DEFF10
:1071F000000020006B44655520200182E002F7F773
:10720000BF03BFDE02F006C30201AC7B0000250015
:10721000E844656177A101BC607F0817A2006D5E3C
:1072200086F4402500A82C7B010B1E00682B4F0024
:10723000002A0280DEFF0000B4006B44655A60B48F
:107240000184E006F577AB00025E02F0159B0204B4
:1072500080C700002C028180C700002E01806002E0
:10726000F7F7BF01BC6003000ADA00902BE300D7F8
:10727000A200E02BDEF457A3006D446AF4603200F4
:10728000B02BD7000AF001876002F7F7BF00682B28
:10729000BF00003A00E944655DF7A300E8C4695EF9
:1072A00077A20068DE8B00003A006DDE8D5E003A4A
:1072B0000286ABD300003A01876006F7F7BF0207EA
:1072C000DEFF00003F00E844655A37A2006D5E898A
:1072D0005A003F0187E002F7F7BF01BC6003000AD4
:1072E000D100682C6F00004501BC61F70017A100B8
:1072F000E844656377A2006D5E8AF4204501BC60B6
:1073000003000B1B00A82C7B002B1E00682AE70043
:10731000005100E844655737A1006DDE8556404CAA
:1073200000682B2300005100E844655917A1006D47
:10733000DE8556404E03BFDE02F0005101BC600303
:10734000000ABA01BC6003000AB901BC6003000A6C
:10735000C801BC6003000AC000A82C7B004B1E02C1
:1073600002DEB30000540200420300005400025E3B
:1073700002F00D2F0203C57300005702845EB300B4
:1073800000B40068AAEF0000B40284DEB700005920
:10739000020180C700007900B02AAB0017A202806A
:1073A0002BD300006000B02B030017A1006DDE8519
:1073B0005BE0AB00685E8700006000682BE70000C0
:1073C0006000B02BE70017A200682AEB00006600FF
:1073D000E844655757A101856006F5D7AE006DDE1C
:1073E00086F440AB00E05E8554F7A1006DDE86F4C4
:1073F00040AB01856002F5D7AE0202DEBB0000792A
:1074000000682A9B00007900E8446555D7A100E098
:107410002A9B0157A2006EDE86F440720182E002D0
:10742000F5D7AE0181600163CB1E01BC6003000A89
:10743000EA01BC6003000AA601BC6003000AE50380
:10744000BFDE02F00079006EAA9AF4207800E82AE4
:107450009AF437A100902A9B0037A2006E2A9EF46E
:10746000407700B02A9F0017A20069DE86F44079B9
:1074700003BFDE02F000AB0284DEB700009E02888C
:1074800081AB00009C02045EB70000B4020480C718
:1074900000008500682AF700208500682AF7008030
:1074A0008500682ADF00008400682AF702E0820075
:1074B00068AAF708608400E844655637A1006D5E4D
:1074C0008556E0B402005EFF00009C028080BF0091
:1074D000009C00682B2300008B02802BD300008BC4
:1074E00000B02B2B0017BB006E2B02F760B403BF5C
:1074F000DE02F0009C0205DEB700008E00682AF76D
:107500000860B403BFDE02F0009C028400C70000E4
:1075100090028600C700009200682AEB00009C02DF
:10752000812C2700009C00E844655637A10206AB79
:10753000D300009600E845C95AF7A203BFDE02F067
:10754000009700E845895AF7A20286ABD300009A5B
:1075500000E85E86F457A10069DE8557009C006C48
:10756000C4655660B402855EB70000B400025E02D6
:10757000F015BE03BFDE02F000B40285ABD30000FD
:10758000A50206ABD30000A301BC63FF1FF7A10057
:107590006845C6F4209C03BFDE02F000A501BC6371
:1075A000FF1FF7A100684586F4209C0203C5730005
:1075B00000AB02855EB70000AB020100C70000B45B
:1075C000006B44655680B40020E3FE1460B4028270
:1075D000DEBB0000B402022C270000AE0282DEBB3C
:1075E0000000AE03BFDE02F0009C028881AB000009
:1075F000B40282DEB30000B4028080BF0000B40297
:1076000084DEAF0000B402825EBB0000B400025E04
:1076100002F015EE018060020D906C03595E02F0DD
:1076200000B603D85E02F000B703D8DE02F000B85F
:1076300001BC618300112900B0007B00112B01BC4B
:10764000630300112303125E02F00CB003975E0285
:10765000F00D4303D05E02F0039403D0DE02F00687
:107660003D03D5DE02F00C6203915E02F006980342
:1076700096DE02F00C5D0288C17300012303C45E34
:1076800002F0081003C75E02F0083403DCDE02F0EB
:10769000163503AA5E02F008A40386DE02F00CA1F0
:1076A0000287C037000CA103835E02F00A50020675
:1076B00080C70000D00202B0E70000D0006C30EEBE
:1076C0002320D00182E001872C3901BC607F1FF7A5
:1076D000A201E05E8A1070830391DE02F0072002AF
:1076E0000680C7000107020601AB0000E30200307C
:1076F000E70000E30068DE4B0620E30200420300DF
:1077000000E3028445230000E30280B0E70000E3C9
:10771000006E45170020E301BC600300108000A844
:10772000412300F04803D0DE02F000DC03D05E020B
:10773000F000DD03D5DE02F000DE00E001DF002016
:10774000770180E005872C3901BC6003000C3A000A
:10775000025E02F0180700025E02F0181B020E0122
:10776000AB0000F0028445230000F0020130E70086
:1077700000F000E001E300207801816001872C39EE
:107780000180E001872C39010C81430017A60068B5
:10779000DE9B0060ED01BC6003004C3A03BFDE02DB
:1077A000F000EF0068DE9B0040EF01BC6003002C9E
:1077B0003A00025E02F01807020681AB00010702E0
:1077C0000230E70000FB028042030000FB02844518
:1077D000230000FB03915E02F0069800E001EB003D
:1077E000207A0180E005872C3901826001872C39DD
:1077F00001BC6003000C3A00025E02F018070002B0
:107800005E02F0181B0201B0E70000FE006C30F2CF
:107810002320FE0181E001872C39020330E70001BB
:1078200007006C30F623210701836001872C3902A1
:1078300000420300010700685E4B04410500685EDA
:107840004B00410503BFDE02F0010701826006091B
:10785000104801BC600300114503C2DE02F00D0AAE
:1078600000025E02F0123603D4DE02F007B903A371
:10787000DE02F0000203C85E02F005FB0204DEB384
:10788000000110020145230001100184E002F59778
:10789000AC00025E02F006370201C52300011201AE
:1078A00087E002F577AB00025E02F00EAF00025EE9
:1078B00002F0117702182E2700011600025E02F076
:1078C000118A03A25E02F0012003565E02F0011D40
:1078D00001866006091048031F5E02F0011D006A60
:1078E0005E2300011C00B0002700178800E85E231B
:1078F00000378803A65E02F0018E00025E02F011DE
:10790000F80028600E08E1B403C4DE02F00D7A002E
:1079100020C2030021BC03BFDE02F0020D03815E22
:1079200002F001250300DE02F000C30188E0020B33
:10793000905C03BFDE02F0039102874063000127E1
:10794000018EE00EF4301802874063000129000226
:10795000DE02F000000287406300012B00B05E8B66
:10796000001019018EE00AF430180002DE02F00067
:107970000001BC606300107B01BC601B00107A0139
:10798000AC607EF47075028741D70001320002DEE0
:1079900002F0000001BC606300107B01BC601B00B2
:1079A000107A01AC60BEF47075028741D7000137D0
:1079B0000002DE02F0000001BC606300107B00B03A
:1079C0005E8B00107A01AC607EF43075028741D77F
:1079D00000013C0002DE02F0000001BC6063001008
:1079E0007B00B05E8B00107A01AC60BEF430750293
:1079F0008741D70001410002DE02F0000001BC60B7
:107A0000030280060280DE0700014D01DA6002F009
:107A1000178002085E0700016101BC60031E17A108
:107A200000E05E02F4306501BC60031C17A100E0B9
:107A30005E02F4306401BC600300281103BFDE0263
:107A4000F0016701105E030017A101035E03001738
:107A5000A200E05E86F457A100885E870037A2008E
:107A6000E05E86F457A100E0015AF430630286001C
:107A7000C300015800B0560B00106200B054030060
:107A8000106201BC600300281103BFDE02F001692F
:107A900000B0418F0010620109DE030017A10068E9
:107AA000DE8700415C00E05E870037A100885E87CA
:107AB0000057A100E05E8504B7A100E05E8703C027
:107AC0000601BC600300481103BFDE02F00169013A
:107AD000BC60070217A100E05E02F4306501BC60E3
:107AE000070017A100E05E02F4306401BC600318D7
:107AF000000601BC600300081100B05A03001062C8
:107B000000B058030010630002DE02F0000001BC68
:107B1000600306379201BC63FF1FF0C301BC600322
:107B20001890E301BC60FB1C10E501BC6003005031
:107B30001000B0404300180000B040470010E700BC
:107B400002DE02F0000000E840330097A100B040E0
:107B50000B0017A3006D5E86F4617700905E8F00C6
:107B600037A303BFDE02F0017800905E870037A3E1
:107B700001BC601B0437A100E05E8EF437A301F066
:107B800041970017A1006DDE86F4618C0287C197D2
:107B900000018001385A030017A1013C5A03001765
:107BA000A203BFDE02F00182013C5A030017A101CB
:107BB000385A070017A200685E86F4818700D85EF5
:107BC0008B0037A200E14196F4506500E1C19700B7
:107BD000306503BFDE02F0017A00D85E8B0037A269
:107BE00000E14196F457A100E1DE870037A101F0E2
:107BF0005E870017A1006EDE86F4618D01BC63FF15
:107C00001FF7A40002DE02F00000020681AB0001B3
:107C10009001826001872C390020E38E0900020365
:107C20001EDE02F00196039F5E02F0019601BC6029
:107C3000430117A100A84122F4304803BFDE02F03F
:107C400000020208411F00019301816005610B08D9
:107C500000025E02F00D2F00B000AB00108600B0F5
:107C6000016300108A00025E02F0107301BC600321
:107C700004179200B0003B00111D0190600609102E
:107C80004803A1DE02F001AE0181E00609104801BF
:107C9000BC600300904201BC600300112D039EDE16
:107CA00002F001B101846002F2979400B045170020
:107CB000178F00B05E170017900200441F0001AA42
:107CC000018560020910480181600700104701F03A
:107CD000DE0F0037A1020400BF0001AD01F084C730
:107CE0000037A100A044B6F43145039EDE02F00146
:107CF000B101BC613712B08003BFDE02F0000200A8
:107D0000A044B42A314501BC612712708003BFDE54
:107D100002F000020020E082090002010CDE5300A4
:107D200017A101885E8700104701BC600300504224
:107D30000108411F0017A1018CDE86F2979403BF52
:107D4000DE02F000020002DE02F000000020E07E11
:107D500009000200025E02F012020283C21F00004C
:107D600002020280F30001C600B044670017A101BF
:107D70007C5E862357A302835EFF0001C500E000FE
:107D8000FAF4682901836006F7F7BF006BDE8D0502
:107D900021CA0206D0030001CE00E950862337A194
:107DA00000E8D08A2357A20069DE8B0001CE0002D2
:107DB0005E02F00D2F0191601684F42700E020A7E9
:107DC00000882903BFDE02F0036E00025E02F003AA
:107DD00071020400BF0001D603945E02F0000200AD
:107DE00020C28F06000200A0428F01F78000685E6B
:107DF000002DC00200025E02F00D2F03BFDE02F074
:107E000000120201C28F000002011400630017A1DA
:107E100000685E8700600200025E02F00D2F019490
:107E2000600F00001800025E02F001DD03BFDE02F9
:107E3000F00012011400630017A100B05E8700106B
:107E4000A501BC60131B906000685E870001E40020
:107E5000E0418306D06000E85E870037A103BFDE03
:107E600002F001E0028050C30001F20187600403C8
:107E700010A000B000630010B400B042D30018009E
:107E8000008841830030B601BC60030B10B500B020
:107E9000006300B0B40317DE02F001EB0397DE02CB
:107EA000F001EC018060068614300068D0D3000138
:107EB000F20068D0D70001F200B04467001434002B
:107EC000B0446B0014350002DE02F000000020E038
:107ED0001280420C018760040310A000B000630010
:107EE00010B401BC60030E10B500B0006300F0B424
:107EF00001BC60570310B600B000630010B401BCB1
:107F0000600302D0B50207500B00020901BC6003F8
:107F100003D0B5018E6002F297940204500B000268
:107F2000020204D00B00020201866006F297940060
:107F3000E042D700D0B500A0500B1117A10068DEB9
:107F4000871102080186E006F2979400E042D7000C
:107F500050B50207D00B00020800E042D70090B5F0
:107F600000B042D70011E100B0006300B0B40317C5
:107F7000DE02F0020A0397DE02F0020B0002DE02CC
:107F8000F00000006820C3000210006CC465060009
:107F90001201BC6003000830006820BB000216001C
:107FA000B044670017A2006C446988A215006B44B6
:107FB0006988A012006EDE8905E01201BC60030032
:107FC000082E0020E0BE090002020681AB00021A62
:107FD0000281B0E70000020280B0E70000020390D7
:107FE0005E02F0001203A25E02F0022C00025E02AA
:107FF000F01163020200BF00022B0284DEAF000218
:108000002302045EB700022B00025E02F015690233
:10801000045EB700022B03BFDE02F0000202045E22
:10802000B7000226020480C700022B02805EFF0018
:10803000022B00025E02F0150D0206ABD300022AED
:1080400002052C2300022A03BFDE02F0022B03BF2D
:10805000DE02F0000200025E02F012020200421F85
:10806000000243006842F300022F006D42F30062F9
:1080700043011400630017A100B05E870017A2033C
:10808000A25E02F0023703145E02F00245006EC4E5
:108090005680624502814523000245006E5E8700DE
:1080A000624301BC60030077A200886006F457A316
:1080B00000885E8B01001800E85E8B0037A200206C
:1080C000C28EF4623D006ADE86F4423703BFDE02F0
:1080D000F00243020400BF00026F00900063010140
:1080E00065008085970217A100E064820DA16600FB
:1080F000025E02F011DF03BFDE02F0026F01826058
:108100000209104803BFDE02F0000201BC60030058
:10811000111500B0017F0017A6031F5E02F0025484
:10812000020300C300024A0020C28F02024E032550
:108130005E02F002540020C28F02024E006881539A
:10814000FFE01203BFDE02F0025001946013000052
:108150001803BFDE02F0026F039EDE02F00253003E
:1081600068DE980BC2530201411F000F2501856094
:108170000209104800685E980BC25800695E9F00B3
:1081800062720298428F00025803BFDE02F0027250
:108190000201411F000F25020400BF00025F021808
:1081A000428F000F2500025E02F011C100025E0244
:1081B000F011DF0194058700001803BFDE02F00212
:1081C0006F0200150B000268020016BB00026B0074
:1081D000B014970017A10068DE84B2226800B014C2
:1081E0009B0017A10068DE84B2426800B0149F00B3
:1081F00017A10068DE84B26268029E14E700026B79
:108200000201C28F00026D0194600F00001803BFCD
:10821000DE02F0026F0201C28F00026D0180600673
:108220000D906C0200C28F000F25019460070000C2
:108230001800025E02F001DD020400BF0002A1038B
:10824000BFDE02F002A101BC6003181060012950DA
:108250000B00179200B0017B001065006800EB0076
:10826000027A00885A130117A100E84466F437A186
:10827000006EDE8407427A03BFDE02F007B201908F
:1082800060120910480194601F00001801085A0F7D
:1082900000178101885E0681540A01345A0F0017C5
:1082A0008000025E02F0014300B0017B0010650017
:1082B000B056230017A100E05E86A097A100E85EFB
:1082C0008400F40300E85E8400F41600B05A030052
:1082D000141300B05A0700141400B05A0B00141500
:1082E0000068DE0700429200E800970057A101BC39
:1082F0005E86F0141B017C5E8700F41C00B02047F2
:1083000000178100025E02F0108400B0017B0010B3
:108310006501085A0F00178100B05E8700141E0324
:10832000BFDE02F0029500B0561700141B00B056D5
:108330001B00141C00B0541300141E00B050130096
:108340001086006D00A700829B0190016300108AD7
:1083500000B0418F00106200025E02F0160200B011
:10836000422B00140601BC60031817A1006DC18CDC
:1083700020029E01BC60030297A100E05E840377A7
:10838000A100E05E86B0111D03BFDE02F0033702DC
:108390000300C70002B1020CD0030002B1011400B7
:1083A000630017A1028500630002B10080DE87012F
:1083B000F7A201BC601B1857A200E05E8A0DB065F1
:1083C00000B041970014320080DE8700B7A201BCE4
:1083D000601B15D7A200E05E8A0DB06400B0419327
:1083E0000014330068D8130002BF02005A1B0002B9
:1083F000B30180600684F42703BFDE02F006C302E7
:1084000001D0030002B300B0509B00142F0281D0B2
:10841000C700036B00025E02F00371010BD0030082
:1084200017A1013C502B0017A2018C5E86F457A1C6
:10843000014801430017A2010C81430017A3006803
:108440005E8F0022BC018CE0000A17A200685E86E5
:10845000F442BF0191601284F42703BFDE02F003EF
:108460006E00025E02F001F300B0501300108600AF
:10847000B0501700108A03A25E02F0030B020CD06A
:10848000030002DE020300C70002DD00B050CB0093
:10849000106500025E02F01698020350C70002CB7E
:1084A00001BC60230097A100A85002F4340003BF70
:1084B000DE02F002E2020481AB0002CD006D424612
:1084C000C0801200B05A1300178000025E02F00153
:1084D0004D00B0540F00141E00B05A070017A10041
:1084E000B05A1300178001875A16F0178000B04168
:1084F0008F00106500025E02F0160B00E05E86A0A1
:10850000740302875E030002DC0109DE030017A387
:1085100000E05E8B0077A200E05E8AF477A200881C
:108520005E8B0037A100E05E86F4508903BFDE0257
:10853000F002E2006D424A848012010650070017E3
:10854000A1028CD0030002E100685E870002E20114
:1085500082DE86863431018260028634310020D08A
:10856000030402E800B0504F0011F200B050530075
:1085700011F300B050570011F401BC60030091F0FA
:10858000020601AB000304020150030003040206CB
:1085900001AB00030403A25E02F00304028030E793
:1085A00000030401806005872C3900E001E700200A
:1085B0007901BC60430890E600025E02F0016A01A6
:1085C000BC60031910E401BC600300000601BC603C
:1085D0000301D78201D2DE0877F0E000B00F03007C
:1085E00010E100B0004700108600B00F1F00108A95
:1085F00001BC600300378100025E02F0107000B021
:10860000059B00106400E8581A28F14500B0058B5E
:10861000001064006A4516C082FF00025E02F0107E
:1086200095006E451700430101BC600300514501F0
:10863000BC60030010BB01BC610303B08003BFDE5C
:1086400002F0001203945E02F0030B0206500300D6
:1086500003070287DEAF00030B028150030005DC35
:108660000202D0C700030A0208502B00030B028548
:10867000D0030005F30190601286343101105007D9
:108680000017A60068DE9B004317013A5007001749
:108690008000885E0300778000E000AEF010640088
:1086A000B05E0700081301BC602306D78100E041DB
:1086B0008301706300E0418F00B06500025E02F04C
:1086C00010AB00B0204F00178103A25E02F003231D
:1086D00000B0500F0011160202D0C700031B00B0FB
:1086E000505B0011160282D003000323028147C3AE
:1086F00000031C0280504F000321002047C73F8326
:10870000230020C7DB00C36D03BFDE02F003230399
:10871000A55E02F003230280C7DF00036D028850CC
:10872000C700033F0129500B001792020300C70046
:108730000330020CD003000330028350C700033023
:1087400000B050CB00106501385A13001780018229
:108750005A17005781010E5A130017A1018E5E8629
:10876000F037810202D0C700033F00B0501B001059
:108770008A03BFDE02F0033F0282D0C70003370145
:10878000385027001780010850130017810102504C
:10879000130017A101825E86F0378100B0507F0080
:1087A000108903BFDE02F0033F0138506F001780CD
:1087B0000108502B0017810106D0070017A1018284
:1087C0005E86F0378100B0501B00108A00B05083E5
:1087D000001089010E50730017A1018E5E86F037DC
:1087E0008100025E02F0014300025E02F01070019F
:1087F00002421B00178101825E0502378100025E82
:1088000002F01084020680C700034B010C81430074
:1088100017A60068DE9B00634900885E870057A1A9
:1088200003BFDE02F0034B0068DE9B00434B008871
:108830005E870037A100E05E840117A101D9DE87C1
:1088400000108301BC613703B79100685E4B02835F
:108850007F020400BF00035202875003000352034B
:10886000945E02F0035303225E02F003600206816D
:10887000AB00035E00685E4B04435700685E4B002C
:10888000435703BFDE02F0035E00E001EF00207BF0
:1088900001BC600302914501836005872C3900E02B
:1088A00044670A0C3D018C600E1770BB01BC61036C
:1088B00002308003BFDE02F0000201BC6103003021
:1088C0008003BFDE02F0000201BC613303B79102F6
:1088D000850063000366009000630097A100E064D8
:1088E00082F43065006E5A130023660188E006F2B8
:1088F0003791020601AB00036A0068DE4B05A36AEC
:1089000001BC610300308003BFDE02F0000203BF40
:10891000DE02F0037F0191600E84F42703BFDE02C4
:10892000F0036E0191600684F42701BC600300101F
:10893000B40181E00686343103BFDE02F006C301D4
:108940001C508F0017A10080DE870197A200E00174
:108950005E0DB06502805A7F00037E02815A7F005F
:10896000037A0203DA7F00037E00685A8700037EE1
:1089700000886006F437A100201CBAF4237E0002B0
:108980005E02F00D2F0191601E84F42700015E024B
:10899000F0000003BFDE02F0036E0002DE02F00012
:1089A0000003C4DE02F00D7A0206500300038702C2
:1089B00007DEAF00038701BC610300379102075057
:1089C0000300038501BC620300F79100E0010B0086
:1089D000204203BFDE02F0038801BC600300204296
:1089E00000B05E47001080020400BF00039000B09A
:1089F000058B001064006E45170000020068DE4B16
:108A000002838F00A044B42A314503BFDE02F00088
:108A10000200025E02F010950068C5170000020314
:108A2000D05E02F0039400025E02F0109503BFDEF8
:108A300002F00002020601AB0003970068DE4B055E
:108A4000A39701806001872C39020E01AB00039AC5
:108A50000200B0E700039A01816005872C3900E12C
:108A60000DB228E36C00E08DB700036D0183600256
:108A7000F7F7BF01BC600300900400A84123301049
:108A80004801BC620F0011E001816002F5D7AE021F
:108A90000200BF0003B80068DE4B0203A400025EC0
:108AA00002F017BA0068DE4B0623B802045EB3007A
:108AB00003B80206ABD30003A90204C5AF0003B894
:108AC00003BFDE02F003AA0200456F0003B800E80E
:108AD00044655637A100E82A96F437A100695E87FD
:108AE0000823B80206ABD30003B2006BAC422323C9
:108AF000B100E04467014B100183E0022B915C035D
:108B0000BFDE02F003B80183E0022B915C01BC6080
:108B10000318517800B045E3001800018360022F6C
:108B2000317900A84138F9D7A100B05E84FE704EBB
:108B30000187E002F577AB0068810B0023BB00B032
:108B400044670000430182E00609104800A841B3D1
:108B500010906C018260062891440188E0020B901D
:108B60005C00025E02F012360185E002F7F7BF02F8
:108B700088421B0003C30185E006F7F7BF035B5E75
:108B800002F003C501BC601300104301BC60030088
:108B9000108501BC60030010B8008850770090B9C0
:108BA0000208502B0003CC013850730017A1017C40
:108BB000506EF437A100885E870090B9020047A389
:108BC0000003D001BC60030011EA009042E700916D
:108BD000EB00B047A300D1E8020047B30003D20185
:108BE000B0E08E3D91EC01D2E00210908403A95ECA
:108BF00002F004FD01BC600300108400E001C3002A
:108C0000207000B04467000C0D00B0446B000C0EE7
:108C10000320DE02F0044B00685E4B18A3E30068FB
:108C2000DE4B0783EC01BC63FF1F708401BC600353
:108C300000F085013813630010B500E042D700D082
:108C4000B501BC60030010A601BC602314D0B400C1
:108C5000E013570024D503BFDE02F004930184E043
:108C600006F597AC01BC60FF1FF08400025E02F0C5
:108C7000042801BC60030010B401BC60030010A60E
:108C800001BC600302D0B501BC602304D0B400E095
:108C9000135B0024D603BFDE02F00493018160065B
:108CA000F5B7AD0068DE4B04A3FF0203DEBB000393
:108CB000F100E02E0B00106503BFDE02F003F201AD
:108CC000BC602301106500A05E7FFE10EC00B05A6E
:108CD000030010ED00B05A070010EE00B05A0B0070
:108CE00010EF00B05A0F0010F001BC63FF1EF084BB
:108CF00001BC600300308501BC60030010B401BCFE
:108D0000600301D0A601BC60030450B501BC602320
:108D100004D0B400E002AF0020AB03BFDE02F004D9
:108D20009301BC61FF1FF08401BC6003001085004B
:108D300068DE4B05240701BC60030010B401BC6071
:108D40000B0B50A601BC600302D0B501BC6023042C
:108D5000D0B403BFDE02F004130068DE4B02441EF1
:108D600000B030670010840285C38F00040B00E060
:108D70005E2700378901DA5E270010EE01BC63FF31
:108D80001FF0CE01BC60030010B40080E021831806
:108D90000000E069820DB0A601BC600303D0B501FC
:108DA000BC602304D0B400E001D3002074018460CF
:108DB000070011E00282DEB30005BC02045EB300CE
:108DC00005BC0181E006F5D7AE0183E00609104835
:108DD00000B0412300180001BC600306B78E018873
:108DE000204610D78100025E02F0108400885E8762
:108DF00000708303BFDE02F005BC01BC60031FF0FE
:108E0000840103DE530017A200680ECF0004230084
:108E1000B00ECF0017A200901CBAF457A202005E59
:108E2000FF00042501BC60030037A200682B4F003F
:108E3000042701BC60030037A201865E8A1C70E330
:108E4000006AC39300043100E8439000D0E40202BA
:108E5000421B00042F0090001B0037A10020421B82
:108E600000442E00B020970017A100E04392F43098
:108E7000E40069C39300043101BC60030010E40006
:108E8000682B4F00043300E043915B30E401BC6089
:108E9000030010B401BC60030010A601BC60030213
:108EA00010B501BC602304D0B400685E4B06A44931
:108EB00000E001CB002072020681AB000493028027
:108EC000B0E70004930203B0E700049301BC60071D
:108ED00004F7A60288421B00044101BC600F001782
:108EE000A60282421B00044101BC60170017A601C4
:108EF0000C81430017A50068DE9700644400885E7B
:108F00009B0037A600E04466F4CC3C0181E0058775
:108F10002C3901826005872C390183E001872C39C7
:108F200003BFDE02F0049300E001CF00207303BF13
:108F3000DE02F0049303205E02F0049A0181E00255
:108F400009104800E001D7002075031EDE02F0047E
:108F50007A01BC60030017A2006A5E23000453017B
:108F600002428F0017A201855E8A0910480180E045
:108F7000061030810284DE5300045A00B0007700EE
:108F800017A100E05E840437A100885E870057A126
:108F900000E05E870D57A103BFDE02F0045B01BC59
:108FA00060030D57A10068002700047A00E05E848A
:108FB00001F7A101BC602300906500884197003053
:108FC000B601BC60030010B400905E870050A6019B
:108FD000BC60030110B501BC602300B0B40317DE10
:108FE00002F004630397DE02F004640020DE8700D1
:108FF000446D0020DE8700246A01B85E22D016800E
:1090000001805E8AD0368103BFDE02F0047301BCAA
:109010005E22D0168001845E8AD0368103BFDE02D4
:10902000F004730020DE8700247101B85E22D03680
:109030008101805E8AD0568203BFDE02F004730194
:10904000BC5E22D0368101845E8AD056820188605F
:1090500002F430A800B05A030010B000B05A070064
:1090600010B1028042A300047600E042A30090A861
:1090700000B05A0B0010B000B05A0F0010B10187B9
:10908000600610908400E05E2700378901DA5E27D1
:109090000010EE01BC60030010B401BC600303507B
:1090A000A600B000330010B50284DE530004840033
:1090B000E0606803B0A600E042980430A600B0006B
:1090C000370010B501BC602304D0B401846006F2FF
:1090D000979401866002091048039EDE02F0048E18
:1090E0000280441F00049100B05E3F00114501BCA6
:1090F000600300178F00B05E4300178500B05E0F5D
:1091000000179003BFDE02F0049100B05E0F00175D
:10911000850280441F00049100A044B6F0B14501CF
:10912000BC600301104201836006F29794018460E1
:10913000070011E003A05E02F005BA02065EAF0070
:1091400005BC0186E006F577AB01BC60030010802A
:1091500000025E02F00D3703BFDE02F0072003A11C
:109160005E02F00527011400630017A10068DE8786
:1091700000E49F0181600609104803BFDE02F0058C
:1091800027028500630004A10183E0060D906C01B5
:10919000816006F5D7AE011C508F0003BD0206505A
:1091A0008F0004A900B044670010F300B0446B00C6
:1091B00010F401BC63FF1FF0D301BC63FF1FF0D4A8
:1091C00000B042170310850020600E8624D001876E
:1091D00060040310A000B000630010B401BC600381
:1091E0000B10B500B0006300F0B4020300C7000428
:1091F000BB020CD0030004BB028050C70004B300C4
:10920000B054130017A100E05E8680741A00B050BD
:109210006B0010E400B042130210840209502B00CE
:1092200004BB00B0421300308401D2E03AA030E029
:10923000028050C70004C101D2E052A030E003BF59
:10924000DE02F004C10202D0C70004C100B0505FCA
:109250000010E000B050630010E100B05067001053
:10926000E200B0506B0010E400B0421302F0840240
:109270000050C70004CB018AE00E10908401BC604E
:10928000FB1C10E501BC60030890E600B000630021
:1092900010B401BC60030210B500B0006304D0B488
:1092A000018460070011E001BC600300178E03BF5A
:1092B000DE02F005C700E001C700207100B00063C6
:1092C0000010B401BC600302D0B500B0006304D04C
:1092D000B403BFDE02F0055403225E02F004D200A4
:1092E000E002A70020A9010350030017A100B85E07
:1092F000870037A101875E86101080020400BF003E
:1093000004E0032BDE02F004E0020000F30004DAC4
:1093100000E8002300514201BC600A285142039436
:109320005E02F004E000B0058B00106400E05823FA
:10933000003608006858030004E000B044670011DC
:109340001200B05803001115020CD00300052602CC
:109350000300C70004F300B050CB00106501BC60EF
:109360000300168500E05A3300368C020350C70014
:1093700004E800E05A2700368903BFDE02F0052723
:1093800001BC60030017B200B05A0B000B83013818
:109390005A130017A101BC5A06F430E0013C5A13DD
:1093A0000017A1017C5A06F430E10181E00610901B
:1093B000840185E0070010E30185E0070010C30287
:1093C00082D0C70004F803BFDE02F004FB0202D023
:1093D000C70004FD00B02A330017A101B8506EF495
:1093E00030E000B050730017A101B82A36F430E124
:1093F000028242130004FB00B0507B0010E400B076
:1094000042130210840185E0061C30E100B04213D3
:10941000007084018760040310A0020300C70005E8
:109420001300B050CB001065006D5ECAD1C50301BA
:1094300085E0021870C300E05ECB00368E01BC6090
:109440001B1FD06500E04196F6506500B0509700B4
:1094500016800068DECB00050B01BC60230150B80C
:1094600000E001F300207C00682E0F00251103BFEF
:10947000DE02F0051E00B05ECB0010B500B0006348
:109480000870B4028342D300050D01BC6003017073
:10949000B80068AE0F00251E01BC60030170B80261
:1094A000BC506700051D03BFDE02F0051C010CD097
:1094B000030017A103A95E02F0051901BC60230196
:1094C00050B800E001F300207C00685E8700651C56
:1094D00003BFDE02F0051E01BC60030170B8006826
:1094E0005E8700451E01BC60030170B80181E00287
:1094F0001710B801BC600300F0A501BC60030E109A
:10950000B500E001F700207D00B000630010B4005A
:10951000B0006300F0B400B042D3001800018860CE
:10952000080310B4018160060D906C03BFDE02F0E9
:1095300005540202D0C700052D00B0506F0010E0A6
:1095400000B050730010E100B050770010E20282CA
:10955000421300052C00B0507B0010E400B0421311
:1095600002F08400E05E9F0037A703A15E02F005D1
:109570003601BC60030017A7018760040310A00038
:10958000B000630010B401BC60030E10B500B00061
:109590006300F0B4018860080310B403BFDE02F07A
:1095A000054900B0017B00106500B05A030010E5CA
:1095B00000B05A070010E600B05A0B0010E7006830
:1095C000A04B00053C00E05E270037890068204B77
:1095D0000005400185E0070010E30185E007001069
:1095E000C300B0421301108401DA5E270010EE01BF
:1095F00087600610908400B042131C108401BC6088
:10960000030010B400E0606803B0A600B00097004B
:1096100010B501BC602304D0B4018460070011E0E0
:1096200003BFDE02F005A901085E4B0017A1006828
:109630005E8700255402025003000553029E509F8E
:109640000005500201D00300055000E05E270037FE
:109650008901585E2700142D01DA50B70010EE0181
:1096600087600610908403BFDE02F0055401BC60E1
:109670000300142D0104C1070017A100680EF700B4
:10968000055900B00EF70017A100901CBAF437A1DD
:1096900003BFDE02F0055B03225E02F0055B0103FF
:1096A000DE530017A100B05E870017A202005EFF24
:1096B00000055E01BC60030037A200682B4F000567
:1096C0006001BC60030037A202885E4B00056300A6
:1096D000685E4B06856301BC60030017A200688EBC
:1096E000F70005650183DE86F297940183DE8684A8
:1096F000F4270281C21300056B01865E8B0010E324
:10970000018660070010C30181E00610908403BF4A
:10971000DE02F0056D01865E8A1C70E3018660063C
:109720001870C302B847A70005A502A047B70005F7
:10973000A703A95E02F0057501085E4B0017A100A2
:10974000685E870025A6021E509F0005750185E012
:10975000061C70E30185E0061870C3011400630065
:1097600017A10068DE8700857E00B001530017A2B4
:109770000068DE8BFFE57A0068424700257B0068C1
:10978000DE8A84C57E018560020910480186E002F8
:109790001C70E30186E0061870C301105007001723
:1097A000A600685E9B0005A601BC60030011E401F1
:1097B0003A500700178000885E0300778000E000C1
:1097C000AEF010640068DE9B00458B0207D00300FA
:1097D000058901BC602B11F7A200E05E000B37A3E6
:1097E00000025E02F010D601BC602306906401BC4A
:1097F00060470017A200025E02F010FE00685E9B48
:109800000045A701A46046F471E00068DE9B00C536
:109810009901BC611300B7A1020600F30005920193
:10982000BC601300B7A10192C21AF437A203295EEB
:1098300002F0059701BC60030011EE009042E700C2
:1098400091EF0192E00EF437A200B05E8B0011ECB4
:1098500003BFDE02F005A700685E9B00659E0068FE
:109860005E9B00A59E00B0502F0011E200B0503367
:109870000011E203BFDE02F005A7018760023D117F
:10988000E80068DE9B00A5A1018760063D11E801A4
:10989000BC60030011EA009042E70091EB0192C224
:1098A0001B00B7A201B85E8A3D11E803BFDE02F0DB
:1098B00005A7018460070011E001BC600300112DC1
:1098C00000B0448300142C03A3DE02F005BD01BCEC
:1098D000600300178E00685E4B05A5AD02005003C3
:1098E0000005B70183E00609104800B041230018C5
:1098F0000001BC600306378E00685E4B05A5BC0006
:10990000E002A30020A801BC600304B78E03A95E97
:1099100002F005BC00685E4B0425BC01BC60030678
:10992000B78E03BFDE02F005BC01816006F577ABA0
:1099300000B05E0F00178500025E02F0109501BCBA
:10994000600300178C01BC600300178D0323DE0247
:10995000F005C7020680C70005C6010C8143001749
:10996000A10068DE870065C60108421B0017A10040
:1099700068DE870005C601BC607F1FF7A101E05EBD
:10998000861070830182E005872C3900E04467254A
:109990008C3B0187E006107083006D00A70085D91D
:1099A00003295E02F005D9020300C70005D600B006
:1099B00050CB0010650282D0C70005CE00E05A23CC
:1099C00000368803BFDE02F005CF00E05A270036DC
:1099D0008900682E0F0025D600E05ECB0037B2016B
:1099E0000A5ECB0017A100E050CAF4306500D060D9
:1099F00006F657A200205A1AF445D603BFDE02F03D
:109A000005D000025E02F012360350DE02F005D6E9
:109A100003BFDE02F0063D02055EAF0005DB0187F5
:109A2000E00626713303BFDE02F000020190600AF7
:109A30008634310282D0C70005E5013C502700176B
:109A4000800109502B001781010750070017A10161
:109A5000825E86F0378100B0501F00108A00B0503F
:109A60000F00111603BFDE02F005EB0138505F0056
:109A70001780010A502B0017810107D0070017A19A
:109A800001825E86F0378100B0502300108A00B05A
:109A9000505B001116020300C70005F0020CD00352
:109AA0000005F002085E070005F0013854070017B2
:109AB000800190422AA1308A028050C70005F90136
:109AC000BC600305B79203BFDE02F0031B01906088
:109AD00006863431020300C70005DD020CD0030006
:109AE00005DD00B0001F0017A100E05E8680741A3B
:109AF00003BFDE02F005DD01BC600306379203BF41
:109B0000DE02F0031B00E0135F0024D70204DEB383
:109B100000000200B0130B001065011998870017B0
:109B2000A101095A130017A201895E86D09684000C
:109B3000B013070017A3006DDE8498260400B05E02
:109B4000870017A301885E8ED096840068DE8AF4B1
:109B5000210E01BC63FF1FF0D000B05A130010F0BB
:109B600001BC60030017A501825E961E10F001BCC7
:109B700063FF1FF0CF01BC601B00F0EF01BC63FF6F
:109B80001FF0D100B044670010F101BC63FF1FF06B
:109B9000D200B0446B0010F201BC60030404D80191
:109BA000BC63FF1FF0C301BC60031C10E301BC6376
:109BB000FF1FF0C400B052130010E401BC63FF1F8C
:109BC000F0C500B0522F0010E501BC63FF1FF0C6C6
:109BD00000B052330010E601BC63FF1FF0C700B0B5
:109BE00052370010E701BC63FF1FF0C800B05217E6
:109BF0000010E801BC63FF1FF0C900B0521B001049
:109C0000E901BC63FF1FF0CA00B0521F0010EA0157
:109C1000BC63FF1FF0CB00B013470010EB01BC6327
:109C2000FF1FF0CC00B0134B0010EC01BC63FF1F12
:109C3000F0CD00B0134F0010ED00B01367001062BC
:109C400001BC600300281100025E02F010740002E3
:109C50005E02F00D2F01BC602B1877A100025E029E
:109C6000F00127016040670011C000E040649B17CD
:109C7000A100E05E870097A101BC63FF1FF0C00157
:109C8000BC600301550101D2DE86A030E000905E89
:109C9000870177A101BC60030797920190600A09D0
:109CA000104803BFDE02F0035301BC60070011C17E
:109CB00001BC602B1817A101BC60030017A20002B1
:109CC0005E02F0012B01BC60030011C10002DE0244
:109CD000F000000201C2E3000665020300C70006AF
:109CE0004200682E0F002652006E4246F64652038E
:109CF000BFDE02F00644006E424700265202030017
:109D0000C700064F0355DE02F0064401806002865C
:109D10001430013850830017A100B050CB001065FB
:109D2000006DDA32F42C6200A841231410480114AB
:109D3000006300106500E041970ED06500E05A0313
:109D400000368001BC621F0011E003BFDE02F0009C
:109D5000120181E0068634310191600E84F42703FC
:109D6000BFDE02F00665013C50670017A101AC5E42
:109D7000861750BA01BC60030190B8020300C70007
:109D8000065F0068AE0F00265A0181E0021710B886
:109D90000350DE02F0065803BFDE02F0066500E85D
:109DA0002E0F002B8300B05ECB0010B500B0006317
:109DB0000870B4028342D300065D03BFDE02F006E2
:109DC000600186E0040310A000025E02F001E603D9
:109DD000D5DE02F00C6203D6DE02F00C7A0350DE10
:109DE00002F0066103BFDE02F003C301BC600300A2
:109DF000F0A50182E00209104801BC621F0011E0D9
:109E000001BC60030011EC01BC600F0011E8028589
:109E1000500B00066C0182600209104803A0DE02AC
:109E2000F0067003D5DE02F00C6203D6DE02F00C01
:109E30007A03205E02F0067601886002091048016C
:109E4000BC600300083100685E4B18A0020068DEA9
:109E50004B07867500025E02F0063703BFDE02F094
:109E6000001201BC60030037A100025E02F00E96F2
:109E700003A3DE02F00012020050C700068201BCFC
:109E800060030010800182600609104801806002B2
:109E900086343100688EF70006800104C107001780
:109EA000A10183DE86F2979400E001CB00207203CB
:109EB000BFDE02F0020D00B0010B0017A1006DDE45
:109EC000840806C300E844640877A1006E5E840835
:109ED00026C30187E006F577AB020200BF000697B4
:109EE000028881AB000697028400C700069701290B
:109EF000500B0017A10068DE870206970282DEBBC6
:109F00000006970203C5730006960283DEB30006BF
:109F1000960286ABD30006920282DEBB0006920058
:109F2000682AE7000697006DDE2F01E6970182E0C0
:109F300006F7F7BF01BC613B0417A100E04466F4DB
:109F40002AA903BFDE02F0001203BFDE02F006C33F
:109F500001BC600300114902825EAF0006B20182BB
:109F60006006F577AB00B0446700081C020400BF30
:109F70000006A30068451F0006A30185E002F577EF
:109F8000AB032BDE02F006A10185E006F577AB00FE
:109F9000B0058B00106400025E02F0119700B00162
:109FA0004B0017A20208421B0006A600B0016B007E
:109FB00017A200685E8B0006AE0090452B0097A1AB
:109FC0000080DE86F457A1006E20BA0DA6AE00B068
:109FD00041B700082E00E120BA23282F00E0DE86DA
:109FE000234C4500B041B6F4282E02055EAF0006B2
:109FF000B001BC610300113300E10D822943600010
:10A00000E08D8700036100E844650397A5006D5E5D
:10A01000970100C1020200BF0006C00068DE4B06C7
:10A02000A6B70184E002F7F7BF0068DE4B0406BA6A
:10A030000282DEB30006BA01BC6003000B0A020410
:10A040005EB30006BD0068DE4B0626BD00025E0260
:10A05000F0158F00025E02F0123703A3DE02F00655
:10A06000C00183E002F597AC00025E02F017C00168
:10A07000826002F577AB03D15E02F000020200506D
:10A08000C30007190325DE02F006C70183600684BA
:10A09000F42703BFDE02F006F9020CD0030006F736
:10A0A000020300C70006E6011400630017A1006D5B
:10A0B000DE870086F701BC600300178000B050CB3C
:10A0C00000106500B050CF001064018160060D9053
:10A0D0006C0182600686343100B05A230017A1015A
:10A0E000BC600300168801BC5A2AF437A101BC6089
:10A0F0000300168A00B05E8700148F00B05A270054
:10A1000017A101BC600300168901BC5A2EF437A1C7
:10A1100001BC600300168B00B05E8700149000B095
:10A120005A1B00148D00B05A1F00148E01BC60032E
:10A130000016040068DE030006E3020350C70006B1
:10A14000E20100509F00178001805E0291B48D01F2
:10A15000BC5E0292149001BC600300378000025E76
:10A1600002F016E400B05E0300148C03BFDE02F0C0
:10A1700006F20068C2470006EB0181E00686343132
:10A180000191600E84F42701BC600300143003BF0A
:10A19000DE02F0000200B0509F0017A100025E0234
:10A1A000F001E500B05E870014270186E00403108B
:10A1B000A000B04283001800010CD0030017A100DA
:10A1C00068DE870066E6010250C70017A101805EC5
:10A1D0008684F427018AE00E84F42700B050BF0083
:10A1E000142603BFDE02F006F90186E0040310A086
:10A1F0000200509F0006F90286C1070007140329D8
:10A200005E02F006FE00B0523300142D00B052374B
:10A210000017A1019E5E8684F42700B0509F0017AE
:10A22000A10180DE86F437A1020580C30007050086
:10A23000B0303B00108F00B0303700108E00B050AF
:10A24000D700108D00B050D300308C00B050BB0050
:10A25000108F00B050B700108E00B0509B00108DD2
:10A2600001806006F4308C020250C700071100B074
:10A27000524300108F00B0523F00108E00B0523B8E
:10A2800000108D011A52370017A10198DE8704379C
:10A29000A101B85E8691B08C0182600286343101E2
:10A2A0008160020D906C01BC600300143401BC603D
:10A2B000030014350325DE02F00717019C600284B9
:10A2C000F42703BFDE02F0071B0285500B000719BD
:10A2D00000A850C70D143101BC6003001430018187
:10A2E0006002F5D7AE0183600284F4270185E002A5
:10A2F00009104801BC600300142E03A25E02F002A4
:10A300000D03BFDE02F000120323DE02F00791030B
:10A31000A35E02F0079103A2DE02F00791018160C3
:10A3200006F577AB03AA5E02F007910183E002090C
:10A3300010480351DE02F0072C020680C7000729EF
:10A340000182E001872C3900E0026B00209A018035
:10A35000E006F577AB03BFDE02F007310301DE0252
:10A36000F0072F00685E4F06272F01BC600300171F
:10A37000A803A45E02F0073103C1DE02F0079402D5
:10A38000045EB300073A01846002F597AC0183E0F4
:10A390000209104800B02B3F0017A1006D2AEEF40F
:10A3A000200200E0027B00209E01BC6003000ABB8B
:10A3B00000025E02F0159203BFDE02F0000202030B
:10A3C000DEB300074A0183E002F597AC00E020CF3E
:10A3D00000283302015EBB00074A00B02A83001741
:10A3E000A1006D20CEF4274501BC600300083300B6
:10A3F000E0027F00209F03A95E02F0074801916000
:10A400001A84F42703BFDE02F0036E01BC63FF1F52
:10A41000F7A100025E02F00E9603295E02F0074AE1
:10A420000191601A84F42703BFDE02F0074A018419
:10A43000600209104800E10DC229437000E08DC799
:10A44000000371020400BF00075101BC600300114A
:10A4500015011400630017A100E06602F4306500E6
:10A46000025E02F0109A0182600209104800685EE4
:10A470003B18A7550068DE3B07075603BFDE02F016
:10A48000000203295E02F007590201500300075938
:10A4900000685E3B04A76001F0DE1700378500A06E
:10A4A0005E16F0978500685E3B0627600201500348
:10A4B00000075F028780BF00075F0185E006091083
:10A4C000480280D00300077000B05E1B0017A30095
:10A4D000B0008B0017A4020400BF000766006E41A5
:10A4E0009730676601185A030017A3011A5A030030
:10A4F00017A40068C18318076900E002930020A434
:10A5000003BFDE02F0076B006D5E2EF4876B0182E5
:10A51000E00686343100E05E3300378C0068DE32BE
:10A52000F4676E00B05E0F001785006DDE2EF467D5
:10A530007C03BFDE02F0078C00B05E1F0017A30093
:10A54000B0008F0017A4020400BF000776006E4120
:10A5500097306776011C5A030017A3011E5A0300A7
:10A5600017A4006D5E2EF487780182E006863431F0
:10A5700000E05E3700378D0068DE36F4677B00B0A0
:10A580005E0F001785006D5E2EF4678C0185E0027A
:10A5900009104803D1DE02F0077E03295E02F007AE
:10A5A00080020300C700078100B05E0F001785001E
:10A5B000025E02F01095006841831807B2020300A2
:10A5C000C7000788020CD003000788028350C70029
:10A5D00007880068DE4B05A78803BFDE02F016641B
:10A5E0000181E0068634310068DE3B06278B00E0FF
:10A5F000029F0020A703BFDE02F006C300025E0236
:10A60000F010950181600209104803295E02F007ED
:10A6100091028300C700166403BFDE02F006C30385
:10A62000D1DE02F0079203A5DE02F006C303BFDE0F
:10A6300002F0001200E10DBA29436E00E08DBF0068
:10A64000036F0206500300079C00B001030017A12E
:10A65000006D810AF4279C00E844640877A1006E2D
:10A660005E8408279C0187E006F577AB01085E4B06
:10A670000017A100685E4B05279F00685E870027D2
:10A68000A000B05E0F00178500025E02F01095007A
:10A69000685E3B0627A601BC600300178C0200D051
:10A6A000030007AB01BC600300178D03BFDE02F09F
:10A6B00007AB01BC600300178C020300C700020D4A
:10A6C000020CD00300020D019C600284F42703BF3A
:10A6D000DE02F0020D006841831807B101806006B8
:10A6E00084F42703295E02F006C3018260068634E3
:10A6F00031028300C700166403BFDE02F006C30008
:10A70000E002970020A50181600209104801BC60A9
:10A710000300081200E0017B00A05E01BC6013147E
:10A7200017A1006D017AF4201201BC60130C805E49
:10A7300003BFDE02F0001200025E02F00D2F0338AC
:10A74000DE02F00012039EDE02F0001200E8444C2C
:10A7500000F7A100E85E840117A1006ADE8401070A
:10A76000C200E85E8401118701BC6003001188010A
:10A77000A5E02230118001BC600300111301BC6010
:10A780000300111400B044670017A100B0446B002F
:10A7900017A200B05E8700110400B05E8B001105A7
:10A7A00003B8DE02F007C403BFDE02F0001201BCF2
:10A7B000600304B79201BC60030417A101BC63FFEE
:10A7C0001FF0CE00B052170010E800B0521B00106E
:10A7D000E900B0521F0010EA01BC60030010E4025F
:10A7E0008600C30007E200B0540F0017A20069DE24
:10A7F0008A9087D500E85212F450E40068A0470020
:10A8000007E201BC60030010E400B054270010E030
:10A8100000B0542F0010E103BFDE02F007EB01BCD3
:10A8200060030297A101BC60031890E801BC6003BB
:10A830000010E901BC60030010EA03BFDE02F0076C
:10A84000E203A4DE02F00A5003A9DE02F00A50017E
:10A85000BC600301D7A1020600C30007E40280DE4A
:10A860005F0007E900B054070010E00068204700CF
:10A8700007E701D2DE86A030E000B0540B0010E103
:10A8800003BFDE02F007EB01BC5E869010E001BC66
:10A89000601F0010E101BC60030010E200B0522311
:10A8A0000010E500B052270010E600B0522B001057
:10A8B000E700025E02F0107403A9DE02F00AB100A4
:10A8C000685E4F04280701BC63FF1FF0C300685E89
:10A8D0004F16A7F900685E4F05A7FC01BC60031A7C
:10A8E00090E301BC600306B79200685E4F0528073D
:10A8F00003BFDE02F0080101BC600318B79201BC7F
:10A9000060030E90E303BFDE02F007FE01BC6003AC
:10A9100006379201BC60031890E3028E01AB000879
:10A920000102984407000BB502804607000BB500F2
:10A93000B0204700178100025E02F0108400E85E3C
:10A940008400D7A1006A5E8690880700E85212F45E
:10A9500030E403BFDE02F0080A01BC60030010E42B
:10A960000338DE02F0080A0187E0061C90E401903B
:10A97000600A09104801BC610304379100685E4F0A
:10A9800016AC4000685E4F05ABB503835E02F00A6B
:10A990005003BFDE02F000020204416300081D0103
:10A9A000876002F577AB01BC600300114901BC6010
:10A9B00003010B8900E10DB228E36C00E08DB700C4
:10A9C000036D018460020B105802055EAF00081988
:10A9D0000187E006267133020400BF00081C0185D0
:10A9E000E002F577AB00025E02F0119703BFDE02D2
:10A9F000F0000203A35E02F0081F00025E02F017DF
:10AA0000C00285C523000002018460060B105802B5
:10AA100000DEFF0008250180E002F7F7BF00682B89
:10AA20004F00082500E044655A4AD302055EAF0096
:10AA3000082701BC6103001133020580BF00082D07
:10AA400001BC60131157A100025E02F001270196BC
:10AA5000600E03301900B040670017A200025E02CA
:10AA6000F0012B0203C03700082F03BFDE02F00005
:10AA70001202875EAF00083100E0021F002087014C
:10AA800082600628914401BC6003010B8903BFDE8C
:10AA900002F00012020601AB000836018060018757
:10AAA0002C39020681AB0008380183E001872C397C
:10AAB0000183E0020F1078028140130000020200BF
:10AAC000420300083D01846002F597AC01BC6003BD
:10AAD000000ABB01BC600300108003A3DE02F00883
:10AAE000400190600209104800B0446700179E00C2
:10AAF000B0446B00179D00B0446F00179C00B04439
:10AB00007300179B0068DE7A23284000E0022300D0
:10AB100020880115403B001797006D80A700884BE7
:10AB200000A05E5F003797006880A700084B01BC5B
:10AB3000600300379700B001430017A1010C814367
:10AB40000017A300685E8F00284F018CE0000A17F1
:10AB5000A101C9DE840527FF01BC600310779501C0
:10AB600091E0020D906C0286403700085500E0022B
:10AB7000BB0020AE03BFDE02F00CA401BC600300EA
:10AB8000148001BC600300148101B8600A049024A1
:10AB900001BC600304082401BC600300482301BC1D
:10ABA000600300D02A01B3600700100401BC6003F9
:10ABB00000080801BC600300080901BC600300082C
:10ABC0000A01BC600300080B0183E002F5D7AE0068
:10ABD000E044671F4C1F0287C037000C9E00025ED6
:10ABE00002F012360286403700086703C35E02F0A7
:10ABF000087903BFDE02F00C9F0068C0330048777D
:10AC0000006B446583E87700B041270017A100B0CE
:10AC1000412701D04900B05E870017A100B05E87D0
:10AC20000017A100B05E870017A100B05E87001773
:10AC3000A100B05E870017A100B05E870017A100D9
:10AC4000B05E870017A100B05E870017A100B05E5C
:10AC5000870017A100B05E870017A100B05E8700D3
:10AC6000104903BFDE02F00D1303435E02F00862D9
:10AC70000286403700088500685E5F000C9F006810
:10AC80005E5F004C9F0152D2030017A10185D206DE
:10AC9000F437A203BFDE02F00880013C5203001724
:10ACA000A101BC5206F437A20323DE02F0088300A0
:10ACB00068DE8B01CC9F03BFDE02F0088500685E72
:10ACC0008B0288850068DE8B038C9F006D4033000B
:10ACD000CCA400685E5F00489800685E5F0028951D
:10ACE000006800A700C88A006880A700A88B00E061
:10ACF000446690283001BC62C30017A10280520351
:10AD000000088E019652030017A10080DE8690375E
:10AD10009A0203520300089300E05E6A90379A0299
:10AD200007D20300089300E85E6B00379A029E5E2C
:10AD30006B000CA403BFDE02F0089C0152D203009A
:10AD400017A10185D206F4379A03BFDE02F0089CF2
:10AD5000013C52030017A101BC5206F4379A006E61
:10AD60005E680BACA400685E6B000D130204C03B70
:10AD70000008AE0181E0060D906C0207C0AF00082C
:10AD8000A4020740370008A200E0027300209C03E1
:10AD9000BFDE02F00CA400025E02F0123603BFDE3A
:10ADA00002F0089E00B02023000C1100B020270004
:10ADB0000C1200B0202B000C1300B0202F000C143C
:10ADC00000B05E7F000C150287C0AF000C9E0282AF
:10ADD000403B000C9E015840AF00179A01BC603FF9
:10ADE0001E17A1006DDE6AF42C9E035B5E02F00864
:10ADF000B001BC601300104301BC60FF1E17A1002E
:10AE00006E5E6AF42C9E00B04123281048018060D9
:10AE100002F297940184E002091048015840AF0003
:10AE2000102A006840AB002C9E01BB5E56009004C7
:10AE300002035E570008C1020047A30008BE01BC20
:10AE4000621E3C11E001BC60030011EA00B05E6BC1
:10AE50000011EB0198601E3D11E8020047B30008A5
:10AE6000C100B05E6B0011EF01B0E0CE3D91EC038C
:10AE7000835E02F008C400025E02F01236006D40EC
:10AE80003304C8C103AADE02F008E001BC63FF1F5F
:10AE9000E3B301BC601F10D06401BC600300B7A124
:10AEA00001BC63FF1FE79300E04186F4306501BCFD
:10AEB00063FF1FF60000E05E870077A100025E02DC
:10AEC000F00F1F0200C0770008D601294077001755
:10AED000A2006D5E8B04C8D400E85E8B04D600012E
:10AEE000BC601F05F06300E0418EC01063010C568A
:10AEF000030003B30068DE870168D600B05E8B00F4
:10AF00000793006DDE8701C8D900E04193003064EB
:10AF100003BFDE02F008C903B05E02F008DF018360
:10AF200060020D906C00681E1BFFE8E001BC601F12
:10AF300005F06500E04194F0D06502005A03000876
:10AF4000E0018360060D906C0020402F08A8E2010C
:10AF5000BC60030003B301BC60030007FC0188E090
:10AF60000F0007FD006D4033020A4A0129520F000D
:10AF700017930109520F0017AA0068DE4F03A8EAD1
:10AF80000129522300179301A95E4F0037930196C0
:10AF90006002F2979400E0418701F06501BC600F08
:10AFA0000017A10028DE869068F101866006F297FE
:10AFB0009400E0419700706500E0209300C82401F0
:10AFC000065E530017A200A05E4F0477A10068DE62
:10AFD000870448FF0186E006F2979400B85E8B0074
:10AFE00037A200B05A030017A0020ADA030008F9DA
:10AFF00001876006F297940284C03B0008FF0203B9
:10B00000DA030008FF03AB5E02F008FD020441070B
:10B010000008FF01806004FFA7FD01065E530017D2
:10B02000A20182DE8A00900403AADE02F009450331
:10B03000AB5E02F00917018460020D906C01BC63E5
:10B04000FF1FF79900B01E230017A20068DEAB00B7
:10B05000290900A05E4FFF77A10068DE8707291548
:10B0600003BFDE02F0090B0284520F00091502042F
:10B07000D20F00090E03B15E02F0091400B01E1FCA
:10B080000017A203BFDE02F0090F03B35E02F0094E
:10B09000140200521700091500685E8BFFE91500C5
:10B0A000E0015EF4506502015A4700091500B01E28
:10B0B0004F001799018460060D906C020052170032
:10B0C000094303315E02F00943020200BF00094355
:10B0D0000180E001610B080200521700091E0068A0
:10B0E000DE4F04091D00B02AD70017A2006DDE89CB
:10B0F0005509310202AB2F00093E02832B2F0009B4
:10B100002000685E5F00092B01BC60030017A301EB
:10B110003852030017A30283AB2F0009270068DE13
:10B120005F00292701085E8F0017A300695E8F006A
:10B13000693E03BFDE02F0092B006DDE5F00492986
:10B1400003BFDE02F0093E02842B2F00093E006897
:10B15000DE8F00093E00682A9B00093E00B02B9359
:10B160000017A2006DAA9AF4493E00685EAB004940
:10B170003100685E4F06893103BFDE02F0093A00F4
:10B18000B02B9B0017A200B02A9B0017A10283AC32
:10B190002700093600682C87000937006D5E85643A
:10B1A000293700B02C7F0017A2006D5E895CA93999
:10B1B00000B02C4B000B110184E006F7F7BF0068CC
:10B1C000DE4F02893E00025E02F017BA0206DEFF81
:10B1D00000093E00E02BC7002AF10068DE5F00098D
:10B1E000410068DEAB0049410180E005610B0800C9
:10B1F000682B4F0009430180E006F7F7BF01BC63ED
:10B20000FF1FF7A5032B5E02F0094600B01E4F009A
:10B2100017A50207520F0009C2028047A30009BF09
:10B22000028047B30009BF00E0209300882400E8B3
:10B23000208F00882301BC60030011E401BC60037F
:10B2400003D1E102065E5300094F01BC6003049183
:10B25000E10206DE5300095300E047870051E10296
:10B2600007D20F00095300E047870091E1006D40CD
:10B270003302CA4A00685E4F0589560068DEAB009B
:10B2800049C203AB5E02F00959020052170009C21D
:10B29000020580F300095E00685E97FFE95B00E04D
:10B2A0005E970097A50068DE97FFE95E028052175F
:10B2B0000009C2020700BF0009C201BC601B0437BD
:10B2C000A20090478700306500E04196F450650089
:10B2D000E0478701081A03835E02F0096500025EF9
:10B2E00002F01236006D4031034962006D403103B7
:10B2F0004A4A01BC600B1D57A10068DE97FFE97543
:10B30000010F5A070017A5031EDE02F0097502009F
:10B310005217000975032C5E02F009C200685E67CF
:10B32000FFE97500E05E6700979900E05E66F43023
:10B3300064012A58030017990100DE970017A50041
:10B34000E05E66F4B79900E05E6700379901155832
:10B35000030017A603BFDE02F0098500E05E96F445
:10B360003064012A5803001799020580F30009840C
:10B370000182E002F3379902005217000984011696
:10B38000D8030017A6010F5A070017A4010CD80311
:10B390000017A10068DE92F4298000E05E670217C2
:10B3A0009903BFDE02F00989010DD8030017A1003F
:10B3B00068DE92F429C200E05E6704179903BFDEDD
:10B3C00002F00989011058030017A60068DE9B00EF
:10B3D000C9890181DA030017A100B85E86C017A1F0
:10B3E0000281DE870009C200885E6700778000E086
:10B3F00000AEF0106401AADE64FF87FC0068DE9BEB
:10B400000049A302078187000996006DDE030C093D
:10B41000960285520F0009960298523B0009960148
:10B4200081E004FFA7FD00E05E000B37A300E05EB3
:10B430008F0097A300E041870077A200025E02F030
:10B4400010D600E8208F01082301BC602306D781B5
:10B4500000885E970077A100E85E86F4B06301BCC7
:10B4600060070E17A100E0418EF4306300B056175C
:10B470000017A100B0561B0017A20068DE86D04955
:10B48000C20068DE8AD069C200025E02F010AB0121
:10B49000BC602306906401BC624F0017A200025EEC
:10B4A00002F010FE00E047870217A103835E02F05E
:10B4B00009A7006EC032F429A5006EC032F42C9E9C
:10B4C00000685E9B0049BF01BC621EF471E0006829
:10B4D000DE9B00C9B201BC611300B7A1020600F3F4
:10B4E0000009AE01BC601300B7A101BC60030011EC
:10B4F000EE00B05E6B0011EF0192E00EF431EC0350
:10B50000BFDE02F009BF00685E9B0069B40068DE20
:10B510009B00A9BF019860063D11E800E020930060
:10B52000882400E8208F00882301BC60030011EA12
:10B530000068DE5F0049BA00B05E6B0011EB01925B
:10B54000DE5E3D11E8018760023D11E80068DE9B88
:10B5500000A9BE018760063D11E8019860163D1103
:10B56000E80181E004FF87FC01AADE64FF87FC0399
:10B57000BFDE02F009C701BC620F0011E001BC6030
:10B58000030011E40181E000FFA7FD01BC600F0092
:10B5900011E801BC60030011EC02001FF70009CEA6
:10B5A00000E0208EF3482300B0209300102500E82F
:10B5B000208E04A823006AA08F01C9CE01B86006BE
:10B5C0000490240182E006F297940188600A0090BA
:10B5D0000401BC600318779503A0DE02F009DB00CC
:10B5E000685E4F06A9E00138520300178000B05E84
:10B5F0005F0017810204DEB70009DA00685E070009
:10B6000009D901BC600301778001BC600300378168
:10B6100003BFDE02F009DA01BC60030157800002BB
:10B620005E02F001430068DEAB0049E000A05E4F1F
:10B630000477A100685E87004C2D00685E87044C8B
:10B640002D03BFDE02F00E350180600186EC37006D
:10B650006EB083002A1C0068DE4F040A1C03335EB0
:10B6600002F00A1C0180600184AC2500E030B300C8
:10B670002C2C0392DE02F00A1C00E03093002C24F4
:10B6800000B030830017A1006D3092F429EB03BFA6
:10B69000DE02F00A1A0180600584AC2501BC602737
:10B6A0000897A100025E02F001270187E006032C43
:10B6B0002A00B00143000C2B03835E02F00A18003D
:10B6C0006DC03305C9FB00E860BA0197A60080DEB3
:10B6D0009B0117A500685E5F0009F60080DE9B00F5
:10B6E00057A500B041B7000C360080B0DB0C8C369B
:10B6F00000B041B7000C3600B030DB001040000055
:10B70000800000000001BC601B06D06501BC600326
:10B7100000B7A400025E02F0017200685E9300AA06
:10B720000303835E02F00A18006DC031842A1801F9
:10B73000BC6003064C3603BFDE02F009F70207C106
:10B7400097000A0601385A070017BB03BFDE02F054
:10B750000A07013C5A030017BB01BC601B0437A653
:10B7600000E84196F4D7A300885E8F0037A300E07D
:10B770005E8EF777A500E05E970057A503835E0213
:10B78000F00A18006DC031842A18006DC032F4AA86
:10B790001800E85E960197A60080DE9B0117A400C2
:10B7A000685E5F000A130080DE9B0057A400B04172
:10B7B000B70017A40080DE930C97A400B041B70037
:10B7C00010400000800000000003BFDE02F00A0C01
:10B7D0000386DE02F00CA103BFDE02F00D8B0180B8
:10B7E000600184AC2501BC6003000C240386DE02EA
:10B7F000F00CA10287C037000C9E00025E02F0121E
:10B800003603035E02F00A1C03A9DE02F00A2600DA
:10B81000025E02F0123602074037000A210386DE7C
:10B8200002F00CA10287C037000C9E00025E02F0FD
:10B830000EA3006E4030020A500301DE02F00A50EF
:10B840000068DEAB000A37032B5E02F00A2C00E032
:10B85000022B00208A03BFDE02F00A30028052175A
:10B86000000A2F00E0024300209003BFDE02F00A2E
:10B870003000E0025700209500685E4F040D8500FF
:10B88000685E4F028D8500685E4F020BC100685EE6
:10B890004F050E2500685E4F060E2500685E4F06B8
:10B8A0008E2F03BFDE02F00E350068DEAB002A49A2
:10B8B000032B5E02F00A3B00E0022F00208B03BF47
:10B8C000DE02F00A3F02805217000A3E00E0024703
:10B8D00000209103BFDE02F00A3F00E0025B00207F
:10B8E0009600685E4F06AB8E00685E4F042E4D00DA
:10B8F000685E4F04AE4D00685E4F05AC3200685E76
:10B900004F062B8E00685E4F052E2300A05E4FFF72
:10B9100077A100685E87072E4000685E4F16AC3D39
:10B9200003BFDE02F00BB503BFDE02F00BB900E08F
:10B93000020F00208301BC60030011EC01BC600F0A
:10B940000011E80284C03B0009C20184E00609102E
:10B950004803BFDE02F009C20200C09300000203E8
:10B96000A35E02F00A5403C35E02F00A5303BFDE73
:10B9700002F00D1100025E02F012360207C0AF00A5
:10B980000A5702074037000A540107C0AF0017A149
:10B9900000B85E870037A101825E860D906C00B012
:10B9A000447F0007FE018360020910480287C03708
:10B9B000000C9E0386DE02F00CA100025E02F01273
:10B9C0003603435E02F00A5C0287C037000C9E0318
:10B9D00001DE02F00A7B03305E02F00A7B01BC60EC
:10B9E0001F15506500E04194F530650138402B008B
:10B9F0001680012D406B0017A200885E8B0137A2D4
:10BA000002884027000A6A01846006D0168000B0D0
:10BA10005A02F456800205C027000A6D0187E0062D
:10BA2000D0168001BC601B0DD7A100025E02F001A0
:10BA30002700B0406700168101BC601B0DF7A10014
:10BA4000025E02F0012700B0406700168200B05A83
:10BA50000B0017A100E85A06F437A200E15E8AF451
:10BA600057A100E0DE86F457A100985E8700B7A1D9
:10BA700000E01EA70067A900691EA7018A7B01BC20
:10BA800060030007A902801FF7000A7D006E4030A6
:10BA9000020B890381DE02F00A8A00E0021700200F
:10BAA000850329DE02F00A8102902E27000A820116
:10BAB000BC6003002B8903A9DE02F00A860184E042
:10BAC000060910480180E0020910480184E002F7ED
:10BAD000F7BF0386DE02F00CA101806004FF87FC43
:10BAE00001806006F2979403BFDE02F00B37006816
:10BAF000DE4F040A8D03335E02F00A8D01BC600341
:10BB0000000C2401836002F7F7BF0329DE02F00A6C
:10BB1000910288AE27000AA301BC6003000B8903D1
:10BB2000AB5E02F00A9E00685EAB002AA200685E6F
:10BB3000AB000A9C010C520F0017A100685E870041
:10BB40002A9800685E87004A9A03BFDE02F00AA2C4
:10BB500003B0DE02F00A9E03BFDE02F00AA003B1CA
:10BB60005E02F00A9E03BFDE02F00AA003B35E028B
:10BB7000F00A9E03BFDE02F00AA001BC6003004B86
:10BB80008903BFDE02F00AA301BC6003008B8903B6
:10BB9000BFDE02F00AA301BC6003002B890386DE2E
:10BBA00002F00CA103AB5E02F00AA801F0521300F0
:10BBB000118601A5E00A30118003BFDE02F00ACA37
:10BBC00003A9DE02F00AAE0068DEAB004ACA00B08C
:10BBD000523B00179F00B0523B0017BE01BC6003F0
:10BBE00000280803BFDE02F00ACA02875E53000A7B
:10BBF000D703A0DE02F00AB903BFDE02F007CA01D4
:10BC000090600A09104800B0523B00179F00B052E4
:10BC10003B0017BE019E5E8300B0EB0106520F0091
:10BC200017A100B85E870037A10182DE86F577ABE9
:10BC300001BC610300308000E8523AF3F7A2006BC8
:10BC4000D23AF3EABC00E85E7E91D7A200905E8B08
:10BC50000097A101BC6023011064006B523AF3EA23
:10BC6000C701185E870017A2010A5E870017A300AC
:10BC7000886006F457A200E04192F4706400B05866
:10BC800002F45600006BDEFA91CACA00B0523B00C3
:10BC900017BE03BFDE02F00ACA00025E02F0164FB2
:10BCA00000B0202300280800B0523B00179F03205B
:10BCB000DE02F00AD702075E53000ACE0180E002DE
:10BCC00009104803BFDE02F00AD70068DE5F000AF1
:10BCD000D4021A5407000AD20103C0270017A10199
:10BCE000825E8610D0860102C0270017A100E042C4
:10BCF0002AF4308A0180E004FF87FC03A9DE02F009
:10BD00000AD700B05E4700108001085E4F0017A1FF
:10BD100000685E87002B0503AB5E02F00B09020092
:10BD20005217000AEF0068DEAB004ADD00E0025364
:10BD300000209402865E53000B370284520F000DE0
:10BD4000130284D20F000AE203AC5E02F00AED0394
:10BD5000BFDE02F00AF8032C5E02F00AF800685E0B
:10BD60004F040AED0106D20F0017A100808ECF010B
:10BD700097A200E0015E0DB0640181DE86C3F61F6C
:10BD80000187DE8624912400683077FFEAED00B059
:10BD90004467000C1E02005E87000AED00E0446567
:10BDA00083AC1E00685E4F020B3703BFDE02F00B50
:10BDB00024031EDE02F00AF503315E02F00AF500EC
:10BDC00068DEAB004AF500808ECF0197A200E0014B
:10BDD0005E0DB0640181E002C3F61F0068DEAB00B7
:10BDE0004AFA00E0023F00208F03BFDE02F00AFDA6
:10BDF00000685EAB004AFD0280522F000B37020242
:10BE00004107000AFD00685E4F040B3700685E4F73
:10BE1000028B370206DE53000B020028E01EF40BF3
:10BE20000200A044B703E14500B005130017A100CC
:10BE3000E05E8428A14602844107000B3701806040
:10BE400006F2979403BFDE02F00B37032B5E02F07D
:10BE50000B3700685E4F05AB2400685E4F052B244E
:10BE600003BFDE02F00B370068DEAB004B12006D43
:10BE70008ECF002B1201BC6003000AB50182600264
:10BE8000F5D7AE02805EFF000B1000682B4F000B51
:10BE90001200E044655A4AD300682B6BFFCB1200B6
:10BEA000E02B6B002ADA02065E53000B1500E0025D
:10BEB0006300209803BFDE02F00B370323DE02F09D
:10BEC0000B1F0129500B0017A30068DE8F052B1FE5
:10BED000020680C7000B1A0182E001872C39018716
:10BEE000E0021070830184600209104800B05E8790
:10BEF0000017A1006EE003002B1E03D1DE02F00B41
:10BF00001F0068DEAB004B2100E002270020890003
:10BF1000685E4F000B3700685E4F010B3700685EAC
:10BF20004F058B3700808ECF0197A200E0015E0D98
:10BF3000B0650020DA7F140B37028047C7000B87FB
:10BF40000329DE02F00B2D0102DEAF0017A101066E
:10BF5000520F0017A200385E86F44B370182DE8A4A
:10BF6000F577AB00B052230011F200B05227001158
:10BF7000F300B0522B0011F40106520F0017A1007C
:10BF8000E05E870031F500B0005B0011F000B047C3
:10BF9000C30018000134C7C70017A1006EDE840279
:10BFA000AB3701BC60030810420283C107000B3BA2
:10BFB0000301DE02F00B3A03B55E02F00B3B028098
:10BFC0005E53000D1300B040330017A101089FF726
:10BFD0000017A200685E8B006B4300E840310497B5
:10BFE000A102811FF7000B4300B020930017A102AC
:10BFF000809FF7000B4300B05E630017A1006E5EE8
:10C0000084020B8900B05E870007F401816000FFA5
:10C0100087FC0202C013000B4900E05E840347F472
:10C0200001816004FF87FC02011FF7000B820103FE
:10C030005E530017A10187DE84FF87FC0386DE02C2
:10C04000F00CA100025E02F0123603855E02F00BD6
:10C050004C018E60023D11E80107C7830017A10162
:10C06000825E84FF87FC02019FF7000B550103C726
:10C07000970017A101825E84FFA7FD00B020330066
:10C0800017A1018E5E84FFA7FD032A5E02F00B5DFF
:10C0900000025E02F00E870329DE02F00B5C030152
:10C0A000DE02F00B5C0182E0060D906C03BFDE0245
:10C0B000F008A401BC60030011EC01BC600F00118A
:10C0C000E801846004FFA7FD01075EAF0017A1012E
:10C0D00085DE84FF87FC00B040270007F600B040F3
:10C0E0006B0007F800B0406F0007F900B0402B006C
:10C0F00007F701BC601B0DD7A100025E02F001270B
:10C1000000B040670017A201BC601B0DF7A1000240
:10C110005E02F0012700B040670017A100E85E8AC8
:10C12000F437A200E15E8AF457A100E0DE86F457FE
:10C13000A100985E8700B7A101BC5E860147F700A9
:10C14000681F33000B7C018F60060127F600681F13
:10C1500033002B7900B01FC70017A100025E02F068
:10C16000012700A04064F9D7A200B85E88FE17A19D
:10C1700003BFDE02F00B7A00A04138FE17A1006871
:10C18000DE87000B7C018F60020127F601846004CA
:10C19000FFA7FD01075EAF0017A10185DE84FF87C1
:10C1A000FC00025E02F00EA301BC63FF1FD7A800D3
:10C1B000025E02F0109A00025E02F00E8701A86093
:10C1C0000A00900402011FF700163B00A84013006C
:10C1D000500403BFDE02F0072000E002870020A128
:10C1E00003BFDE02F00B8A00E0020B00208203A9ED
:10C1F000DE02F00D13018460060910480184E00698
:10C2000009104803BFDE02F00D13032B5E02F00B92
:10C21000B10068DE4F06AB9200E0023B00208E03C7
:10C22000BFDE02F00B9300E0023700208D0323DE17
:10C2300002F00BB50068DE4EF1CBB5020680C700F8
:10C240000B970182E001872C390187E0021070838F
:10C250000184600209104800B05E870017A1006EDB
:10C26000E003002B9B03D1DE02F00B9C00685E4FC5
:10C27000062BAF01BC600300083303295E02F00BFC
:10C28000A10203DEB3000BA20191601A84F427011E
:10C2900083E002F597AC020200BF000BAE0206ABD2
:10C2A000D3000BA7020345AF000BA90185E0062DC3
:10C2B000716B03BFDE02F00BA90203456F000BA9EF
:10C2C0000185E0062B715B02045EB3000BAE0187B3
:10C2D000E0021070830183E00209104800025E0250
:10C2E000F0159303BFDE02F00BB50205500B000BF7
:10C2F000B50182600609104803BFDE02F00BB500ED
:10C30000025E02F00BBC0068DE4F062BB500E002B7
:10C310004F00209303BFDE02F00BB503AB5E02F0CB
:10C320000BB702044107000BBA02834107000A5011
:10C3300003BFDE02F00BBA02844107000A500180FD
:10C340006006F2979403BFDE02F00A50028700C332
:10C35000000BC00068D213000BC001BC60030011C9
:10C360008301BC60030011820002DE02F0000003C2
:10C370009F5E02F00BC4039EDE02F00E3502035EE8
:10C3800053000E35010C81430017A10068DE8700C1
:10C390002BC9010001630017A10102C0270017A2E9
:10C3A0000038DE86F44BB903AB5E02F00BCB020023
:10C3B0005217000BB90280522F000BCD03335E02DF
:10C3C000F00E3502181DF3000BF101BC601B0610C6
:10C3D0006501BC60031BB7A400025E02F00172009D
:10C3E000B05E8F0017A60068DE931BABED0207C19D
:10C3F00097000BDA01385A070017A1013C5A0700D1
:10C4000017A201BC5A0AF457A2013C5A0B0017A309
:10C4100001BC5A0EF477A303BFDE02F00BDD013C32
:10C420005A030017A100B05A070017A200B05A0B18
:10C430000017A3006D5E87008BE701BC61BF0A1780
:10C44000A50068DE8AF4ABE201BC60271357A500A3
:10C45000685E8EF4ABE601BC605F0017A50068DE85
:10C460008AF4ABE701BC60171E57A50068DE8EF4A6
:10C47000ABE703BFDE02F00C2900D85E870037A1CE
:10C4800000E14196F4306500E1C19700306501F0AC
:10C4900041970017A200E05E8B0077A2006D5E8AD4
:10C4A000F4CBD000E840330097A5006E5E96004CB8
:10C4B0002900B01DEF0017A10068DE840A0E3502C6
:10C4C0003C523F000C02013C523F0017A10068DEC5
:10C4D00084048C2701BC600316106401BC601B0639
:10C4E000306500685E87002BFE00B05A030017A27B
:10C4F0000068DE8AC00C2700E0419700306500E04C
:10C50000419300306400E85E870057A1006A5E87AF
:10C51000002BF700685E87000C0301385A030017F0
:10C52000A1013858030017A20068DE86F44C2703E7
:10C53000BFDE02F00C030285C107000E3501BC60AE
:10C540001B06106501BC600305B7A400025E02F083
:10C550000172028000C3000C2701BC60131417A6EF
:10C5600000E0017F00B7A5006D5E96F4CC0B01BC26
:10C5700060130C97A500685E940BCC2B00B0017B78
:10C5800000106500B052270017A200B0522B001710
:10C59000A3006841940BEC160068DE8ED04C1200AC
:10C5A000685E8AD02C2700E0419700B065006D419D
:10C5B00096F4CC0F01BC60130C906503BFDE02F053
:10C5C0000C0F00E0028B0020A200B0017F0010657C
:10C5D00000B0522300168000B0522700168100B030
:10C5E000522B00168200808ECF0197A200E0015EE0
:10C5F0000DB0640203587F000C2001BC602F00378F
:10C60000A103BFDE02F00C2101BC5202F2F7A1012E
:10C61000A95E02F436830090446701168402028109
:10C62000AB000C250068DE9305AC2601846006D0C3
:10C63000968400B05E9700005F020781AB000C2972
:10C6400001806006F2979403AB5E02F007DF03BF40
:10C65000DE02F00A5000E0028F0020A303BFDE02DA
:10C66000F00BB903835E02F00C2F006D4033038C96
:10C670002D006D4033038BB9032B5E02F00E39039E
:10C68000BFDE02F007DF032B5E02F00C3700E00292
:10C690003300208C020681AB000C360183E0058755
:10C6A0002C3903BFDE02F007E100E0024B002092CC
:10C6B000008800230037A200E05E8800F7A200E0B7
:10C6C000001AF451890186E00630118003BFDE02B2
:10C6D000F00BB5032B5E02F00C3800E0135300247E
:10C6E000D403BFDE02F007DA02045247000BB501A3
:10C6F000BC601F10F06401BC60030177A101BC6342
:10C70000FF1FE79300E04186F4306501BC63FF1F23
:10C71000F60000E05E870077A100025E02F00F1FC6
:10C720000200C077000BB5012940770017A2006D09
:10C730005E8B04CBB500E85E8B04D60001BC601FA5
:10C7400005F06300E0418EC010630200D603000BC9
:10C75000B502065603000BB50184E006F597AC015F
:10C7600016D6030017A200885E8B0077A200E001B6
:10C770009EF4506500B041970004C201BC602B18C4
:10C7800017A100B05A0F0017A200025E02F0012BA1
:10C7900001BC602B1837A100B05A130017A2000289
:10C7A0005E02F0012B00B0418B0004D903BFDE0212
:10C7B000F00BB503A2DE02F000C203A3DE02F00C10
:10C7C0007A00E001FF00207F01BC60030017A30393
:10C7D000BFDE02F00C7C018760040310A001BC6086
:10C7E000030051E400B0479300180001BC6003024D
:10C7F000900401BC620F0011E001BC600F0131E840
:10C8000000B047A300180001BC600F0011E801BC94
:10C8100060030131EC00B047B300180001BC6003B5
:10C820000011EC018460060910480020601E090C0C
:10C830007100E001FB00207E03BFDE02F00C8501E9
:10C84000BC60030ED7A1011400630017A200E05ED4
:10C8500086F4506500E05A03003680020300C700EA
:10C860000C7703A95E02F00C7C0291509F000C7BB8
:10C870000191601A84F42703BFDE02F00C7B00E014
:10C8800001FF00207F01BC60030037A30323DE0209
:10C89000F00C850183E00209104801846002F597DD
:10C8A000AC01BC6003000ABB01BC600300178E0230
:10C8B0000680C7000C830182E001872C390187E0E4
:10C8C000021070830182600209104803D0DE02F07A
:10C8D0000C8603D05E02F00C870182E0020910484A
:10C8E00003D5DE02F00C8901BC60030010B401BC6A
:10C8F000600300F7A1006800A7000C8D0185421AB3
:10C90000F437A100025E02F0012700B04067001773
:10C91000A501BC63FF1FF7A200025E02F0012B001D
:10C920008860070157A400B85E86F497A100025EF4
:10C9300002F0012B0283C21F000C9400025E02F081
:10C94000114C02844523000C9603D0DE02F00C98B3
:10C9500000685E8F0000020020E01E090C9C00B001
:10C960005E9700142E03BFDE02F0036E00A8412381
:10C9700000F04803BFDE02F00002018360020910EC
:10C980004800E0021300208403BFDE02F00CA40183
:10C99000BC6007001042006E4030020CA400E002B0
:10C9A0007700209D00025E02F0170A03A35E02F0EA
:10C9B0000A5003C6DE02F00CA7032ADE02F00CAE1A
:10C9C00000B0304700080800B0304B00080900B044
:10C9D000304F00080A00B0305300080B00B0305749
:10C9E00000179F03BFDE02F00D130184E00609105B
:10C9F0004803BFDE02F00D13020681AB000CB30248
:10CA000081B0E70000BD028330E70000BD0284452D
:10CA1000230000BD0320DE02F00CBB0068A0C700AD
:10CA20000CB801BC609F0217A100E04466F42831F5
:10CA3000006B4465062CBC0020E1020900BD000229
:10CA40005E02F00D2F01BC60030008310020E38A74
:10CA50000900BD028445230000BD00B05E870017B9
:10CA6000A103915E02F000BD0396DE02F000BD035B
:10CA7000965E02F000BD00025E02F00D2F00E10D97
:10CA8000B228E36C00E08DB700036D01BC600300C9
:10CA9000114701BC600300602000680173000CD7DF
:10CAA00001BC60130890E600025E02F0016A00B06B
:10CAB00001730010E401BC600300000601BC6003C8
:10CAC00000005C01BC600301D78201D2DE0877F070
:10CAD000E000B00F030010E100B000470010860036
:10CAE000B00F1F00108A01BC600300378100025E96
:10CAF00002F010700190600A09104801BC61030047
:10CB0000308003BFDE02F0000201BC60030030424F
:10CB10000187E00224712300025E02F014DB039718
:10CB20005E02F00D4303125E02F00CDA01BC6003FA
:10CB300000402001BC6003000B8901BC60030011B0
:10CB40004901BC618300112500B0007B0011270161
:10CB5000BC60130C805E01BC60130C805F0180E040
:10CB600006F5D7AE0107C1070017A101805E86F563
:10CB700077AB01BC600F0011E801BC620F0011E04F
:10CB800000025E02F00CF701BC61CF0C105C01BC2E
:10CB9000600300105D01BC61CF01F05E01BC603B31
:10CBA0000AF05F01866005610B0800025E02F01466
:10CBB0005C01866001610B0801BC600300082E0265
:10CBC0000300C700001201BC60030006B201BC6094
:10CBD000030006B701BC60030006BC01BC60030093
:10CBE00006C103BFDE02F0001201BC60430017BBA8
:10CBF00000A04122F7704801BC63FF1FF05401BC44
:10CC000063FF1FF05501BC63BF1FF05601BC63FFFB
:10CC10000FF05700025E02F0170A0187E006247148
:10CC20002301BC600300105401BC600300105501D7
:10CC3000BC600300105601BC600300105701BC60CB
:10CC40000F0020170106C1070017A101825E8402B0
:10CC5000E017010741070017A100B85E870037A160
:10CC60000180DE870000160002DE02F0000002856F
:10CC7000C03700000200025E02F012360286403722
:10CC8000000D0A00E0021B00208601BC6003010BBE
:10CC9000890386DE02F00CA10287C037000CA100D8
:10CCA000025E02F017D003BFDE02F0001201B8608E
:10CCB0000A04902403AA5E02F00D160158600300D6
:10CCC000102A01BC600302900400B0401300180059
:10CCD0000183600209104801806000FFA7FD000287
:10CCE0005E02F0123603855E02F00D1A01BC620F7F
:10CCF0000011E001BC600F0131E800B047A300184B
:10CD00000001BC600F0011E801BC60030157A100E5
:10CD1000E85E870037A10068DE87000D2101BC6056
:10CD20000302900400B0401300180001BC6003012E
:10CD300031EC00B047B300180001BC60030011ECF7
:10CD40000324DE02F0072001866006F577AB0002BF
:10CD50005E02F00D2F0180600610308100B05E870A
:10CD60000017A10180600210308103BFDE02F007CE
:10CD700020020601AB000D3101806001872C3901D2
:10CD8000BC610300108000B04203001800006EE098
:10CD900003002D3403505E02F00D3700015E02F0F7
:10CDA000000003BFDE02F0039401846002F597AC3B
:10CDB00001BC6003000ABB00A8412304F0480182C3
:10CDC00060020910480206DEAF000D3E03D5DE0208
:10CDD000F00D3E0350DE02F00D3C01BC600300107C
:10CDE000B40284C783000D4101BC600B0011E00157
:10CDF0008E6002F577AB0002DE02F0000003A2DED7
:10CE000002F000BD02BC4287000D4A01BC60030075
:10CE100037A401BC60031FF7A3011400630017A22D
:10CE200000886006F457A203BFDE02F00D4F0088B1
:10CE300060070117A401BC63FF0017A3011400637E
:10CE40000017A200E05E8B0117A200886006F4576D
:10CE5000A201BC60131B906501BC601B18506401EB
:10CE6000BC60030017A50020C286F48D5900E04184
:10CE70009706D06500E0419301F06400E05E970002
:10CE800037A500885E930037A400205E92F46D7889
:10CE900003BFDE02F00D520068DE92F44D5E0068C2
:10CEA0000083006D5E03A0DE02F00D5E0020C12352
:10CEB000160D5300025E02F00D2F006DDE93200D63
:10CEC00074020300C7000D68006DDE97008D6801D5
:10CED000BC600300160801BC600300160901BC60B9
:10CEE0000300160A01BC600300160B01BC600300BE
:10CEF000160C01BC600300160D01BC600300160E89
:10CF000002005AC3000D73023C5A9F000D73006863
:10CF10000083006D730385DE02F000BD03855E02B1
:10CF2000F000BD03A2DE02F000BD03A3DE02F000AC
:10CF3000BD0397DE02F000BD00B041970010600114
:10CF400091600A84F42703BFDE02F0036E01806063
:10CF500002D616B000B05E930010A101836002F704
:10CF6000F7BF01BC600300304303BFDE02F00D5386
:10CF7000006880830060BD03BFDE02F00CDB02832B
:10CF8000C21F00000200B05E870017A103D0DE02BE
:10CF9000F0063D01BC6003041042039EDE02F00077
:10CFA0001200B05E3F00114501BC600300178F0006
:10CFB000B05E4300178500B05E0F00179000025E60
:10CFC00002F00D2F03BFDE02F00012006D403305AA
:10CFD0008BBA03AC5E02F00D8A00685E4F028DEBE7
:10CFE00000E0026700209903BFDE02F00DEB00684D
:10CFF0005E4F028DEB028030DF000D8E00E0025F9D
:10D000000020970180600586EC3700025E02F00E7A
:10D01000AF01866002F5B7AD01826002F5D7AE01BF
:10D02000BC6003000AB5039EDE02F00DA00321DE02
:10D0300002F00DA000E0026F00209B00025E02F0F3
:10D040000D2F0186600209104800A84123013048D5
:10D0500001BC60030210420280441F000D9F00B01B
:10D060005E3F00114501BC600300178F00B05E43B6
:10D0700000178500B05E0F00179003BFDE02F00DB1
:10D08000A000A044B6F07145028200C3000DEB0081
:10D09000B000730017A100E05E86B017A100E15E4A
:10D0A0007AF4379E00E1DE7700179D00E1DE730021
:10D0B000179C00E0DE6F00179B039EDE02F00DAFB1
:10D0C000006E5E6E924E21006D5E6E924DAF006EF0
:10D0D0005E72922E21006D5E72922DAF006E5E76B2
:10D0E000920E21006D5E76920DAF006DDE7A91EEAC
:10D0F0002102003097000DB400B05E7B000C3200BE
:10D10000B05E77000C3300B05E73000C3400B05E8C
:10D110006F000C35028201AB000DC500B044670002
:10D12000082D00B0446B00082C00B0446F00082BA1
:10D1300000B0447300082A0068A0B6232DAF00E9B0
:10D1400020B6F3D79E00E9A0B2F3B79D00E9A0AEE8
:10D15000F3979C00E8A0AAF3779B00E15E7A91F731
:10D16000A100B05E8700111900E1DE7692111A006D
:10D17000E1DE7292311B00E0DE6E92511C0068DE2F
:10D1800086232DBE03BFDE02F00DEB00E9523EF315
:10D19000D7A100E9D242F3B7A200E9D246F397A3A0
:10D1A00000E8D24AF377A400880ECF0057A500E02C
:10D1B000015EF4B06400E95E86C9A78100E9DE8AF9
:10D1C000C9C78200E9DE8EC9E78300E8DE92CA079C
:10D1D0008400808ECF0197A501BC601F0777800077
:10D1E000E05E020DB06500885A0F00F7A500B05E42
:10D1F000970817A50134DA0F0017A600E95E94F02E
:10D2000037A500E8DE98F057A6017BDE96F4D7A597
:10D2100000685E96D06DEB00E85E96D077A600B011
:10D220005E9700168300685A13000DDD00E05A1661
:10D23000F4D68500685A1B000DDF00E05A1EF4D6B4
:10D240008700885E9B00F7A10134DE9B0017A201D6
:10D25000BC60030017A301BC60030017A40069DED3
:10D260009B000DE701BC63FF1FF7A301BC63FF1F19
:10D27000F7A401C3DE8EF457A200E95936F4364D07
:10D2800000E9D93AF4564E00E9D93EF4764F00E869
:10D29000D942F49650031EDE02F00E21039F5E0277
:10D2A000F00E2100685E4F028E21032C5E02F00E0C
:10D2B0002101BC601B06D06501BC600300B7A4005F
:10D2C000025E02F0017202003097000DF600685E07
:10D2D0009300ADF600E030C7002C3103BFDE02F052
:10D2E00018840068DE9300AE210207C197000DFC90
:10D2F000013C5A070017BB013C5A0B0017A101382B
:10D300005A07000C2603BFDE02F00DFF01385A0752
:10D310000017BB01385A0B0017A1013C5A03000C3F
:10D320002600B05E87000C2700808ECF0197A200F8
:10D33000E0015E0DB06400B05EEF0016280181DEF2
:10D3400086C3F61F00683073FFEE0802005E870098
:10D350000E08008830730071260090307301B128E8
:10D3600000683077FFEE0C00B04467000C1E02002E
:10D370005E87000E0C00E0446583AC1E0187DE86EC
:10D38000249124020680F3000E100181E002C3F60E
:10D390001F0187E00224912402003097000E210033
:10D3A000E030B7002C2D028680F3000E140281D8E5
:10D3B0007F000E1F00B0309F0017A100025E02F038
:10D3C0000F0802805E8B000E1F00E85E6984D7A103
:10D3D00000685E85846E1B00E030BF002C2F03BF09
:10D3E000DE02F00E1F00E030BB002C2E01BC6003FB
:10D3F000000C2501BC600700104303BFDE02F00DE6
:10D400001300E85E6984CC2303BFDE02F0188403B6
:10D41000AB5E02F007DF03BFDE02F00A50032B5EB3
:10D4200002F00BB903BFDE02F007DF03AB5E02F0D0
:10D430000E28032C5E02F00BB903BFDE02F00E399A
:10D4400000B052230011F200B052270011F300B0D7
:10D45000522B0011F401BC60030091F501BC600384
:10D4600008104200B0005B0011F003BFDE02F007BD
:10D47000DF0138523F0017A102065E53000E320151
:10D4800038524B0017A10068DE87008E3503AB5E73
:10D4900002F007DF03BFDE02F00A500068DE4F0231
:10D4A0000E38020781AB000E3801806006F29794B7
:10D4B00003AB5E02F007DF020000F3000E3E02063F
:10D4C000DE53000E3E01185E830017A10068DE8760
:10D4D00000AE3E01BC600B02514202005217000B2D
:10D4E000B903BFDE02F00A5001BC600300118301E2
:10D4F000BC6003001182032C5E02F00E450199E02E
:10D500000620110003BFDE02F00E490119402F0072
:10D5100017A100685E87000BB50199DE8620110017
:10D5200003315E02F00BB500A05E3B0097A2002025
:10D530005E4EF44BB50184600209104803BFDE0261
:10D54000F00BB503AB5E02F00E5000025E02F00B72
:10D55000BC03BFDE02F00BB50068DE4F042E5400A2
:10D56000B0523300179F00B0522F0010EB028152CF
:10D570002F0007CA00E002AB0020AA0281522F0050
:10D580000B9303295E02F00E5A0203DEB3000E5A1B
:10D590000191601A84F4270183E002F597AC020838
:10D5A000522F0007DF03BFDE02F00A5001BC600308
:10D5B00000106701BC60030010460180E0060930DE
:10D5C000490282C11F000E6401BC603F1FF065016B
:10D5D000BC600300168000E841970030650069C117
:10D5E00097000E6101BC600B00179401BC60030042
:10D5F00017AB01BC60030017AC01BC60030017ADA2
:10D6000001BC60030017AE01BC60030017BF01BC82
:10D6100063FF1FF7B501BC600300202001BC60035D
:10D620000017A100025E02F00127013840670000E8
:10D6300028011C406700002901BC6003005049011B
:10D64000BC60030017A701BC60030017A801BC6001
:10D65000030017A901BC60030017AC01BC60030004
:10D6600017AD0182E0060F10780206C1E3000E77C5
:10D67000006880A7000E7A03BFDE02F00E7B006810
:10D6800080A7008E7B01BC601302600001BC602398
:10D690000E400101BC63F318600201BC614B1560D0
:10D6A0000301BC600300000401BC604305200501C8
:10D6B000BC601B04306101BC601702506001BC609B
:10D6C0000300082200B05E0F00178500A044B6F0EA
:10D6D000714503BFDE02F00CC30183E0060F107832
:10D6E00001885E5CFEC7F601BC601F1E900701BC8E
:10D6F0006003019008018860060090040386DE0242
:10D70000F00CA10305DE02F00E8C0386DE02F00CA5
:10D71000A10385DE02F00E8E00B05E870017A10027
:10D720006EE003002E920386DE02F00CA1006EC0B4
:10D73000146FEE9501BC60070010420002DE02F09B
:10D74000000003215E02F00E9A00E0204AF4281245
:10D7500000B0204B00178B03BFDE02F00EA2028147
:10D7600050C7000E9F011C509F00178B00E05E2EDB
:10D77000F4378B019C5E2E84F42703BFDE02F00E8B
:10D78000A2011E509F00178B00E05E2EF4378B0124
:10D790009E5E2E84F4270002DE02F0000000680086
:10D7A000A7008EA80102C027000821006880A700FA
:10D7B000AEAE00E020870028210002DE02F000006B
:10D7C00001BC600300282101BC402B0017A1009878
:10D7D0005E870117A10098402B0117A2006ADE8A1C
:10D7E000F42EAE01BC60030088210002DE02F000CE
:10D7F00000028280BF000F0700B0418F00081300B5
:10D80000B0418B00081400B044670017A2017BDE12
:10D810008A2357A101BC601F07706501BC6003002B
:10D8200017A201BC601F03D06401BC601F115063CC
:10D8300000685A03000EFE01BC601F0FB06200E0DA
:10D84000418AF450620090540300F7A6006B5E8694
:10D85000D06ED400B05A030017A300E05A0EF4D5DE
:10D860008000E05A0EF4768300E85A2F00368B00D1
:10D8700069DA2F000EC300E85A0700368B006CDA15
:10D880000EF42EBE00E85A0EF437A400905A03009E
:10D8900077A5006EDE92F4AECA01BC6003003600CC
:10D8A00001BC600B00104301BC600300278900200D
:10D8B0005A0B080ECD01BC600300279203BFDE02A5
:10D8C000F00ED400205A0B140ED400202C27080E82
:10D8D000D000205A0B040ED401866006F5B7AD00C7
:10D8E00088009B00D1260090009B01512801BC6359
:10D8F00003001124006B5E86B00EDC00685A130032
:10D900000ED901886006D0568200B056030017A4D5
:10D9100000E05E92D0968500E05A0EF4D58000209B
:10D920005A0B080EDC01BC600300079200685A1312
:10D93000000EE4006B5E86D0AEE40188600AD0562B
:10D940008200B056030017A400E05E92D0968501D5
:10D95000BC600300360101BC600B00104301BC60D9
:10D960000300278900685A1B000EFE006B5E86D0FC
:10D97000EEFE02015A0B000EF300E85A1B00368639
:10D9800000B05A270017A300E05A1EF4768701BCA6
:10D99000601F11D06200E0418AF4506200B05A2B3F
:10D9A0000017A300E05402F475000203D403000E34
:10D9B000F100E05A1F0036870130540300150001C2
:10D9C000816002D0568203BFDE02F00EF600B05A2C
:10D9D000230017A300E05A1EF4768701816006D069
:10D9E000568200685A1B000EF8006CDA1EF42EE610
:10D9F00002015A0B000EFB01BC600300360203BF9C
:10DA0000DE02F00EFC01BC600300360301BC600BBB
:10DA100000104301BC600300278900E0419701909A
:10DA20006500E05E8B0037A200E041930090640047
:10DA3000E0418F003063006D5E8B008EB802981D50
:10DA4000F3000F0501BC600300079200B0204F00F7
:10DA5000106300B020530010620002DE02F00000EC
:10DA600001BC60030017A20068018B000F1E00902C
:10DA7000018B0077A201806002F437A1006E5E8600
:10DA8000F44F1E0207C197000F1001385A07001704
:10DA9000A303BFDE02F00F11013C5A030017A300DD
:10DAA000E85E8F0097A300E85E8AF437A2006A5E02
:10DAB0008AF46F1E00D0419700306400E05E8B0056
:10DAC000B7A300E04192F4706400D8419300306441
:10DAD0000207C193000F1B013C58030017A103BFAD
:10DAE000DE02F00F1C013858030017A100A0018BC3
:10DAF00000F7A200905E86F457A20002DE02F0005A
:10DB00000000B05A0300101F00B05A070010200098
:10DB1000B05A0B0010210180600700101D028040E8
:10DB200077000F230002DE02F000000187E002F51B
:10DB300077AB03915E02F000020020E3FE090002D1
:10DB40000200421F0000020068C2F30000020284CB
:10DB500045230000020068C0170000020068AB9770
:10DB600000000200025E02F00EAF00683073FFEFAB
:10DB7000310207C493000F3C00683077FFE00200D9
:10DB8000683077FFEF350068307B000F3B006BC4D7
:10DB90006583CF3C03BFDE02F0000201BC601F07BB
:10DBA000706400E041930617A20068D82F000F3977
:10DBB0000281D80B00000200E04193019064006DE7
:10DBC0004192F44F370287C49300000200689E4BD5
:10DBD00000000202815E53000F4A0283411F000FC2
:10DBE000400281DE53000F5B01BC60030011510154
:10DBF000BC600300115201BC620300115301BC6000
:10DC00000300515001896006F2979401BC60E7005F
:10DC1000107701BC600300107601BC60031117A3EC
:10DC200000025E02F0013403BFDE02F00002028057
:10DC3000C54300000201F0C5470011560107C54762
:10DC40000017A101F0C54AF4315500B04557001046
:10DC50007700B0455B00107601BC60030E97A3000F
:10DC6000025E02F0013400B04557000C1000B045D0
:10DC70005B000C0F01BC600300115501BC60030088
:10DC800011560090303F00CC0F00B030430017A178
:10DC900001AD5E8581EC0F0189600AF2979401BCA9
:10DCA00060030810470392DE02F00FAF020480BF4A
:10DCB000000F6001BC63FF1FE7F301BC61FF1FE8B9
:10DCC0000E03BFDE02F00FB101866002F597AC01D2
:10DCD000BC601F07706501BC601F0FB06401BC60B1
:10DCE000030037A101BC60030017A300685A0300BA
:10DCF0000F9D01BC60030017A502035A0B000F6EB5
:10DD000002805A0B000FAF00E9440AC017BB00E8BD
:10DD1000C40F0017A4017BDEEEF497A400685A1329
:10DD2000000F7C03BFDE02F00F790068DE87002F52
:10DD3000700203DE53000FAF0203DA0B000F840002
:10DD4000B05A0F0017A400685A07002F7500685AD0
:10DD50002F002F7501BC60030037A500685A13001F
:10DD60000F79006CDE92D0AF7900B05A170017A47B
:10DD700001BC60030037A500201CBAF42F7C0068AA
:10DD80005A1B000F9703BFDE02F00F7F00885E87EB
:10DD90000097BB00201CBAF76FAF02015A0B000FAF
:10DDA000AF006CDE92D0EF9700B05A1F0017A400AE
:10DDB000201CBAF42F8301BC60030037A503BFDE2B
:10DDC00002F00F970202DA0B000F9D0204C1070058
:10DDD0000FAF00B05A0F0017A400E85A2F0037BB4E
:10DDE0000069DEEF000F8A00E85A070037BB013CEC
:10DDF000016F0017800068DE03000F900138016F8B
:10DE000000178000685E03000F9300E85E03003790
:10DE1000BB03BFDE02F00F9300E85E030037800013
:10DE200080DE02D0378000E05EEE0DB7BB00685E9A
:10DE3000EF000F9700E05E92D017A400E85EEF00BD
:10DE400037BB03BFDE02F00F9300685E8F000F9AAE
:10DE5000006B5E92F44F9B03BFDE02F00F9D01BC8E
:10DE600060030037A300B05E930017A200B05E9776
:10DE70000017A600885E870037A100E04197019057
:10DE80006500E04193003064006D5E87020F65001D
:10DE9000685E8F000FAF00B044670017A5017BDEFE
:10DEA000962357A500E85E8AF4B7A400885E930025
:10DEB000E4DB00905E9301271D00B0012B0017A347
:10DEC00000689C77000FAA006E936EF46FAF03A6F4
:10DED0005E02F00FAF00B05E9B00078500E9136E95
:10DEE000F467F300E89C7700080E03BFDE02F00F32
:10DEF000B100681E1700000203BFDE02F0105901D6
:10DF0000BC61030011230069203B000FB50180E0D4
:10DF100006F2979403BFDE02F00FB70180E002F231
:10DF2000979403BFDE02F0000200684127000FC68D
:10DF300002844523000FB8006800A700AFBC00684A
:10DF400000A700CFBC006880A7010FBF00B04467E6
:10DF50000017A100E84466F437A2006D5E8B004F05
:10DF6000BD0280C127000FC10392DE02F0105903E9
:10DF700092DE02F00CE700025E02F014E700025E9F
:10DF800002F0113D00025E02F0113800025E02F064
:10DF9000114801BC600F0011E8031EDE02F00FCD36
:10DFA00001BC600300105C01BC600300905D01BC1B
:10DFB000605304105E01BC600300105F03BFDE020B
:10DFC000F00FD101BC600B00105C01BC600300903D
:10DFD0005D01BC604304105E01BC600300105F0182
:10DFE000BC6003000C1E01BC6003008020028500A1
:10DFF000BF00106000B01FCF00115100B0203B00E7
:10E000001152006E1FCE2A8FDA0068A03B000FDA93
:10E0100000E01FCE23280F03BFDE02F00FFB00B08D
:10E02000446700080F00E91FCE2A915100E8A03B89
:10E0300000115201BC61FF1F707701BC63FF1FF02C
:10E040007601BC60031197A300025E02F001340068
:10E05000B0454B00107700B0454700107601BC601A
:10E06000030F17A300025E02F0013401BC602F1AF7
:10E07000B06500B0455700169100B0455B001692A0
:10E0800000B0440B00169300B0440F00169401BC7E
:10E0900063FF1FF15201BC63FF1FF15101BC60031C
:10E0A00000115501BC600300115601AC607F029065
:10E0B00075028741D7000FEF00B041DB0003B100CC
:10E0C000B041DF0003B200B0446700082D00B04447
:10E0D0006B00082C00B0446F00082B00B0447300A4
:10E0E000082A00E14464FE6C1A00E0C46901CC1BFC
:10E0F00001BC600302315000B045430018000068C5
:10E100006003000FFB01BC600300104000008000B2
:10E11000000000020480BF000FFF0312DE02F00FB8
:10E12000FB0068C55700100701BC602F1AB06500DE
:10E13000B05A4700115500B05A4B00115600B05A62
:10E140004F00110200B05A5300110301BC600300DC
:10E1500017A701BC60030017A801BC60030000669C
:10E1600001AC607F0F1075028741D700100900B025
:10E1700041DB00115100B041DF00115200684547FA
:10E1800000101000E91FCE2A87F300E8A03B00082A
:10E190000E01866006F597AC01BC600300107701A4
:10E1A000BC600300107601BC60030F17A300025E81
:10E1B00002F0013401BC60030011500284454300A9
:10E1C00010150207C1E300101600B044670017A144
:10E1D00000685E862330180182E0060F1078020680
:10E1E000C1E300101A01BC600300402001BC6003C1
:10E1F0000000660186600620110001BC606300100B
:10E200007B01BC601B00107A01AC607F029075023C
:10E210008741D700102100E941D876379C00E8C13A
:10E22000DC76579B00B0303F0017A10080DE72F40F
:10E23000379D00B041B700179E0080DE6EF4379C1A
:10E2400000E15E760DB79D00E0DE7300179C017D56
:10E250005E7AF3B7A1017D5E76F397A200905E73BC
:10E260000157A300E120B6F4311900E1A0B2F45146
:10E270001A00E1A0AEF4711B00E0A0AB00111C007D
:10E28000E10DAAF4236A00E08DAEF4436B00B044C4
:10E290001F001800008844230157A3009044230066
:10E2A000D7A400B0440B0017A100B0440F0017A280
:10E2B00000E95E862337A100E8DE8A2357A20069C1
:10E2C000DE8B00104100E1440AF4710200E0C40E4C
:10E2D000F4910300E85E230037880069DE23001014
:10E2E0003600E8002700378803BFDE02F010360151
:10E2F00086600220110001BC600300402000E9306C
:10E300006A2337A100E8B06E2357A20068DE8B00B5
:10E31000105001BC604F1117A3006DDE86F47050E1
:10E3200001BC600300104001BC600300105D01826D
:10E3300060060BF05F00D05E8700713401E1DE8A79
:10E3400026913501BC6303001133000080000000FA
:10E3500000018260020BF05F02865EB3001059007C
:10E36000681E1700105901BC60430017A100E0446B
:10E3700066F4378001BC600300078900025E02F08A
:10E380000EAF006C4466F0105900681E270010554F
:10E3900003BFDE02F00F5B0200DE5300106301805A
:10E3A000E002F2979400025E02F0113B01BC6003B0
:10E3B00000104003BFDE02F0105E00E04464095725
:10E3C000A103BFDE02F0106301BC60030010400037
:10E3D000B0012F0017A100E0012AF4310900B001BB
:10E3E0002F00110901BC61CF0C105C01BC6003005F
:10E3F000105D01BC61CF01F05E01BC603B0AF05FC3
:10E4000000025E02F0114400025E02F0114B0002B5
:10E410005E02F0114101BC6003000785006D80A71A
:10E42000008CE700E044670477A10068DE862330B3
:10E430006E03BFDE02F00CE701885E0610D0860195
:10E44000025E070017A101825E8610D0860002DE00
:10E4500002F0000000B000470010860108204700CD
:10E460001781013852030017800102C0270017A648
:10E4700000025E02F015F80068204700507B00B0F3
:10E48000540700178000025E02F0107000682047F9
:10E490000030830068A04700107F021A5407001064
:10E4A000830103C0270017A103BFDE02F010820121
:10E4B00006C03B0017A101825E8610D0860002DEF6
:10E4C00002F0000000B054130017A10068DE4F16E0
:10E4D000B08700B054130017A10200DE0700108FB0
:10E4E00000B0418B00106501BC600301D7A100683A
:10E4F000DE4F16B08C01BC60030297A100025E02E1
:10E50000F0160B00E05E8400F7A103BFDE02F010FE
:10E5100094020480F300109402025E07001094023B
:10E52000805E070010940090001B0037A200E854A2
:10E5300012F457A10002DE02F00000020400BF0046
:10E54000109800025E02F011E903BFDE02F010999C
:10E5500000A044B6F0B1450002DE02F00000020067
:10E5600000BF0010AA0068ABEF0010AA00E05EA395
:10E570000037A8006D5EA005D0AA00B02E2F0017AE
:10E58000A100025E02F0012700B040670017A20060
:10E5900068DEA3FFF0A700B05E897197A2006D004E
:10E5A000A70090A6006DA0870050A803BFDE02F070
:10E5B00010A70068A0870010A800B85E897197A214
:10E5C00000025E02F0012B01BC60030017A80002EC
:10E5D000DE02F0000000D85A030117A201B85A0663
:10E5E000F457A200B0560300083600B056070008E2
:10E5F0003700B0560B00083800B0560F000839003D
:10E60000B0561300083A00E05612F4483B00B05AE6
:10E610000300083401385E8B00083500B020EF009D
:10E6200017A401BC60030017A200B041930010655D
:10E6300000B85E92D017A400E05E06F4506300F0CC
:10E640005E930017A300F05E930077A400E05E8B5A
:10E650000037A200B85E92F477A400E04192F45033
:10E660006500E05602F4958000B056030017A40040
:10E670006EDE8B00B0B800B85E92C0D7A200D85E44
:10E680008B0037A200E020DAF4483600B020DB002F
:10E6900017A400B85E92C0F7A200D85E8B0037A224
:10E6A00000E020DEF4483700D820DF0037A200E089
:10E6B00020E2F4483800D820E30037A200E020E64A
:10E6C000F4483900D820E70037A200E020EAF448F7
:10E6D0003A00D820EB0037A200E020EEF4483B00DF
:10E6E000B020EF0017A200B85E8AC017A200905EAB
:10E6F0008B0037A201BC5E8906A8350002DE02F05D
:10E700000000018060063C91E4018760063CD1E690
:10E7100001A860023CD1E6018B60023CD1E600B06A
:10E720005E8F00106300B056030011E700B056077B
:10E730000011E700B0560B0011E700B0560F0011B2
:10E74000E701A960423C91E401A860023CD1E601E6
:10E750008B60063CD1E600B05E8B00106301BC60AC
:10E76000030057A1020456030010E601BC60030138
:10E7700017A100E0418EF4306300B056030011E7AA
:10E7800000B056070011E700B0560B0011E700B0CB
:10E790005E8B00106301BC600300B7A10204D603C6
:10E7A0000010F001BC60030117A102065E530010C7
:10E7B000F001BC60030197A100E0418EF4306300DA
:10E7C000B056030011E700B056070011E700B0563D
:10E7D0000B0011E701BC60030017A10206DE530025
:10E7E00010FB00B05E8B00106302065E530010FA4F
:10E7F00000A0563F01F7A103BFDE02F010FB00A00E
:10E80000563301F7A100B05E870011E701BC600339
:10E810000011E70002DE02F0000000685E9B00D1FC
:10E820001801BC60070211E30068DE9B00510B0079
:10E83000E847870111E101BC60030011E201BC60FF
:10E84000030011E201BC60030011E201BC6003009F
:10E8500011E201BC60030011E201BC60030011E29F
:10E8600001BC60030011E201BC60030011E200B0D2
:10E870006142F451E000B058030011E200B05807C3
:10E880000011E200B0580B0011E200B0580F001167
:10E89000E200B058130011E200B058170011E20076
:10E8A000B0581B0011E200B0581F0011E200B05E2A
:10E8B0009B0017A40068DE9B00B11601BC6003003A
:10E8C00077A40192DE930217A30002DE02F000009B
:10E8D00001BC60070011E300B058030011E200B072
:10E8E00058070011E200B0580B0011E200B0580FB9
:10E8F0000011E200B058130011E200B058170011E7
:10E90000E200B0581B0011E200B0581F0011E200F5
:10E91000E00146F0106401BC60070031E300B0582C
:10E92000030011E200B058070011E200B0580B00DC
:10E9300011E200B0580F0011E200B058130011E2CC
:10E9400000B058170011E200B0581B0011E200B0EF
:10E95000581F0011E20192E01B0017A30002DE0223
:10E96000F00000028740C300112D01866006F01000
:10E9700030028640C300112F00B040C7001781004D
:10E9800002DE02F00000028740C300113200B05ED8
:10E99000070010310186E006F010300002DE02F0C0
:10E9A0000000006800A701978C03BFDE02F0114A47
:10E9B00000025E02F0113B00025E02F0114B000209
:10E9C000DE02F00000006800A701970F0002DE02DF
:10E9D000F0000001816006093049006800A700913D
:10E9E0004000025E02F0114C0002DE02F000000066
:10E9F000025E02F0114C018160020930490002DE22
:10EA000002F000000188E00E09304900B041270003
:10EA1000180000B0002B0010020002DE02F000001F
:10EA200001BC60030010020182E0020F10780002B6
:10EA3000DE02F00000006800A701978B00B04127BC
:10EA40000017A100B0412701D04900B05E87001730
:10EA5000A100B05E870017A100B05E870017A1007B
:10EA6000B05E870017A100B05E870017A100B05EFE
:10EA7000870017A100B05E870017A100B05E870075
:10EA800017A100B05E870017A100B05E870017A134
:10EA900000B05E870010490002DE02F000000100B5
:10EAA000DE530017A601BC60030037A103BFDE02DE
:10EAB000F0115D00025E02F0012701876006033756
:10EAC000A20068DE9B001161018760020337A2008B
:10EAD000025E02F0012B0002DE02F00000020241A1
:10EAE0001F00117602825E5300116801826006F2F7
:10EAF000979400B0446700180000B0446B00081BF6
:10EB000000B0446700180000E844690377A4006877
:10EB100000A700916B006DDE9300517000E0446728
:10EB20000317A303905E02F011730285C523001141
:10EB3000730068DE8E23316D01BC60030210470153
:10EB4000BC600300904301826002F29794018260EE
:10EB500002F5B7AD006800A7009176006800A70035
:10EB6000B1760002DE02F000000201C11F0011892F
:10EB700002855EAF00117C01856006F577AB00B0C1
:10EB8000446700081E00B0446B00081F00E944659C
:10EB900003D7A100E8C46903F7A200D05E8700771D
:10EBA000A101E1DE8AF437A200E95E862697A10082
:10EBB000E8DE8A26B7A200695E8B00118901BC617C
:10EBC0000300113300E144DAF4313600E144DEF4AD
:10EBD000513701856002F577AB01BC600301104736
:10EBE00001BC60030050430002DE02F0000002019D
:10EBF000AE2700118C0284C52300119601BC600F62
:10EC00000C106500E0419571306502002E2700115F
:10EC10009000E0419700B06501BC600F0D17A100A6
:10EC20006E4196F4319400E15A0229368000E0DA10
:10EC30000700168101BC6003000B8901BC60030062
:10EC400011490002DE02F0000000B0451F001781EC
:10EC500000B005B70017A601BC600704106401BC32
:10EC600060131B906501BC60030017A10205DEAFB5
:10EC70000011B100B0580F0017800068DE842C31FD
:10EC8000A100E0582300360803BFDE02F011B902EC
:10EC9000005E9B0011B10280DA030011A701185831
:10ECA0001F00178200E05E0B00378201985E0AC0E9
:10ECB000F60703BFDE02F011AA011A581F001782DF
:10ECC00000E05E0B003782019A5E0AC0F60701F091
:10ECD000DE0300378000A05E02C0578000B05E03F4
:10ECE00000160300A044B6F0178200B05E0B0016B9
:10ECF0000500E05E0AC0960603BFDE02F011B9000F
:10ED0000B0581300178200E85E06F057A5006ADECF
:10ED1000970011B700E85816F4B6050069D8170037
:10ED200011B701BC600300160500B058170017A505
:10ED300000E05812F4B60600E0419302106400E0CF
:10ED4000419706D06500E05E870037A100905E9B8A
:10ED50000037A60068DE8700919C01BC60030011AB
:10ED60004701BC600300016D0002DE02F0000001FB
:10ED7000BC600300016C01BC600300016D01BC605C
:10ED8000070A106401BC60030077A100B0428F0045
:10ED9000178000A05E0301F78000B05E0300016EE3
:10EDA00001BC63FF1FF7A20068DE030011CB01BCAA
:10EDB00060030017A200886006F43781002005BABE
:10EDC000F031D00068DE8AC0D1D000E005B3002168
:10EDD0006C00B005B6F0216D00685E030011D40030
:10EDE000205E06F011DA006EDE8AC0D1DA03BFDEE3
:10EDF00002F011D5006DDE8AC0D1DA00B05E870066
:10EE000017A300B0419300016600B0581B0017A281
:10EE100001BC600300016C01BC600300016D00E8EF
:10EE2000419302106400E85E870037A10069DE8725
:10EE30000011CB00B05E8F0001650002DE02F00021
:10EE40000000B0059B00106400B0581B0011450085
:10EE5000B0059B00016200B0059700016100B05849
:10EE60000F00178500B0580700178300B0580B003B
:10EE700017840118581F00178C011A581F00178D8E
:10EE80000002DE02F0000000B0058B001064006E8E
:10EE900041932A11F600A044B6F0B7A100B05E87F6
:10EEA00000160500E05812F4360600B0581B001199
:10EEB00045020000F30011F3006D41932811F302A5
:10EEC00000DEAF0011F301BC600B02514200B05EE6
:10EED0008700016F02015EAF0011F600B05E1700FF
:10EEE000160301816002F577AB0002DE02F000003C
:10EEF000020145230012010287C49300120101821E
:10EF00006002F5D7AE02012C230011FE00E02C2B8D
:10EF1000002B0A01816001610B0802065EB7001236
:10EF20000100E02AD7002AB501866002F5B7AD00DE
:10EF300002DE02F00000020200BF00120F00025EBB
:10EF400002F012370202DEB30012070068428F009F
:10EF50000F2503BFDE02F00002028881AB00120F12
:10EF600002845EFF00120502845EB3001205028275
:10EF7000DEFF00120502822B2F00120D00682A9B73
:10EF800000120F0284DEAF00120502845EB7001289
:10EF90000500B05E870017A10002DE02F00000014C
:10EFA00082E002F597AC0203DEFF001219028445ED
:10EFB0002300121902012B2F0012190180E006F222
:10EFC000979400025E02F0114C0180E002F29794E7
:10EFD00000025E02F0114C0180E002F297940201FF
:10EFE000AC230011360181E001610B0803BFDE0292
:10EFF000F01138020400C70012270206ABD300123A
:10F00000210284C5AF00123503BFDE02F0122202D6
:10F0100084C56F0012350284452300122402004289
:10F020000300123500685E4B04B23500685E4B0683
:10F03000B23500685E4B0632350182E006F597ACCA
:10F040000284452300122A0323DE02F0122B0183DF
:10F05000E006F597AC0180E006F29794028400C7C1
:10F0600000113600B02AD70017A2006DDE895511B5
:10F070003602872B2F00123202005EFF001136028B
:10F0800007AB2F0011360181E005610B0803BFDEDD
:10F0900002F0113803BFDE02F011360002DE02F08A
:10F0A0000000020200BF00144D0206ABD300124460
:10F0B0000104C1070017A101855E85610B080204E8
:10F0C0002C2300124401846001610B0801BC6037ED
:10F0D0000017A201BC60031417A100B045E300189B
:10F0E0000000B045E300180000B045E3001800013F
:10F0F000BC620300107701BC60031B507600025E07
:10F1000002F0013E00682AEB00124900E84465570E
:10F1100057A101BC63F71D17A2006D5E86F452492A
:10F1200000E84466F44ABA006CC46556724B00E8C5
:10F130004467002AB30206ABD3001250006DC467C7
:10F1400001524E01BC6003000B100284C5AF0012D7
:10F15000BD03BFDE02F012510280456F0012BD02F6
:10F160000701AB0012530180600209D04E01BC635D
:10F17000FF1FF7A10068C586F4325601BC6003008A
:10F180000ABD0204DEB700144D0184E002F5B7ADFC
:10F190000184E001610B080202DEB3001274020672
:10F1A000ABD30012650068AAF700925D00682B03DC
:10F1B00000125E03BFDE02F01263018B600E2B9122
:10F1C0005C0287ABD30012620182600209D04E0359
:10F1D000BFDE02F012630182600609D04E00025EBB
:10F1E00002F0121103BFDE02F01267018360062BEA
:10F1F000915C00025E02F012110204DEAF00127494
:10F200000282DEBB0012740068AAF700926C01064D
:10F21000AB170017BB0068DEEF001270028480C7D6
:10F220000012740068AAF700326F006CC465567251
:10F23000730068AAF700927400682B030012740030
:10F24000E845895AF7A1006D5E856052740186E039
:10F2500005610B0802835EBB00127A0206ABD30085
:10F26000127800E845C95AF7A103BFDE02F012790F
:10F2700000E845895AF7A1006E5E8554B2970205F1
:10F28000DEB700129300E02B97002AE501BC600373
:10F29000000AE700682C4700127F00E82C47002B8B
:10F2A0001101866002F5B7AD0204DEFF001289008D
:10F2B000B02B9B0017A200B02A9B0017A10283ACC1
:10F2C0002700128600682C87001287006D5E856417
:10F2D000328700B02C7F0017A2006D2B96F4528964
:10F2E0000184E002F7F7BF0206DEFF00129300E0A0
:10F2F0002BC7020AF100B04467000AFC01182BC7B3
:10F300000017A1011A2BC70017A2006E5E8700121A
:10F3100091006DDE895E529103BFDE02F01293010F
:10F32000BC6003000AF10186E002F7F7BF02025E4B
:10F33000FF00144D0068AAEB00144D00B02AC7006E
:10F340000ABA03BFDE02F0144D0182E002F7F7BFF4
:10F3500002862C2300129F0068B05B00129B00689D
:10F36000305F00129F00E9446582D7A600E8C469B7
:10F3700082F7BB00E10EE2F4C3B800E08EE6F7636B
:10F38000B902025EFF0012A7020600C70012A40223
:10F39000802BD30012A400B02B2B0017BB006E2BC8
:10F3A00002F7744D02025EFF0012A700B04467002E
:10F3B0000ABA03BFDE02F0144D0205DEB70012B533
:10F3C00000682AF70872AA00E8446555CAB60068C2
:10F3D0002C470012AC00E82C47002B1100E02B9FBB
:10F3E000002AE700B02BA30017A100B02A9B00174A
:10F3F000A20283AC270012B200682C870012B3006F
:10F400006D5E896432B300B02C830017A1006D2BB0
:10F410009EF432B501BC6003000AE50068AAF7005B
:10F42000B2B800B04467000AEF00B0446B000AF3C2
:10F430000068AAF70132BC00B04467000B0B02065B
:10F440002BD30012BC00B02C7B010B1E03BFDE02CD
:10F45000F0144D020701AB0012BF0180600609D015
:10F460004E0204DEB70012C80283C5730012C20147
:10F47000876006F577AB0282DEB300144D0203C548
:10F480007300141C00E844655637A1006D5E855575
:10F49000B44D01836006F5D7AE03BFDE02F0144D14
:10F4A00000E10ED30023B400E08ED70003B502863E
:10F4B0002C230012CD00B04467000C1600B0446B42
:10F4C000000C170206AC230012D001846002F5B7CD
:10F4D000AD0186E001610B080206ABD30012D70133
:10F4E000BC6003000AD7006D45C71F52D400B04569
:10F4F000C7000AD700E044655AF7BB00E85EEE2E6D
:10F500002AB103BFDE02F012DC01BC6003000AD79F
:10F51000006D45871F52DA00B04587000AD700E02A
:10F5200044655AF7BB00E85EEE2C2AB10183600205
:10F53000F5D7AE0184E006F5B7AD0185E002F5B779
:10F54000AD01826002F7F7BF01856002F5B7AD013A
:10F55000BC6003000B0500E844655637A1006D5EF2
:10F56000855DD2E2006D5E8555B2E600E02B63005A
:10F570002AD800B02A930017B30206ABD30012F5C5
:10F5800001BC600301917800B045E300180000B0B1
:10F5900045E7000AC401BC600301B17800B045E34F
:10F5A00000180000B045E7000AC501BC600301D1A6
:10F5B0007800B045E300180000B045E7000AC60136
:10F5C000BC600301F17800B045E300180000B045CD
:10F5D000E7000AC703BFDE02F0130101BC600300AD
:10F5E000117800B045E300180000B045E7000AC4F8
:10F5F00001BC600300317800B045E300180000B0A2
:10F6000045E7000AC501BC600300517800B045E33E
:10F6100000180000B045E7000AC601BC6003007195
:10F620007800B045E300180000B045E7000AC701C4
:10F6300082E001610B080207AB1B0013040182E0AA
:10F6400005610B0800B02B170017BB01285EEF0007
:10F650000ABD01BC60131C57BB02182B1B00130B07
:10F6600001182B1B0017A60080DE9AF777BB00B0AD
:10F6700041B70017B301342B1B0017A201182B1B35
:10F680000017A300682AF70033180068AAF7009350
:10F690001100685E8F00731A03BFDE02F0131800BA
:10F6A000682AF70133170068AAF70053150068DECF
:10F6B0008B00731903BFDE02F013170068AAF7006E
:10F6C000731A0068DE8B00D31900685E8F00331A4E
:10F6D00000685E8F00131A018760055E8AF40203DA
:10F6E0002BD300132200682AF702D31D0068AAF763
:10F6F00002B32201BC60131C57BB0234AB170013CA
:10F70000220134AB170017A60080DE9AF777BB0002
:10F71000B041B70017B302022C2700132401866002
:10F720000560AB05006E2AF701F3280088600557D5
:10F73000B7BB0020DEED5C532B03BFDE02F0132EBF
:10F7400000E82AF70217BB00886006F777BB0020A5
:10F750005EED5C732E01856006F5B7AD020480C3D3
:10F7600000132E0184E00560AB05006E2AF701F35B
:10F77000350088600557B7BB00205EEF0193330169
:10F7800086600160AB050068AC470013390020DEDD
:10F79000ED5A933803BFDE02F0133900E82AF7026E
:10F7A00017BB00886006F777BB00205EED5AB339BF
:10F7B0000184600560AB050068AAF702F342010D01
:10F7C000AB170017A1010EAB170017A200685E87E8
:10F7D00000134200E05E86F457A100E05E87080A4D
:10F7E000BD0186600160AB0500682C470013420133
:10F7F00084600160AB0502032BD300134E018360CC
:10F80000015AAAD500682AF702D3490068AAF7026C
:10F81000B35E0068AAE700134C0068AB2300134CEA
:10F820000282DEBB00134C02072B1B00134C018429
:10F83000600560AB0503BFDE02F0135E0283C57393
:10F8400000135E00025E02F015BE0068AAF702B364
:10F850005E018360055AAAD500E02C8F002B23019E
:10F86000856002F5B7AD0068AAE700135E0068ABDB
:10F870002300135E0282DEBB00135E00B02AC300C9
:10F8800017A201342B1B0017A1006EDE8706135947
:10F8900000B02ABF0017A2006E5E8964735E01BCCF
:10F8A0006003000B2301BC6003000ADA01856006D7
:10F8B000F5B7AD0184E005610B080068AAF700B355
:10F8C0006802075EFF00136801342B1B0017A300BA
:10F8D0006DDE8D60336800685E8F0013680283AB55
:10F8E000170013660183600560AB0503BFDE02F0FD
:10F8F000136800B02BDB000AF000B0446B000AF77D
:10F900000068AAF70133770202AC2700136B018667
:10F91000E00560AB050281ABD300137701BC600347
:10F92000000ADA00682C2F00137700E8446561773D
:10F93000A1006D5E8561937400B02C330017A200A6
:10F94000E05E8961B7A2006DDE86F453760200ACFA
:10F95000230013770185600560AB0503BFDE02F06D
:10F9600013770180E001610B080068AAF701137AA0
:10F9700000B02AC7000AD10187E006F7F7BF0207E7
:10F98000DEFF00137C0181E00560AB0500682AF70B
:10F9900000338100682AF701F38102852BD300131D
:10F9A0008000682AF70313810068AAF70093920188
:10F9B000826006F7F7BF00B02AC7000AB90068AA3C
:10F9C000F703138800682B2300138800B00013008E
:10F9D0000ABD00B02B7F000AC003BFDE02F0139106
:10F9E0000068AAF7009392011C2B17000AC00106B9
:10F9F000AB170017BB00685EEF00138F01BC6003FC
:10FA0000006AC300B02C7B004B1E03BFDE02F01364
:10FA10009100A82C7B004B1E01BC6003008AC30030
:10FA2000B02AC7000AC80202DEBB00139F0284DEB0
:10FA3000FF0013950206DEFF00139F00B02AD700D7
:10FA400017A2006DDE8955139E00B02B9B0017A2F4
:10FA500000B02A9B0017A10283AC2700139C00680A
:10FA60002C8700139D006D5E8564339D00B02C7F54
:10FA70000017A2006DAB96F4539F0182E00560ABC6
:10FA8000050286ABD30013AD0088600557B7A1000F
:10FA900020DE856393A500E82AF70217A10088609D
:10FAA00006F437A100205E8563B3AB00682C6F00BD
:10FAB00013AB01342B1B0017A2006E5E8B0293AABE
:10FAC00000B02C7B002B1E03BFDE02F013AB00A89E
:10FAD0002C7B002B1E0068AAF702F3AD00B0446730
:10FAE000000B1B00E05ECD54B7B301826002F5D776
:10FAF000AE00B02C2B0017A100B02AD70017A2002F
:10FB00006D5E895513B402865EB70013C503BFDE70
:10FB100002F013B6006D5E855FF3CA02812C2300EC
:10FB200013C501BC601F07706501BC601F115064E4
:10FB300001BC601F11D7A400685A030013C10088DC
:10FB4000580300F7A30134D8030017A200E95E8E22
:10FB50002337A301C3E0022357A500E8DE8AF4B7E8
:10FB6000A20068DE8B0013C1006EDE8EF673C50046
:10FB7000E0419300306400E04197019065006D41E1
:10FB800092F493B903BFDE02F013CA00682AF700AB
:10FB900093CA00682AF70053CA00682AF70073CA9C
:10FBA00001826006F5D7AE00025E02F015BE01BC10
:10FBB00060131C57BB01342B1B0017A20080DE8A88
:10FBC000F777BB00B041B70017A200682AF70053CF
:10FBD000D700682AF70253D700682AF70273D700C4
:10FBE000682AF70073D700682AF70853D700682AF5
:10FBF000F70873D700682AF70893D700682AF70335
:10FC0000D3D703BFDE02F013E60185E006F5B7ADFA
:10FC100000685E8B0013E100B05E8B000AA60182D3
:10FC2000E006F5D7AE00682C8B0013DE006E5E890F
:10FC30006453DE0181600563CB1E00E02BAB002A1C
:10FC4000EA006E5E896013E10182600560AB050029
:10FC5000E844655637A100B044670017A300682A3E
:10FC6000F70893E500E85E8EF42AAE01846002F79F
:10FC7000F7BF0282DEB300144D0203C57300141CEB
:10FC800000B02AAB0017A200B02AB30017A3006887
:10FC9000AAF70093F602802BD30013F600B02B03D3
:10FCA0000017A1006D5E855873F20180E00560AB1E
:10FCB0000500682B4F0013F201BC6003000ABC0072
:10FCC000025E02F0159B00685E870013F600682B49
:10FCD000E70013F600B02BE70017A200B02BEB00F3
:10FCE00017A300685E8F0013FF00682AEB0013FF64
:10FCF00000E844655757A100E05E8EF457A2006DFE
:10FD00005E86F453FF0181600560AB0500682B4FF0
:10FD10000013FF01BC6003000ABC00025E02F01584
:10FD20009B0281AB2F00140402005EFF001404024A
:10FD300004452300140403A0DE02F014040183E050
:10FD40000560AB050281AC2700141C02862C17004D
:10FD5000144D0286AC1700144D028080BF00144D74
:10FD600002825EBB00144D02822BD300141C028160
:10FD7000AC1700141C0280AC1700141C02812C1755
:10FD800000141C02822C1700141C028881AB001482
:10FD90001C0282AC1700141502832B1700141C02DE
:10FDA000832C1700141502852C1700141502842CBF
:10FDB0001700141C0284AC1700141C0283AC17003B
:10FDC000141C02845EB700141B0204DEAF00141B77
:10FDD0000281DEBB00141B0184E002F577AB000258
:10FDE0005E02F0159F03BFDE02F0144D00E844658B
:10FDF0005637A1006DDE8554B4280206ABD300143B
:10FE0000210183E0022B915C03BFDE02F0144D015F
:10FE100083E0022B915C01BC600318517800B0456F
:10FE2000E3001800018360022F317900A84138F9FE
:10FE3000D7A100B05E84FE704E03BFDE02F0144D09
:10FE4000028101AB00142C020081AB001437028444
:10FE50002C170014370280AC170014370206ABD3FE
:10FE6000001435006BAC4223343000E04467014B92
:10FE700010018B60022B915C0287ABD3001433011D
:10FE800082600609D04E03BFDE02F01434018260A6
:10FE90000209D04E03BFDE02F01436018360022B4C
:10FEA000915C03BFDE02F0144D0206ABD300144098
:10FEB000006BAC4223343B00E04467014B10018BE4
:10FEC00060022B915C0287ABD300143E0182600676
:10FED00009D04E03BFDE02F0143F0182600209D058
:10FEE0004E03BFDE02F01446018B60022B915C01D1
:10FEF000BC600318517800B045E30018000183602E
:10FF0000022F317900A84138F9D7A100B05E84FEF4
:10FF1000704E00025E02F0121D02845EB700144DA6
:10FF200002832BD300144A00682AF702B44D0184DF
:10FF3000E006F577AB00E02B27002AC903BFDE02FD
:10FF4000F015870002DE02F000000185E002F5B73F
:10FF5000AD01836002F5D7AE0182E002F5D7AE01B4
:10FF600082E002F7F7BF0184E002F7F7BF01BC604F
:10FF700003000AD301BC6003000AC801BC6003008F
:10FF80000AC001BC6003000AEA018760015F6AFBE6
:10FF900001BC6003000C1601BC6003000C1701815A
:10FFA000600163CB1E0002DE02F00000020200BF0F
:10FFB0000014B20283DEFF0014DA0183E006F7F7D3
:10FFC000BF018560060B705B018560060BF05F0268
:10FFD00006ABD300146601BC600302116D00B02AA9
:10FFE0009700116E028045AB00147A03BFDE02F069
:10FFF000146901BC600302115D00B02A9700115E14
:020000041005E5
:100000000280456B00147A0206ABD3001473006BB8
:10001000AC4223346D00E04467014B10018B600259
:100020002B915C0287ABD30014700182600609D06B
:100030004E03BFDE02F014710182600209D04E014E
:1000400088600E2D516A03BFDE02F0147A018B60C6
:10005000022B915C01BC600318517800B045E300AD
:100060001800018360022F317900A84138F9D7A127
:1000700000B05E84FE704E0188600E2B515A00B0B5
:10008000413F1FF04F00682ABB00148001846006C6
:10009000F7F7BF01BC602F1717A300E04466F46AAE
:1000A000B401BC6003000AAE00025E02F0144E0010
:1000B000E844695FD7A1006EDE8700348A00B02B68
:1000C000D7000AF001BC6003000AEF00682AEB00C9
:1000D000148A00B04467000AB900E84465554ABA7A
:1000E00000B02AB30017A100E82AEAF42ABA028075
:1000F00080BF0014970281DEBB0014A80206ABD3B8
:1001000000148F0204C5AF00149703BFDE02F01481
:10011000900200456F0014970283C5730014970284
:1001200006ABD300149501BC63FF1FF7A10068C59F
:10013000C6F434A803BFDE02F0149701BC63FF1FAE
:10014000F7A10068C586F434A80206ABD300149E5C
:10015000018B600E2B915C0287ABD300149C018253
:10016000600209D04E03BFDE02F0149D01826006DA
:1001700009D04E03BFDE02F014A4018B600E2B9158
:100180005C01BC600318517800B045E30018000121
:100190008B2B2E2F317900A84138F9D7A100B05E02
:1001A00084F9B04E0184E002F5B7AD0184E002F5B8
:1001B00077AB0185E001610B0803BFDE02F0159209
:1001C0000206ABD30014AB00025E02F0121D03BFA7
:1001D000DE02F014AD018360022B915C00025E022E
:1001E000F0121D0184E006F5B7AD0184E006F57755
:1001F000AB0206ABD30014B101846005610B0803A8
:10020000BFDE02F01592018D60020BF05F0206ABBB
:10021000D30014B60188600E2D516A03BFDE02F0D0
:1002200014B70188600E2B515A028181AB0014C8AB
:100230000206ABD30014C1006BAC422334BC00E017
:100240004467014B10018B60062B915C0287ABD396
:100250000014BF0182600209D04E03BFDE02F01419
:10026000C00182600609D04E03BFDE02F014D70140
:100270008B60062B915C01BC600318517800B0457F
:10028000E3001800018360022F317900A84138F99A
:10029000D7A100B05E84FE704E03BFDE02F014D71B
:1002A0000206ABD30014D1006BAC422334CC00E087
:1002B0004467014B10018B60022B915C0287ABD32A
:1002C0000014CF0182600609D04E03BFDE02F01495
:1002D000D00182600209D04E03BFDE02F014D701C4
:1002E0008B60022B915C01BC600318517800B04513
:1002F000E3001800018360022F317900A84138F92A
:10030000D7A100B05E84FE704E0184E002F5B7AD67
:100310000184E002F577AB00025E02F0144E0002A9
:10032000DE02F0000000B0446B000AFE0202DEB301
:100330000014E70206ABD30014E5018360062B919D
:100340005C0287ABD30014E20182600209D04E0345
:10035000BFDE02F014E30182600609D04E00025EA7
:1003600002F0121103BFDE02F014E7018360062BD6
:10037000915C00025E02F0121101866005610B08BB
:10038000020200BF00150C0183E002F7F7BF020371
:10039000C5730014FC020080BF0014FC0206ABD33E
:1003A0000014F5006BAC422334F000E04467014BCD
:1003B00010018B600E2B915C0287ABD30014F3010C
:1003C00082600209D04E03BFDE02F014F4018260A5
:1003D0000609D04E03BFDE02F0150B018B600E2B19
:1003E000915C01BC600318517800B045E30018002F
:1003F000018B2B2E2F317900A84138F9D7A100B0FD
:100400005E84F9B04E03BFDE02F0150B0206ABD3DB
:1004100000150500E0446700B7BB006CC466F774C4
:10042000FE018B60022B915C0287ABD300150301A8
:1004300082600609D04E03BFDE02F015040182601F
:100440000209D04E03BFDE02F0150B018B60022BB8
:10045000915C01BC600318517800B045E3001800BE
:10046000018360022F317900A84138F9D7A100B08B
:100470005E84FE704E0182E002F597AC0002DE025F
:10048000F0000001BC60030037A20020E3FE091564
:10049000680020E0420D956802845EB30015680292
:1004A0008042030015680284452300156803915EAD
:1004B00002F015680068AB4F0015680282DEFF008D
:1004C000156800682ABB00151900E8446555D7B9BE
:1004D00000E82A9AF737B902805EFF00159B0201F7
:1004E00080C700159200B02AD70017A1006DDE85E5
:1004F0005515920282DEB30015680203C57300151C
:1005000049020480C700154900685E8B00152E0261
:1005100084AC2300152E0203C5730015490202ABFB
:10052000D300152502855EBB0015260282DEBB00C6
:10053000154900B02B830017A1006EAB6AF4352E6D
:100540000203C57300154900682A9B00152D006839
:100550002ABB00152E006ADEE554F549006ADEE587
:100560005A554900682AE700154902941DF3001501
:10057000310203DE5300153603BFDE02F0153401ED
:10058000141DF30017A600901CBAF4D7A602005E53
:100590009B00153600B02B87000AA703BFDE02F0D0
:1005A000159201BC600302579201BC63FF1FF0C3A8
:1005B00001BC60030910E301865E8A1C70E30184BC
:1005C00060061C70E300682AEF00153D0185E00617
:1005D0001C70E301BC600303978200025E02F01509
:1005E0007200B054130010E400E043915B30E4016A
:1005F000BC60030010EE01BC63FF1FF0CE00E02AD8
:10060000EF002ABB01BC61030077A601141DF300B3
:1006100017A200B05E8B000C1801BC610303EC193B
:1006200003BFDE02F0156202845EB700156801BCEC
:1006300060230890E600025E02F0016A00B05ECF1F
:100640000010E40068AAF70035520205AC2300153B
:100650005200E82ACE2337A3006DDE8E1C9552008F
:10066000B05E8F0010E400682A9B00155A00B02A83
:10067000DB0010E40206ABD30015570284C5AF00BF
:10068000155A03BFDE02F015580280456F00155A57
:1006900000695EE700155A00E05EE556D0E402828C
:1006A000DEBB00155E00682AF700155E00E10EDA79
:1006B0001C83B600E08EDF0003B701BC600301D7E6
:1006C0008200025E02F0157201BC61030077A6038E
:1006D000BFDE02F0156200B0004700108600025E27
:1006E00002F015F800025E02F010700190600A0935
:1006F000104801846006F597AC00B05E9B00108046
:100700000002DE02F0000002805EFF00156D028133
:10071000DEBB00156D020180C7001592020480C780
:1007200000159201806002F7F7BF0280C28F0015AA
:10073000930201DEBB00159301BC60030017A20306
:10074000BFDE02F0150E00685E4B0635790285DECD
:10075000FF00158000B02B370017A1006DAAEEF442
:10076000358001BC600301378000B02B3B0017A12E
:10077000006D2AEEF4357B02812BD300157B01BC82
:10078000600301778001BC600300378100025E02D4
:10079000F0014301D2DE0AA030E000B0540B00109B
:1007A000E103BFDE02F015860280ABD300157901AC
:1007B000BC600301578001BC600300178100025E2A
:1007C00002F0014300B054070010E000885E0B0007
:1007D00070E10002DE02F0000000682AF3001592CA
:1007E0000204DEAF00159200E844655797A4006E3E
:1007F0005E9154F59200885E930037A4006D5E917F
:1008000054F59200025E02F015E303BFDE02F0151C
:100810009F00E844655797A400885E930037A400C2
:10082000025E02F015E303BFDE02F0159F0284DED4
:10083000AF0015960181E002F5D7AE03BFDE02F0EE
:10084000159F00682B6700159B00E044655B2AD369
:1008500000682B6B00159A00E044655A4AD30002E9
:10086000DE02F0000001806006F7F7BF00682AF39F
:1008700000159F00E844655797A400025E02F0153A
:10088000E301846002F597AC01BC6003000ABC017F
:10089000BC6003000AD301BC6003000ABB0104DE94
:1008A000AF0017A101845E86F5B7AD0284DEAF000C
:1008B00015A8018060060D906C0002DE02F00000B9
:1008C0000285AC230015BD0203C5730015BD00B041
:1008D0002A8F0017A30202AC230015AD00B02AAF87
:1008E0000017A30202DEBB0015AF00B02A8B001771
:1008F000A300E04466F46AB30185E005610B0800DB
:10090000B04467000B030206ABD30015B7006BAC15
:10091000422335B600E04467014B100183E0022B0F
:10092000915C03BFDE02F015BD0183E0022B915CF8
:1009300001BC600318517800B045E3001800018342
:1009400060022F317900A84138F9D7A100B05E8448
:10095000FE704E0002DE02F000000202DEB300155F
:10096000C90206ABD30015C7018B600E2B915C0248
:1009700087ABD30015C40182600209D04E03BFDEED
:1009800002F015C50182600609D04E00025E02F039
:10099000121103BFDE02F015DB018360062B915CB0
:1009A00000025E02F012110203C5730015CE02842C
:1009B000DEAF0015CE0281DEBB0015CE02805EFFE9
:1009C0000015CE02045EB70015E20206ABD3001597
:1009D000D5018B600E2B915C0287ABD30015D30140
:1009E00082600209D04E03BFDE02F015D40182609E
:1009F0000609D04E03BFDE02F015DB018B600E2B23
:100A0000915C01BC600318517800B045E300180008
:100A1000018B2B2E2F317900A84138F9D7A100B0D6
:100A20005E84F9B04E0183E001610B080184600629
:100A3000F5B7AD0184E002F577AB01BC6003000AB5
:100A4000BB01846002F597AC0185E001610B0801F0
:100A500086E001610B080002DE02F0000000682B56
:100A60005B0015E500B02B5B0017A4006D5E91558F
:100A700055E700B02AAB0017A400882B070037A564
:100A800000E82B0AF4AAC200885E930037A400E0B5
:100A90002B0AF48AC200902B0B00AAC100B02B07CE
:100AA000000AA70002DE02F0000003A0DE02F0153B
:100AB000F1020042030015F100025E02F00D2F0169
:100AC00083E005610B0801846002F5B7AD0184E0A5
:100AD00006F577AB01BC6003000ABB01846002F538
:100AE00097AC00B04467000ABC0002DE02F00000D0
:100AF000010C81430017A101BC600300508A00680B
:100B00005E070016020068DE8700360201BC600343
:100B100000B08A00685E070036020282DE0300161B
:100B20000201BC600300908A0283DE03001602000B
:100B3000E0600AF4D08A00685E0700160A0190425D
:100B40002AA1308A00685E0700360A0190422AA076
:100B5000108A0109DE030017A2018F5E8A11508AF4
:100B600000685E8B00160A0191E00E11508A0002A7
:100B7000DE02F000000109DE030017A400E05A06BF
:100B8000F497A500905E96F497A50203DE03001685
:100B9000120282DE0300161201BC61EF0857A600A4
:100BA00080DE96F4D7A50116DE870017A300885EC5
:100BB000870077A100E15E8702D7A100E0DE8F0009
:100BC00017A301BC60030017A2020E5E03001619F2
:100BD00001BC60030037A200905E96F457A5008028
:100BE000DE96F437A100E141B7FFF7A600E1DE870A
:100BF00001F7A10080DE96F477A300E1DE860DB751
:100C0000A100E0DE8F0017A3017A5E86F477A100D1
:100C1000885E86F457A100B05E870017A20287DEC7
:100C20000300162600885E870057A103BFDE02F08E
:100C3000163302875E0300162D01BC639B0CD7A5FB
:100C40000080DE86F4B7A100E141B7FFF7A500E020
:100C5000DE870017A100885E870057A103BFDE0270
:100C6000F0163300885E870057A101BC639B0CF728
:100C7000A50080DE86F4B7A101BC62030017A500C1
:100C8000E141B6F4B7A500E0DE870017A100E05E01
:100C90008400D7A10002DE02F0000002001FF7006E
:100CA00000120282DE5300163B0188600204902489
:100CB00000E02092F3082400E8208EF3082303BF0D
:100CC000DE02F00B3701B8601604902401BC60030B
:100CD00001D02503055E02F0164C0287C037000CD8
:100CE0009E0386DE02F00CA100025E02F0123603C3
:100CF0005CDE02F0163D00D8409B0117A100E05ECB
:100D00008702379800A85E630077980102DE5300DF
:100D100017A10182E002F297940188DE84FFA7FD0B
:100D2000006EA08EF3164C00E85E6301D02501B87A
:100D3000600604902403BFDE02F00002018160041B
:100D4000FFA7FD01B8600A04902403BFDE02F00093
:100D50000202285E8700166200B041930017A400CB
:100D6000E04193007064010A5E870017A200E84129
:100D700092F4506301185E870017A100E86042F406
:100D800037A200885602F436000068418EF4965E61
:100D900000E8418F00306300E84193003064006850
:100DA0005E8B02165600905602F457A300B0580608
:100DB000F4760103BFDE02F0165600684192F49605
:100DC0006200E8419300306401BC60030016000338
:100DD000BFDE02F0165E00B05E870017A10002DEE3
:100DE00002F000000180600286143000B050CB0099
:100DF0001065013850830017A10068DE3B06366A93
:100E000000E05A3300368C006EDA32F4201200B063
:100E10005A0B0017A201BC63FF1FF7A300B050CF0D
:100E2000001064006EDA32F4366F00B05A370017E3
:100E3000A300B0581300178201BC60030016040120
:100E4000BC601B1FD7B60102D0C70017A100E0414C
:100E500096F4306500E050CB00D06401BC60030024
:100E600017B401BC600300178001BC600300378128
:100E7000018760040310A0009052330097A400E0A3
:100E8000418701B7B500685ED2F0569600E05EDAA1
:100E9000F690630020D802F0368A020250C700168E
:100EA00090009056030097A100E85E86F497A10198
:100EB0009E6002F437A1006DDE87081690010A5E7D
:100EC000870017A201DA6002F437A100E05ED6F4D1
:100ED000506300886006F437A100205602F4369073
:100EE00000B05802F0360000E05A2B00368A006A43
:100EF000DED2F4768C0068DED2F0169100E05E035C
:100F000000378000685E030036910186E00403101C
:100F1000A003BFDE02F01691006ADED2F4768C00E8
:100F2000E05ED30037B400D05E0700378102985EE0
:100F3000D300167B00E0419300306403BFDE02F073
:100F4000167B00685E0300001203BFDE02F006CCD1
:100F50000282D0C70016A000B02A370017A101B83E
:100F60002A32F4368401025013001685013C508366
:100F70000017A100B050A70017A4006D5A32F43634
:100F8000A90182E0068634310288502B0016A500A4
:100F9000B05A330017A1019E5E8684F42701836056
:100FA000068634310002DE02F0000000B05073000B
:100FB00017A101B8506EF436840106D007001685DB
:100FC00000B050AB0017A400D06006C0978000E0CE
:100FD000419700D7B5010A58130017A100E05ED66B
:100FE000F437B500B0580F00106301165603001710
:100FF000810068D8130016BE011400630017A10019
:1010000068DE870016B40088013B01168003BFDE4E
:1010100002F016B90068DE870076B700A0013BE059
:10102000168003BFDE02F016B900E05E8709706229
:101030000088540301168000E85A0330168001BC72
:10104000600300168101BC600300168201BC6003CE
:1010500000168303BFDE02F016C300E0418EC0908D
:1010600063006EC18EC036C300E8418EC03063009D
:10107000E858030037A100E0418EF4306301385096
:10108000A30017A50068581303F6DE0068418EC060
:1010900056DE006DDA0AF4B6DE011656030017A11B
:1010A0000068DE86F036DE015856030017A100E026
:1010B0005E870DD7A200B05ED70010620020DE026E
:1010C000A016D500E05E86D037A300E05E8ED07714
:1010D000A3006D5A02F456DE006E5E8EF496DE00BA
:1010E000E86002F4368300B05E8F00168100A05ADB
:1010F0000F00768300E05A0B00368200E85A02F4B3
:10110000568000D05E0300378000E058130036049C
:1011100000E0418F003063029858130016DB00E0B6
:101120005ED70037B5006EC18EC036C400B058031C
:1011300000106303BFDE02F016C400B0581300179E
:10114000A10068DA370016E100B05E8700168D0056
:101150006DDE86D1B6E300B05E8700168D0002DE3C
:1011600002F0000001BC60030017A10187600403C6
:1011700010A001BC60030990B500B0006300F0B49A
:1011800001BC60570310B601BC60030090B500B00D
:10119000006300B0B400B042D30018000317DE02B1
:1011A000F016EC0397DE02F016ED00B02A330014BF
:1011B0002F018EE00C0310A0006DDE02D1B6F3000B
:1011C000E85A36F0168D03BFDE02F016F501BC605A
:1011D0000300168C01BC600300168D006E5A3AF0B5
:1011E00016F801BC600300168E03BFDE02F016F98C
:1011F00000E85A3AF0168E00B058070017A100E038
:10120000580EF01603006ED80EF436FF00E85E8626
:10121000C017A100E8580EF4360300E8580F003656
:101220000301185E030017A1006DDE03021707001B
:10123000E86042F437A200905A1AF4368600885AC1
:101240001EF457A200905A1EF4368700B05A1AF4C2
:10125000568603BFDE02F0170900905A1EF4368648
:1012600001BC60030016870002DE02F00000015896
:10127000600300102A01B8600A04902401BC6003D6
:101280000290040189E0020D906C0002DE02F00081
:10129000000200DE5300171901BC60170777A10098
:1012A000025E02F0012700B040670017A200B05EA6
:1012B0008B0057A200025E02F0012B01BC60030309
:1012C000378001BC600300178100025E02F011321A
:1012D0000002DE02F0000001BC6003033780000260
:1012E0005E02F0112D0183E006F037810181E006F6
:1012F000F0378100025E02F0113200B05E07001785
:10130000A200E044670B57A1006B4466F43720014C
:10131000BC600311378000025E02F0112D01806075
:1013200006F0378100025E02F0113201BC6003005A
:10133000978000025E02F0112D01806006F0378177
:1013400000025E02F0113200E044670157A1006B19
:101350004466F4372A01BC600303378001A0607E35
:10136000F4578100025E02F0113200E044670797F3
:10137000A1006B4466F4372F01BC60031157800055
:10138000025E02F0112D01846006F0378100025EDA
:1013900002F0113200B05E070017A201BC60030A20
:1013A000378000025E02F0112D01806002F037816B
:1013B00000025E02F0113200E044670037A1006BCA
:1013C0004466F4373A01806006F0378100025E021D
:1013D000F0113201BC600308578000025E02F01178
:1013E0002D018A6002F0378100025E02F0113200A6
:1013F000E044670037A1006B4466F43742018A601D
:101400000EF0378100025E02F0113200E044670600
:1014100057A1006B4466F4374601BC60030CB780EB
:1014200000025E02F0112D0280DE0700173001BCC1
:10143000600311578001846002F4578100025E024C
:10144000F0113201BC60030037A30206ABD30017D2
:10145000510284C5AF00175903BFDE02F0175202D4
:1014600080456F00175901BC60030017A3018B6012
:101470000E2B915C01BC600318517800B045E3006D
:101480001800018B2B2E2F317900A84138F9D7A1F4
:1014900000B05E84F9B04E01BC60170777A100026E
:1014A0005E02F0012700B040670017A200A85E8B23
:1014B0000057A200025E02F0012B00E044670157D2
:1014C000A1006B4466F4375F01BC600301B7A10162
:1014D000BC60030477A200025E02F0012B01BC6035
:1014E000130AF7A101BC60030017A200025E02F01C
:1014F000012B01BC60030117A400E85E930037A430
:1015000001BC600301D7A100B05E930017A20002E6
:101510005E02F0012B01BC60130AD7A101BC60037D
:101520000017A200025E02F0012B0068DE93001794
:101530006700685E8F0017710002DE02F000000194
:10154000BC60270CB7A101BC60030197A200025E3A
:1015500002F0012B01BC60270EB7A101BC600301A2
:1015600037A200025E02F0012B01BC60030657A403
:1015700001BC60030077A301BC60130957A10002FE
:101580005E02F00127018060060337A200025E02BE
:10159000F0012B01806002F457A200025E02F0010C
:1015A0002B00E04466F497A1006B4466F43780009A
:1015B000E85E8F0037A300685E8F00178701BC606C
:1015C000030317A401BC60270F17A100025E02F0FD
:1015D00001270068C0671FF77901BC60270EB7A11B
:1015E00001BC600301F7A200025E02F0012B0002C1
:1015F000DE02F000000002DE02F000000200DE5316
:1016000000179D01BC60130E77A100025E02F0017D
:101610002700A040673FEC4401BC60131497A10071
:10162000025E02F001270196E0020337A200025E8B
:1016300002F0012B01BC601309B7A100025E02F0A9
:101640000127018760020337A200025E02F0012B2E
:1016500001BC60130997A100025E02F00127018717
:1016600060060337A200025E02F0012B0002DE02D8
:10167000F0000001BC60730017A301BC6013149755
:10168000A100025E02F0012700A04066F477A401E9
:1016900096E01EF497A300B05E8D8897A200025ECC
:1016A00002F0012B01BC601309B7A100025E02F039
:1016B0000127018760060337A200025E02F0012BBA
:1016C00001BC60130997A100025E02F001270187A7
:1016D00060060337A200025E02F0012B0002DE0268
:1016E000F000000068DE930017B100E05E030057D1
:1016F000A201095E8B0017A103BFDE02F017B9003B
:1017000068DE930037B501105E030017A200E05EAB
:101710008B0097A103BFDE02F017B901305E030012
:1017200017A200E05E8B0197A1006D5E870597B957
:1017300001BC60030597A10002DE02F00000006812
:101740002BCB0017BF00B02BF30017A100E05E8584
:101750005FB7A1006BDE862337BF0186E006F7F78F
:10176000BF0002DE02F0000000681F330017CD0248
:101770000200BF0017C3020345730017CD0285C5E1
:10178000230017CD00681F330037CB00B01FC70000
:1017900017A100025E02F0012700A84064F9D7A259
:1017A00000B05E88F9B7A200025E02F0012B03BF11
:1017B000DE02F017CD00A84138F9D7A100B05E8451
:1017C000F9B04E0002DE02F00000020200BF001776
:1017D000C3020345730017CD0158600300102A01AE
:1017E00089E0020D906C01BC600300900400B040E1
:1017F000130017A10002DE02F00000018260060F54
:1018000010780207C1E30017D601BC60030C17A3D0
:1018100001BC600300907601BC60030010770002F9
:101820005E02F0013401BC60030C97A300025E026B
:10183000F0012F008860118757A101BC5E860EF071
:101840007700025E02F0013401BC60030C17A301B3
:10185000BC600300B07601BC600300107700025E3C
:1018600002F0013401BC60030C97A300025E02F099
:10187000012F008860058757A101BC5E860ED076D7
:1018800000025E02F0013401BC60030017A30002F5
:101890005E02F0012F018560060ED07600025E0226
:1018A000F0013401BC60030C17A301BC60030030DD
:1018B0007601BC600300107700025E02F001340183
:1018C000BC60030C97A300025E02F0012F01AC6024
:1018D000A20EF07700025E02F0013401BC6003004A
:1018E00017A300025E02F0012F018560060ED0767C
:1018F00000025E02F0013401BC60030C17A301BCBE
:10190000600300307601BC600300107700025E02C5
:10191000F0013401BC60030C97A300025E02F001E9
:101920002F01AC60020EF07700025E02F00134017C
:10193000BC60030017A300025E02F0012F01856066
:10194000060ED07600025E02F00134018260020FC2
:1019500010780002DE02F0000001BC60130817A13D
:1019600000025E02F00127018060020337A200023C
:101970005E02F0012B01BC60030037A100025E0291
:10198000F001270188600E0337A20068B0EB001851
:10199000100188600A0337A200025E02F0012B01E9
:1019A000BC601B0657A100025E02F00127018830CF
:1019B000EA0337A200025E02F0012B00025E02F091
:1019C00017D501BC60130817A100025E02F00127C1
:1019D000018060060337A200025E02F0012B0002C4
:1019E000DE02F0000001BC60430890E600025E02E7
:1019F000F0016A01BC604F1110E40190600A091007
:101A00004801BC600300000601BC600301D78201ED
:101A1000D2DE0877F0E000B00F030010E100B00064
:101A20004700108600B00F1F00108A01BC60030041
:101A3000378100025E02F0107001BC60030010BB31
:101A400001BC61030010800182600610308103D068
:101A50005E02F003940002DE02F0000000681F83C3
:101A6000001882028042030018820285C5230018F4
:101A70008200681F8F00388200681F8B00385F016A
:101A8000BC60130817A100025E02F001270180600C
:101A9000020337A200025E02F0012B01BC601B1B97
:101AA00057A100025E02F0012700B04067000C3E23
:101AB0000182E0060337A200025E02F0012B0184DE
:101AC0006006F457A200025E02F0012B01BC602701
:101AD0000F37A100025E02F0012700B04067000C42
:101AE0003F018860060337A200025E02F0012B016D
:101AF000BC60271597A100025E02F0012700B040EC
:101B000067000C40019B60160337A201806006F459
:101B100057A200025E02F0012B01BC60131077A1F6
:101B200001BC600B0017A200025E02F0012B01BC99
:101B300060131057A100025E02F0012701B8608215
:101B40000337A200025E02F0012B01BC60131037C4
:101B5000A100025E02F001270180E0020337A2002B
:101B6000025E02F0012B01BC60030007E201BC60D1
:101B7000030007E30068310F00185700E044658850
:101B800067E103BFDE02F0185800E044670807E190
:101B900001BC60131037A100025E02F00127018032
:101BA00060060337A200025E02F0012B01BC600355
:101BB0000027E200025E02F00127020040670018E1
:101BC00073028042030018730285C5230018730155
:101BD000BC60131037A100025E02F0012702004032
:101BE00067001866006CC464FC385F00E0310700D1
:101BF0002C4100E0310B002C4201BC601310F7A116
:101C000000025E02F0012700B0406700018401BCC1
:101C1000601310D7A100025E02F0012700B04067F8
:101C200000018501BC602B1357A100025E02F00188
:101C30002700B0406700018601BC60131117A100A6
:101C4000025E02F0012700B0406700018701BC601E
:101C5000271597A100B031030017A200025E02F021
:101C6000012B01BC60270F37A100B030FF0017A285
:101C700000025E02F0012B01BC601B1B57A100B0EB
:101C800030FB0017A200025E02F0012B01BC6013C2
:101C90000817A100025E02F00127018060060337E9
:101CA000A200025E02F0012B01BC60030007E2010A
:101CB000BC60030007E000B05E870017A10002DEF1
:101CC00002F0000001BC6003000C2500B030CB0026
:101CD000179E00B030CF00179D00B030D300179C86
:101CE00000B030D700179B03BFDE02F00A1A0000D5
:101CF00000000000000000000000000000000000E4
:101D000000000000000000000000000000000000D3
:101D10000000000000207EC0000000000000000065
:101D200000000000000000000000000000000000B3
:101D300000000000000000000000000000000000A3
:101D40000000000000000000000000000000000093
:101D50000000000000207EC0000000000000000025
:101D60000000000000000000000000000000000073
:101D700000000000000000000000200000004011F2
:101D800001000000000080160100800000008016A5
:101D90000100800300008016000000400000801A4F
:101DA0002100E00300008016000200400000801ABD
:101DB000100200400000801A100202400000801A49
:101DC0006100E00300008016100200400000801A4D
:101DD0006101E01300008016300200400000801A0C
:101DE000100200400000801A1C0200400000801A0F
:101DF000000200000000801A1C0A00400000801A47
:101E00001C0A20400000801A1FCA20400000801ACF
:101E10001FCA20400000801A010000000000801E40
:101E2000090000000000801E000000000000800289
:101E3000000000000000800200000000000080029E
:101E4000080000000000801E000000000000801E4E
:101E5000010000000000801E110000000000801E34
:101E60001FCA20C00000801A1FCA20C00000801AAC
:101E70005FCA20C00000801AB06400000000800E1D
:101E80000000280000008012110000000000801EE9
:101E900000000000C825428500000000000040014D
:101EA00000000000000040010000000000004001B0
:101EB0005FCA2040000040191FCA2040000040199E
:101EC000010000000000401D010000000000401D56
:101ED000010000000000401D090000000000401D3E
:101EE0001FC22040000040190F0000000000401DEC
:101EF0001FC220C0000040191BC220C000004019B2
:101F0000207D00000000400D000020000000401176
:101F1000000000003304428900000000000040017E
:101F2000000000000000400100000000000040012F
:101F30001BC2204000004019090000000000401DA5
:101F40001BC2204000004019010000000000401D9D
:101F5000000000000000401D1FC22040000040198A
:101F6000010000000000401D090000000000401DAD
:101F70001FC22040000040190B0100000000401D5E
:101F80001FC220C0000040191BC220C00000401921
:101F9000C07700000000400D000028000000401144
:101FA00000000000331C42890000000000004001D6
:101FB000000000000000400100000000000040019F
:101FC0001FC220C0000040191FC220C000004019DD
:101FD0006100E01300004015000000000000400117
:101FE000000000000000400100000000000040016F
:101FF0006101E0130000401513C220C00000401929
:1020000061018013000040150A0100000000401D1E
:1020100013C220C00000401908040000000000F8AE
:10202000000000000000400100000000000040012E
:10203000000000000000400100000000000040011E
:10204000000000000000400113C2204000004019C1
:102050000B0100000000401D13C220C00000401909
:1020600000000000000040010000000000004001EE
:10207000030100000000401D13C220400000401971
:1020800000000800000040116101801300004015AD
:1020900061018013000040156101801300004015AC
:1020A0001FC22040000040191FC2204000004019FC
:1020B0001FC22040000040190B0100000000401D1D
:1020C0000B0100000000401D1FC220C0000040198D
:1020D0001BC220C000004019C37700000000400D63
:1020E000000008000000401100000000131C42889E
:1020F000000000000000400100000000000040015E
:1021000000000000000040011BC2204000004019F8
:10211000090000000000401D1BCA204000004019BB
:102120001FCA204000004019090000000000401DA7
:102130001FC22040000040190F0000000000401D99
:102140001FC220C0000040191BC220C0000040195F
:10215000237D00000000400D000000000000401141
:10216000000000001304428800000000000040014D
:1021700000000000000040010000000000004001DD
:102180001BC2204000004019090000000000401D53
:102190001BCA204000004019010000000000401D43
:1021A0001FCA204000004019110000000000401D1F
:1021B0001FCA2040000040191FCA20C0000040195B
:1021C0001FCA20C0000040191FCA20C000004019CB
:1021D0005FCA20C000004019B06400000000400D3C
:1021E0000000080000004011110000000000401D28
:1021F00000000000B82542840000000000004001FB
:10220000000000000000400100000000000040014C
:102210005FCA204000004019010000000000401D7E
:102220001FCA2040000040191FCA2040000040196A
:10223000000000000000401D1C0A204000000018A3
:102240001C0A2040000000180000000000000010E0
:10225000000000000000001C610180130000001459
:102260001C0A2040000000186101800300000014D7
:10227000100A204000000018000A2040000000184A
:10228000000A004000000018410180030000001413
:1022900000080040000000180000100000000010BE
:1022A0000008024000000018000803400000001869
:1022B000000802400000001800080040000000185C
:1022C000000000000000001000080040000000189E
:1022D00000080040000000184101800000000014C8
:1022E0004101000000000014400100000000001443
:1022F0000008024000000018000100000000001467
:102300000008004000000018000800C0000000188D
:10231000080C00000000000408080000000000FC99
:1023200000000000000000000000000000000000AD
:1023300000000000000000000C715D48075F3100E4
:10234000B3C9A561005B234B45252447280800003D
:1023500000000000941DC51301BD32080100343394
:1023600034333961302D726F6D6C2F7364696F2D4A
:10237000672D706F6F6C2D7032702D69647375707E
:102380002D6964617574682D706B7466696C746511
:10239000722D6B656570616C6976652D616F652D59
:1023A0006C70632D73776469762D737266617374D4
:1023B0002D66756172742D627463782D6E6F636C17
:1023C0006D696E632D636C6D5F6D696E2D666274F1
:1023D0002D6D66702D7361652D776F776C70662D2E
:1023E000746B6F2056657273696F6E3A20372E39A1
:1023F000352E343920283232373162623620435943
:1024000029204352433A20623761323865663320CF
:10241000446174653A204D6F6E20323032312D3177
:10242000312D32392032323A35303A32372050535A
:10243000542055636F6465205665723A20313034FC
:10244000332E3231363220465749442030312D6305
:102450003531643934303000FA0044564944203074
:10246000312D6230623435323066000000000000E9
:10247000000000000000000000000000000000005C
:10248000000000000000000000000000000000004C
:10249000000000000000000000000000000000003C
:1024A000000000000000000000000000424C4F420D
:1024B0003C000000FA69E0BB0100000002000000DF
:1024C000000000003C000000980300000A6F2B523F
:1024D0000000000000000000D40300000400000021
:1024E000A0B0E5E200000000434C4D2044415441BF
:1024F00000000C00020052617370626572727950C4
:10250000692E5069636F57000000312E32392E3426
:10251000000000000000000070000000436C6D49E6
:102520006D706F72743A20312E34372E31000000F6
:102530000000000000000000000076352032322F3D
:1025400030362F3234000000000000000000000090
:10255000010B010D0C0D0000680300007401000068
:1025600068000000300100007C0100000000000055
:102570004C0100004601000058030000000000006C
:102580002801000090030000880300007FB20000D3
:10259000000000000000000000000000000000003B
:1025A000000000000000000000000000000000002B
:1025B0007003000000000000320100000000000075
:1025C000000000000000000000000000000000000B
:1025D00000000000000000000000000000000000FB
:1025E00000000000000000000000000000000000EB
:1025F00000000000000000000000000000000000DB
:1026000000000000000000000000000000000000CA
:1026100034000000810100000102323032322D30DE
:10262000362D32342030363A35353A303800000015
:10263000FF0000000100FF011E0000014800010131
:1026400000FF01140000014800010000FF0000002D
:10265000020000011E01000148010100000000000D
:10266000000000000001000101236E000200FFFFD6
:10267000F000415400010001FFC00041550001007D
:1026800001FFC000424500010001FFC000425200AE
:10269000010001FFC00043410000FF00FFCC0043E8
:1026A0004800010001FFC000434C00010001FFC0D1
:1026B00000434E00010001FFC000434F0001000134
:1026C000FFC000435A00010001FFC0004445000163
:1026D000FF01FFCC00444B00010001FFC000454555
:1026E00000010001FFC000455300010001FFC000D0
:1026F000465200010001FFC000474200010001FFF7
:10270000C000475200010001FFC000484B0001001B
:1027100001FFC000485500010001FFC000494C0006
:10272000010001FFC000494E00010001FFC0004947
:102730005300010001FFC000495400010001FFC027
:10274000004A5000010001FFC0004B45000100019C
:10275000FFC0004B5200010001FFC0004C490001C6
:102760000001FFC0004C5400010001FFC0004C55A7
:1027700000010001FFC0004C5600010001FFC00035
:102780004D5400010001FFC0004D5800010001FF41
:10279000C0004D5900010001FFC0004E470001007C
:1027A00001FFC0004E4C00010001FFC0004E4F0071
:1027B000010001FFC0004E5A00010001FFC000509F
:1027C0004500010001FFC000504800010001FFC0AA
:1027D00000504C00010001FFC000505400010001F6
:1027E000FFC000534500010001FFC0005347000136
:1027F0000001FFC000534900010001FFC000534B1E
:1028000000010001FFC000544800010001FFC000AA
:10281000545200010001FFC000545700010001FFA5
:10282000C000555300000000FFC00058580003FFCF
:1028300002FFCC005A4100010001FFC000010D0160
:1028400000014800000001480000000148010000AC
:1028500001000000550300000A0C0D0E0F101112AC
:102860001314150C000102030405060708090A0BDE
:102870000000000000000000000000000000000058
:10288000AFA900004E5652414D5265763D24526527
:102890007624006D616E6669643D30783264300084
:1028A00070726F6469643D30783037323700766516
:1028B0006E6469643D3078313465340064657669EE
:1028C000643D30783433653200626F6172647479CC
:1028D00070653D30783038383700626F61726472ED
:1028E00065763D30783131303000626F6172646EF0
:1028F000756D3D3232006D6163616464723D3030EC
:102900003A41303A35303A62353A35393A35650030
:1029100073726F6D7265763D313100626F61726402
:10292000666C6167733D307830303430343030312C
:1029300000626F617264666C616773333D3078303A
:1029400034303030303030007874616C66726571CC
:102950003D3337343030006E6F6372633D31006158
:1029600067303D32353500616132673D3100636368
:102970006F64653D414C4C007061306974737369DC
:10298000743D307832300065787470616761696ECB
:1029900032673D30007061326761303D2D3136382D
:1029A0002C373136312C2D383230004176566D6956
:1029B000645F63303D3078302C3078633800636377
:1029C0006B7077726F6666736574303D35006D614C
:1029D0007870326761303D38340074787077726295
:1029E000636B6F663D360063636B627732303267CC
:1029F000706F3D30006C65676F66646D6277323072
:102A00003267706F3D3078363631313131313100D7
:102A10006D6373627732303267706F3D307837376D
:102A20003731313131310070726F7062773230324C
:102A300067706F3D30786464006F66646D646967C9
:102A400066696C74747970653D3138006F66646DC9
:102A500064696766696C747479706562653D313864
:102A600000706170646D6F64653D31007061706409
:102A700076616C6964746573743D31007061636183
:102A80006C69647832673D343500706170646570DC
:102A9000736F66667365743D2D33300070617064CA
:102AA000656E646964783D3538006C746563786D73
:102AB00075783D30006C746563787061646E756D17
:102AC0003D307830313032006C74656378666E73F7
:102AD000656C3D30783434006C7465637867636985
:102AE0006770696F3D3078303100696C306D6163BB
:102AF000616464723D30303A39303A34633A633558
:102B00003A31323A333800776C3069643D3078348A
:102B100033316200646561646D616E5F746F3D3076
:102B2000786666666666666666006D7578656E616F
:102B3000623D30783130300073707572636F6E664D
:102B400069673D30783300676C697463685F626100
:102B50007365645F6372736D696E3D3100627463A7
:102B60005F6D6F64653D3100000000000050F201B0
:102B700000000000636F756E747279000000000041
:102B80006375725F657468657261646472000000E9
:102B90000000000000000000636C6D6C6F61640059
:102BA00000000000636C6D6C6F61645F737461742E
:102BB000757300000000000000A050B5595E0000D1
:102BC00062737300000000006D61786173736F635E
:102BD0000000000063636770696F696E00000000A9
:102BE000EC6D0110AC6C0110AC6C0110CC6D0110DF
:102BF000AC6C0110AC6C0110AE6D0110AC6C01102E
:102C0000AC6C0110AC6C0110AC6C01109E6D01102D
:102C1000AC6C0110AC6C0110AC6C0110AC6C011010
:102C20007A6D0110AC6C0110AC6C0110AC6C011031
:102C3000AC6C0110AC6C0110AC6C01105A6D011041
:102C4000AC6C0110AC6C0110AC6C0110AC6C0110E0
:102C5000AC6C0110AC6C0110AC6C0110AC6C0110D0
:102C6000AC6C0110AC6C0110AC6C0110AC6C0110C0
:102C7000AC6C0110AC6C0110AC6C0110AC6C0110B0
:102C8000AC6C0110AC6C0110AC6C0110AC6C0110A0
:102C9000AC6C0110AC6C0110346D011014AE01105D
:102CA00020AE01100000000028AE0110000000005E
:102CB0000000000030AE01103CAE0110000000002A
:102CC000000000000000000044AE011050AE0110F2
:102CD00000000000000000000000000060AE0110D5
:102CE00000000000000000000000000000000000E4
:102CF00000000000000000000000000000000000D4
:102D000000000000000000000000000000000000C3
:102D100000000000000000000000000000000000B3
:102D200000000000000000000000000000000000A3
:102D30000000000000000000000000000000000093
:102D40000000000000000000000000000000000083
:102D50000000000068AE011000000000000000004C
:102D60000000000000000000000000000000000063
:102D70000000000000000000000000000000000053
:102D80000000000000000000000000000000000043
:102D90000000000000000000000000000000000033
:102DA0000000000000000000000000000000000023
:102DB00070AE0110000000000000000000000000E4
:102DC0000000000000000000000000000000000003
:102DD00000000000000000000000000080AE0110B4
:102DE00000000000000000000000000000000000E3
:102DF000000000000000000094AE0110A4AE01101D
:102E000002000000A17A0110C57C01109D7C011018
:102E1000B57B0110E17C0110157D0110497D011089
:102E20007D7D0110CD7A011000000000817C011031
:102E3000757C0110E57B011000202020202020203F
:102E4000202028282828282020202020202020205A
:102E5000202020202020202020881010101010106A
:102E600010101010101010101004040404040404B6
:102E70000404041010101010101041414141414150
:102E80000101010101010101010101010101010132
:102E90000101010110101010101042424242424242
:102EA0000202020202020202020202020202020202
:102EB00002020202101010102000000000000000AA
:102EC0000000000000000000000000000000000002
:102ED00000000000000000000000000000000000F2
:102EE00000000000000000000000000000000000E2
:102EF00000000000000000000000000000000000D2
:102F000000000000000000000000000000000000C1
:102F100000000000000000000000000000000000B1
:102F200000000000000000000000000000000000A1
:0C2F300000000000000000000000000095
:102F3C00C8B00110D4B00110E0B00110ECB0011019
:102F4C00F8B0011004B1011010B101101CB1011046
:042F5C0008B40110A4
:102F6000F8B54746CE4680B51F00002304009046C2
:102F700099460CE02368BFF35F8F4A461A608CF3D2
:102F800010884046390000F0E3FF00281AD1266877
:102F9000EFF3108C72B63568002DFCD0BFF35F8F55
:102FA0000423E55E002DE5DD013DA5802368BFF328
:102FB0005F8F00221A608CF310880120C0BCB946D4
:102FC000B046F8BD0020F9E710B50268EFF31081B4
:102FD00072B61368002BFCD0BFF35F8F0422835EB0
:102FE0000624025F9A420BDD013383800368BFF33E
:102FF0005F8F00221A6081F3108840BF012010BD4E
:103000000368BFF35F8F00221A6081F310880020ED
:10301000F5E7C046D02330B500241B0600251C5719
:1030200007E0002B13DBBFF35F8F156081F310887F
:1030300020BF0268EFF3108172B61368002BFCD03A
:10304000BFF35F8F0423C3560268A342E9D14379DB
:10305000047101334371BFF35F8F0023136081F369
:10306000108830BD03000068EFF3108C72B6026860
:10307000002AFCD0BFF35F8F04229A56002A04DB9B
:10308000002900D00A60002004E0D02201201206AE
:1030900012681A711B68BFF35F8F00221A608CF3ED
:1030A00010887047F0B5C646150000B504001E0034
:1030B0000268EFF3108172B61368002BFCD0BFF3E7
:1030C0005F8F0423E356002B2DDB2268BFF35F8F55
:1030D0000020106081F31088D0221206127852B2BC
:1030E00090469A4203D1002080BCB846F0BD00272C
:1030F0000BE02368BFF35F8F1F6081F31088280007
:10310000310000F025FF0028EDD12268EFF3108197
:1031100072B61368002BFCD0BFF35F8F23797F2B2F
:10312000E7D9434602E0D0231B061B6823712368BE
:10313000BFF35F8F00221A6081F310880120D3E76C
:10314000D02203000020120610B510561C68EFF3C1
:10315000108C72B62268002AFCD0BFF35F8F042265
:103160009A56002A06DB824204D0002900D00A6069
:10317000002004E0187101205A7901325A711B684D
:10318000BFF35F8F00221A608CF3108810BDC04619
:10319000F0B5C64600B50D00040000F001FFFA22AC
:1031A00006000F00002328000021920000F000FF1D
:1031B000802336184F411B069F4202D30126174F2A
:1031C0007642D0231B061B68002598460BE0236837
:1031D000BFF35F8F1D6081F310883000390000F06D
:1031E000B7FE002818D12268EFF3108172B6136879
:1031F000002BFCD0BFF35F8F23797F2BE7D94346A9
:1032000023712368BFF35F8F00221A6081F3108857
:10321000012080BCB846F0BD0020FAE7FFFFFF7F29
:103220000268EFF3108172B61368002BFCD0BFF375
:103230005F8FFF2303710368BFF35F8F00221A6063
:1032400081F3108840BF70470268EFF3108172B6B7
:103250001368002BFCD0BFF35F8F4379013BDBB2D7
:103260004371002B09D1FF2202710268BFF35F8F07
:10327000136081F3108840BF70470368BFF35F8F0E
:1032800000221A6081F31088F6E7C04610B5084C9A
:103290002378002B0AD18023064807495B051A686A
:1032A000C25004338B42FAD10123237010BDC046B3
:1032B000EDE300206C2400100001001010B5014B5C
:1032C000984710BD6D240020034B1A68C0239B0053
:1032D0009343024A136070470C8001400C900140F8
:1032E000054B1A6880239B005340C0229200134074
:1032F000024A13607047C0460C8001400C900140A8
:103300001423F0B5D6464F4646469A46814618885D
:103310000433C0B598460E001B8826491400984710
:10332000534607001888434623491B88984753464D
:1033300005001888434621491B8898478046FFF7B7
:10334000A5FFB847A847FFF7CBFF221E20D0C0211A
:1033500008270220490511E0002C14D0131B0D2B67
:1033600020D9002D0AD02300002A05D00B6E013A87
:103370003370130001362343002B09D03D008B6AC4
:103380001D401842E8D1002DEDD123001343F5D1A3
:10339000FFF79AFFC047FFF791FFE0BCBA46B1467E
:1033A000A846F0BD4B461B78013C0B6601239C46AA
:1033B000E144E8E749460000455800004643000064
:1033C0000022154B10B59A60DA601A615A619A6151
:1033D000DA611A625A629A62DA621A635A639A630B
:1033E000DA631A645A649A64DA641A655A659A65EB
:1033F000DA651A665A669A66DA661A675A679A67CB
:10340000DA67F03292000021044800F0B9FD044B65
:10341000044A1A6010BDC04600001050B4340020A9
:103420002CD2002080011050F0B557464E4645463C
:10343000DE46E0B5254B00259F6D012687B0002FA5
:1034400023D0234B994601239B46224B984601E00B
:10345000202D1AD032002C000135B2463A40EDB290
:103460007600002AF4D04B4652469A655B466408C3
:1034700064002B40E41864014444200000F052FC36
:10348000002809D153469F43E2D107B0F0BCBB46A8
:10349000B246A946A046F0BDE28AA37802A80192EE
:1034A000002106220630009300F06AFDE02302A905
:1034B000DB008B80009B019A0B7203A8012105920F
:1034C00000F050FC200000F0C9FBDBE700001150C9
:1034D00000301150743400209823F0B5C646CD4A10
:1034E00000B5D55880232E009B02102484B01E40C6
:1034F0001D427AD0C84BC94C9A6AC94B00261A6043
:103500003B23E35C022B00D10EE17B23E35C022B27
:1035100000D126E1BB23E35C022B00D115E1FB23A4
:10352000E35C022B00D14FE13C23FF33E35C022B31
:1035300000D13CE17C23FF33E35C022B00D129E185
:10354000BC23FF33E35C022B00D116E1FC23FF33E5
:10355000E35C022B00D1BEE1B24BE35C022B00D155
:10356000AEE1B14BE35C022B00D19DE1AF4BE35CDC
:10357000022B00D18CE1AE4BE35C022B00D17BE14E
:10358000AC4BE35C022B00D16AE1AB4BE35C022B5A
:1035900000D125E1A94BE35C022B00D1A7E1A84BA8
:1035A000E35C022B00D1BEE1002E08D1A54B1B78B5
:1035B000002B04D18021A44A90338902D150954B2D
:1035C0000A229C6C6B460021981D00F0D9FCC02398
:1035D00001AE9B00640533803000640D012180261C
:1035E000029400F0BFFB994CB602EB0600D58FE0C9
:1035F00080235B021D4232D01E43012302249846E1
:10360000864FBB7E002B14D000F0DAFC012800D9D5
:1036100082E0C02200213800920100F025FB380032
:1036200000F01CFB00F0CCFC012802D9864B5C6644
:103630001C664346FB702037012C01D00124E0E7D3
:10364000C023834ADB00019302AB03CA03C30121F9
:1036500001A800F087FB80227B4B92021A65802331
:103660005B011D420ED18023DB011D4226D1802348
:103670001B021D4238D1AE4200D0D1E104B080BC63
:10368000B846F0BD00221E43624B01AC1A60FFF742
:1036900097FE6B460A220021981D00F071FC8023E2
:1036A0005B0023800121200000F05CFB8022664B40
:1036B00012031A658023DB011D42D8D01E436B46DE
:1036C0000A220021981D00F05BFC802301ACDB0086
:1036D00023800121200000F045FB10225A4B1A657F
:1036E00080231B021D42C6D01E436B460A220021C6
:1036F000981D00F045FCA02301ACDB0023800121D4
:10370000200000F02FFB80224F4B12011A65B2E718
:10371000FFF78AFE26006BE74E4B3E4A1C66536E4F
:103720002340A342FBD174E73833E65C002E00D17E
:10373000EBE60233E25C002A00D1E6E6200000223C
:103740002030E25400F0B8FADFE6B833E75C002F2F
:1037500000D1E4E60233E25C002A00D020E13E0022
:10376000DDE67833E75C002F00D1D3E60233E25C7C
:10377000002A00D00CE13E00CCE6B933FF33E75C11
:10378000002F00D1E2E60233E25C002A00D0F6E02E
:103790003E00DBE67933FF33E75C002F00D1CFE654
:1037A0000233E25C002A00D0E0E03E00C8E6393394
:1037B000FF33E75C002F00D1BCE60233E25C002A55
:1037C00000D0CAE03E00B5E6F833E75C002F00D138
:1037D000AAE60233E25C002A00D0B6E03E00A3E68F
:1037E0001D4BE75C002F00D1D4E60233E25C002AD7
:1037F00000D00EE1114BE35C022B00D189E0104BAD
:10380000E35C022B00D0DAE6144BE35C002B00D023
:103810008EE0D4E6000011500040054074340020D2
:10382000543400203B0200007B020000BB02000079
:10383000FB0200003B0300007B030000BB03000011
:10384000FB030000EBE300200030115010000200E9
:1038500000001050002011507A030000FA0300000D
:10386000724BE75C002F00D18FE60233E25C002A46
:1038700000D0C6E03E0088E66D4BE75C002F00D12B
:103880007EE60233E25C002A00D0B2E03E0077E63A
:10389000684BE75C002F00D16DE60233E25C002A42
:1038A00000D09EE03E0066E6634BE75C002F00D14F
:1038B0005CE60233E25C002A00D08AE03E0055E676
:1038C0005E4BE75C002F00D14BE60233E25C002A3E
:1038D00077D13E0045E6F933FF33E75C002F00D196
:1038E0003AE60233E25C002A62D13E0034E6544BF1
:1038F000E35C002B00D152E6EF239B00E25C002A40
:1039000000D17CE70022E2541C3BE01800F0D4F91F
:1039100075E74B4BE35C002BEED14A4BE35C022B8B
:1039200000D04CE63E00484BE35C002B00D13BE668
:10393000FF239B00E25C002A00D140E60022E25413
:103940001C3BE01800F0B8F939E620000022E03016
:10395000E2543E0000F0B0F9E6E5200000222130FC
:10396000FF30E2543E0000F0A7F9E3E5200000221A
:103970006130FF30E2543E0000F09EF9E0E52000A7
:103980000022A130FF30E2543E0000F095F9DDE561
:10399000200000226030E2543E0000F08DF9B9E5CD
:1039A00020000022A030E2543E0000F085F9B6E588
:1039B00020000022E130FF30E2543E0000F07CF9AC
:1039C000CAE50022E2541C3BE01800F075F93E0005
:1039D000C7E50022E2541C3BE01800F06DF93E0000
:1039E000C4E50022E2541C3BE01800F065F93E00FB
:1039F000C1E50022E2541C3BE01800F05DF93E00F6
:103A0000BEE50022E2541C3BE01800F055F93E00F0
:103A1000BBE50022E2541C3BE01800F04DF9E9E65A
:103A200031000A48694000F0B3FAC0463A0300008A
:103A3000FA020000BA0200007A0200003A02000016
:103A4000BA030000FB030000FA030000F09201102B
:103A5000F0B5D6464F464646C0B50200838A008B75
:103A60008A46041C984200D91C1CD5788026280060
:103A7000471EB841A4B2F600264340033043012656
:103A800075401B1BD57055789BB29382002D37D1A2
:103A90005146D6688D01611E761988461569002C3D
:103AA00029D006293AD933002B439B0736D16B1C0A
:103AB000F31A022B32D9231F9B0801339C4600279F
:103AC0000023E9580137F1500433BC45F9D8634667
:103AD00041469B00ED18F618CF1A9C4209D02B786E
:103AE0003370002F05D06B787370012F01D0AB7845
:103AF000B3701569938A2D19156180221202104343
:103B0000002B02D18023DB0118435346002B00D049
:103B10000004E0BCBA46B146A846F0BD0023EF5C05
:103B2000F75401339C42FAD11569938AE3E7C04602
:103B30008368F0B51B680500002900D01B0C9B05AD
:103B4000980D6B78002B08D1EB8AC318EB822B8B76
:103B5000834201D90023AB82F0BDEB688901461E88
:103B6000B4462A695C18002827D0062E2BD90131CB
:103B70005B18D31A022B26D9130023439B0722D1AB
:103B800000230021061FB6080136E7580131D7503F
:103B900004338E42F9D86346B600A41992199F1BCC
:103BA000B04209D023781370002F05D0637853708A
:103BB000012F01D0A37893702A69EB8A1218C318D9
:103BC000EB822A61C3E70023E15CD15401339842C0
:103BD000FAD12A69F1E7C04610B5040083680021D4
:103BE0001B68FFF7A5FF63681B685B0002D5238B8A
:103BF000834200D010BD01212000FFF799FFF9E7B3
:103C0000084A0300126C0020920703D49A78D20964
:103C1000012A00D07047D87E023843425841C0B2D2
:103C2000F8E7C0460000115010B5FFF7E9FF002883
:103C30000CD00749074B8C46074A9B6A12686344BD
:103C40009B1A0020C6229A424041C0B210BDC04615
:103C5000E0FCFFFF00400540543400200023837641
:103C6000436103617047C04610B58368002901D0E5
:103C70001C682140002A12D08024E4001143224213
:103C80000DD01A6822420CD1084A0A401A60084A2C
:103C9000126C920703D40C23033BFDD28368196096
:103CA00010BD8178034800F073F9C046FFFBFFFFA9
:103CB0000000115004930110436870B50021802565
:103CC0001E680400FFF7C4FE134B6D011B6C054317
:103CD0009B070FD5A3785B060FD0104B1E408023A7
:103CE0009B05334362680021136020002A00FFF720
:103CF000BBFF70BDA378DB09EFD0A38A002BECD00B
:103D000001212000FFF7A4FEA023054ADB05324075
:103D100005431343E6E7C04600001150FFFFFFAF25
:103D2000FFFFFFDF70B5857E0400002D14D0FFF784
:103D300053FFA38A002B01D1280070BD2000FFF79C
:103D400073FF002803D0012300252377F4E7200028
:103D5000FFF7B2FF0025EFE78178014800F018F97E
:103D600024930110F0B5CE46474680B54378050050
:103D70000E0085B0062B08D86C4A9B00D3589F468E
:103D80006B4A13780133DBB213706A4B1C686269AB
:103D9000EFF3108172B61368002BFCD0BFF35F8F76
:103DA000A1612000290000F0DBF86269A369BFF37C
:103DB0005F8F0021116083F31088002804D105B0C3
:103DC000C0BCB946B046F0BD32006978287800F032
:103DD000CFF8F4E70121584B1A788A431A701A7801
:103DE00001318A431A7000225A701A7802318A43CC
:103DF0001A70CAE75149524F89465249002400239C
:103E000088463A7812E043461B6861015B18002B34
:103E100006D0DB69002B03D06968287898473A7888
:103E20000134E4B2511C2300A14217DBA242EAD8BC
:103E30009B1A5B014B44ECE73F4B1A78D207BED587
:103E400004211A780A431A709FE73B4B1A78D2076D
:103E5000B5D504211A788A431A7096E7364F3B7815
:103E60005B072BD504223B78002193433B706B46C4
:103E70000632981D00F084F82B7801AC23700523DE
:103E800063702C4B1B6898465A69EFF3108172B629
:103E90001368002BFCD0BFF35F8F43464046996107
:103EA000210000F05DF843465A699B69BFF35F8FBC
:103EB0000021116083F31088002831D1FB78DB07E3
:103EC00000D47CE76B460A220021981D00F058F8C8
:103ED0002B7801AC2370032363706B686360154B10
:103EE0001D686A69EFF3108172B61368002BFCD06D
:103EF000BFF35F8FA9612800210000F031F86A69E3
:103F0000AB69BFF35F8F0021116083F31088002835
:103F100000D154E732006178207800F029F84EE7AC
:103F200032006178207800F023F8C7E720B501104F
:103F3000ECE30020C41F00206C1F00203CB50110E2
:103F4000EAE30020401C00207047C046000000004B
:103F500001B40248844601BC604700BFDD23001065
:103F600001B40248844601BC604700BF15740010CC
:103F700001B40248844601BC604700BFC959001023
:103F800001B40248844601BC604700BFD93200102A
:103F900001B40248844601BC604700BF39140010D8
:103FA00001B40248844601BC604700BFE124001010
:103FB00001B40248844601BC604700BF01320010D2
:103FC00001B40248844601BC604700BF2D140010B4
:103FD000007F000700000000040000000300000054
:103FE00002000000010000001000000000000000BE
:103FF00000000100000000000000000000000200BE
:1040000000000000000000000000030000000000AD
:10401000000000000000FF000000000001B548683B
:1040200001318E460047704609380149884701BD75
:10403000E51A001000000000000000000000000071
:1040400000000000000000004018002000000000F8
:10405000503300004C330000543300005233000052
:104060004D5300004D430000533400004334000022
:104070008951001039510010A95000102150001032
:104080000000000000010000C81F002010000C000C
:104090000000000000000000000000000000000020
:1040A00000000000FF00000000000000BD760010CE
:1040B0000000000000000000000000000000000000
:1040C00000000000C57600100000000000000000A5
:1040D0006E19000000C000C0585800000000000029
:1040E00049780110000000000000000000000000FE
:1040F00000000000AD77011000000000000000008B
:1041000000000000000000000080044000000000EB
:104110000040044000000000FFFFFFFF000002001D
:104120000000000000000000A0120020A0120020EB
:10413000A8120020A8120020B0120020B012002007
:10414000B8120020B8120020C0120020C0120020B7
:10415000C8120020C8120020D0120020D012002067
:10416000D8120020D8120020E0120020E012002017
:10417000E8120020E8120020F0120020F0120020C7
:10418000F8120020F8120020001300200013002075
:104190000813002008130020101300201013002023
:1041A00018130020181300202013002020130020D3
:1041B0002813002028130020301300203013002083
:1041C0003813002038130020401300204013002033
:1041D00048130020481300205013002050130020E3
:1041E0005813002058130020601300206013002093
:1041F0006813002068130020701300207013002043
:1042000078130020781300208013002080130020F2
:1042100088130020881300209013002090130020A2
:104220009813002098130020A0130020A013002052
:10423000A8130020A8130020B0130020B013002002
:10424000B8130020B8130020C0130020C0130020B2
:10425000C8130020C8130020D0130020D013002062
:10426000D8130020D8130020E0130020E013002012
:10427000E8130020E8130020F0130020F0130020C2
:10428000F8130020F8130020001400200014002070
:10429000081400200814002010140020101400201E
:1042A00018140020181400202014002020140020CE
:1042B000281400202814002030140020301400207E
:1042C000381400203814002040140020401400202E
:1042D00048140020481400205014002050140020DE
:1042E000581400205814002060140020601400208E
:1042F000681400206814002070140020701400203E
:1043000078140020781400208014002080140020ED
:10431000881400208814002090140020901400209D
:104320009814002098140020A0140020A01400204D
:10433000A8140020A8140020B0140020B0140020FD
:10434000B8140020B8140020C0140020C0140020AD
:10435000C8140020C8140020D0140020D01400205D
:10436000D8140020D8140020E0140020E01400200D
:10437000E8140020E8140020F0140020F0140020BD
:10438000F8140020F814002000150020001500206B
:104390000815002008150020101500201015002019
:1043A00018150020181500202015002020150020C9
:1043B0002815002028150020301500203015002079
:1043C0003815002038150020401500204015002029
:1043D00048150020481500205015002050150020D9
:1043E0005815002058150020601500206015002089
:1043F0006815002068150020701500207015002039
:1044000078150020781500208015002080150020E8
:104410008815002088150020901500209015002098
:104420009815002098150020A0150020A015002048
:10443000A8150020A8150020B0150020B0150020F8
:10444000B8150020B8150020C0150020C0150020A8
:10445000C8150020C8150020D0150020D015002058
:10446000D8150020D8150020E0150020E015002008
:10447000E8150020E8150020F0150020F0150020B8
:10448000F8150020F8150020001600200016002066
:104490000816002008160020101600201016002014
:1044A00018160020181600202016002020160020C4
:1044B0002816002028160020301600203016002074
:1044C0003816002038160020401600204016002024
:1044D00048160020481600205016002050160020D4
:1044E0005816002058160020601600206016002084
:1044F0006816002068160020701600207016002034
:1045000078160020781600208016002080160020E3
:104510008816002088160020901600209016002093
:104520009816002098160020B01600200000000009
:1045300000000000081B0020701B0020D81B00207A
:10454000000000000000000000000000000000006B
:10455000000000000000000000000000000000005B
:10456000000000000000000000000000000000004B
:10457000000000000000000000000000000000003B
:10458000000000000000000000000000000000002B
:10459000000000000000000000000000000000001B
:1045A000000000000000000000000000000000000B
:1045B00000000000000000000000000000000000FB
:1045C00000000000000000000100000000000000EA
:1045D0000E33CDAB34126DE6ECDE05000B000000AF
:1045E00000000000000000000000000000000000CB
:1045F00000000000000000000000000000000000BB
:1046000000000000000000000000000000000000AA
:10461000000000000000000000000000000000009A
:10462000000000000000000000000000000000008A
:10463000000000000000000000000000000000007A
:10464000000000000000000000000000000000006A
:10465000000000000000000000000000000000005A
:10466000000000000000000000000000000000004A
:08467000000000000000000042
:04000005100001E9FD
:00000001FF
